{"type":"FeatureCollection", "features": [
{"type":"Feature","geometry":{"type":"Polygon","coordinates":[[[-4.7329,55.525],[-4.7339,55.5279],[-4.7385,55.5281],[-4.7363,55.5256],[-4.7329,55.525]]]},"properties":null,"id":0},
{"type":"Feature","geometry":{"type":"Polygon","coordinates":[[[-1.9828,50.6817],[-1.981,50.6848],[-1.9894,50.684],[-1.9828,50.6817]]]},"properties":null,"id":1},
{"type":"Feature","geometry":{"type":"Polygon","coordinates":[[[-1.0926,50.8153],[-1.0945,50.8194],[-1.0981,50.8202],[-1.1017,50.8137],[-1.0926,50.8153]]]},"properties":null,"id":2},
{"type":"Feature","geometry":{"type":"Polygon","coordinates":[[[-4.4135,53.1391],[-4.4141,53.1332],[-4.4058,53.1404],[-4.4077,53.1438],[-4.4135,53.1391]]]},"properties":null,"id":7},
{"type":"Feature","geometry":{"type":"Polygon","coordinates":[[[-4.6833,53.3132],[-4.6967,53.3075],[-4.6909,53.3004],[-4.6811,53.3007],[-4.6778,53.2983],[-4.679,53.2931],[-4.6883,53.2883],[-4.6838,53.2865],[-4.6863,53.284],[-4.6827,53.2821],[-4.6756,53.2857],[-4.6672,53.2813],[-4.6603,53.2834],[-4.6599,53.2865],[-4.6515,53.2879],[-4.6505,53.2837],[-4.6375,53.2845],[-4.6384,53.2807],[-4.6291,53.2815],[-4.6246,53.2785],[-4.6189,53.2801],[-4.6166,53.2767],[-4.622,53.2754],[-4.6194,53.2728],[-4.6256,53.2695],[-4.6189,53.2665],[-4.6209,53.2628],[-4.615,53.263],[-4.6085,53.2559],[-4.6125,53.2526],[-4.6091,53.2512],[-4.6145,53.2483],[-4.5975,53.2403],[-4.5934,53.2419],[-4.5926,53.2402],[-4.5899,53.2449],[-4.5831,53.2401],[-4.5782,53.2437],[-4.5552,53.2459],[-4.5538,53.248],[-4.561,53.2482],[-4.5646,53.2525],[-4.5591,53.251],[-4.5588,53.2541],[-4.5726,53.2617],[-4.5619,53.264],[-4.5681,53.2664],[-4.5845,53.2633],[-4.5778,53.267],[-4.5797,53.2708],[-4.5763,53.2723],[-4.5891,53.2753],[-4.5937,53.2727],[-4.5943,53.2732],[-4.5939,53.2736],[-4.5933,53.2737],[-4.5943,53.2756],[-4.5974,53.2744],[-4.5932,53.2816],[-4.6044,53.2824],[-4.6073,53.2802],[-4.6077,53.2813],[-4.6056,53.283],[-4.6094,53.2823],[-4.6074,53.2836],[-4.5972,53.2836],[-4.5985,53.2866],[-4.6032,53.2869],[-4.5947,53.2878],[-4.5933,53.2906],[-4.5843,53.2898],[-4.5892,53.2946],[-4.585,53.3011],[-4.5973,53.3057],[-4.6112,53.3028],[-4.6154,53.3059],[-4.6132,53.3083],[-4.6208,53.3127],[-4.6312,53.3078],[-4.6273,53.3143],[-4.6298,53.316],[-4.6481,53.3186],[-4.6437,53.3247],[-4.6283,53.3256],[-4.6194,53.3311],[-4.6289,53.3257],[-4.6406,53.3255],[-4.6432,53.3252],[-4.6491,53.3207],[-4.653,53.3231],[-4.6653,53.3185],[-4.6686,53.3215],[-4.6811,53.3236],[-4.6833,53.3132]]]},"properties":null,"id":8},
{"type":"Feature","geometry":{"type":"Polygon","coordinates":[[[-3.8098,54.8305],[-3.8071,54.8324],[-3.8106,54.8418],[-3.8128,54.8318],[-3.8098,54.8305]]]},"properties":null,"id":9},
{"type":"Feature","geometry":{"type":"Polygon","coordinates":[[[-1.8294,55.6835],[-1.8089,55.6801],[-1.8051,55.6764],[-1.8068,55.6717],[-1.8019,55.6681],[-1.7941,55.6683],[-1.793,55.6706],[-1.7785,55.6679],[-1.7805,55.6863],[-1.7888,55.6849],[-1.7923,55.6888],[-1.7975,55.6871],[-1.801,55.6893],[-1.8127,55.6853],[-1.8244,55.6846],[-1.8446,55.6879],[-1.8539,55.6871],[-1.8522,55.6816],[-1.8454,55.6787],[-1.8396,55.6783],[-1.8294,55.6835]]]},"properties":null,"id":10},
{"type":"Feature","geometry":{"type":"Polygon","coordinates":[[[-2.0174,50.6845],[-2.014,50.6878],[-2.0195,50.6942],[-2.0221,50.6937],[-2.0174,50.6845]]]},"properties":null,"id":11},
{"type":"Feature","geometry":{"type":"Polygon","coordinates":[[[-0.9689,50.8027],[-0.9734,50.8089],[-0.9661,50.8063],[-0.9639,50.8095],[-0.9709,50.8106],[-0.9576,50.8096],[-0.9577,50.8155],[-0.951,50.8238],[-0.9573,50.8313],[-0.9646,50.8309],[-0.9623,50.8323],[-0.9634,50.8333],[-0.9645,50.8338],[-0.9642,50.8315],[-0.9704,50.8308],[-0.9652,50.834],[-0.9669,50.8347],[-0.9687,50.8348],[-0.981,50.83],[-0.9817,50.8321],[-0.9906,50.8265],[-0.9833,50.8212],[-0.9946,50.7983],[-1.0038,50.7941],[-1.0174,50.7952],[-1.0173,50.7924],[-1.0219,50.7937],[-1.0197,50.7957],[-1.0209,50.7958],[-1.0228,50.7955],[-1.0251,50.7959],[-1.0237,50.7883],[-1.0196,50.7843],[-1.0043,50.7855],[-0.939,50.7769],[-0.9359,50.7793],[-0.9378,50.7874],[-0.9415,50.7874],[-0.9374,50.7825],[-0.9431,50.7867],[-0.9425,50.7848],[-0.9583,50.7813],[-0.9614,50.7822],[-0.9512,50.7842],[-0.9522,50.7875],[-0.9576,50.7898],[-0.9673,50.7872],[-0.9679,50.7902],[-0.9629,50.7894],[-0.9554,50.7937],[-0.957,50.7993],[-0.9527,50.801],[-0.9579,50.8045],[-0.9689,50.8027]]]},"properties":null,"id":12},
{"type":"Feature","geometry":{"type":"Polygon","coordinates":[[[-2.2543,49.7288],[-2.2478,49.7329],[-2.2566,49.7313],[-2.2575,49.7299],[-2.2543,49.7288]]]},"properties":null,"id":14},
{"type":"Feature","geometry":{"type":"Polygon","coordinates":[[[-2.1593,49.7293],[-2.1732,49.7286],[-2.1776,49.7328],[-2.1793,49.7289],[-2.185,49.7303],[-2.1885,49.7275],[-2.1861,49.7231],[-2.1934,49.7209],[-2.2033,49.725],[-2.1946,49.7304],[-2.2053,49.7257],[-2.2049,49.7214],[-2.221,49.7203],[-2.2222,49.7159],[-2.2344,49.7095],[-2.2326,49.7022],[-2.2134,49.7014],[-2.2019,49.7063],[-2.1923,49.7067],[-2.1814,49.7148],[-2.1753,49.7147],[-2.1751,49.7214],[-2.1659,49.7218],[-2.1593,49.7293]]]},"properties":null,"id":15},
{"type":"Feature","geometry":{"type":"Polygon","coordinates":[[[-3.1303,56.0274],[-3.1327,56.0328],[-3.1377,56.0369],[-3.1408,56.034],[-3.1303,56.0274]]]},"properties":null,"id":19},
{"type":"Feature","geometry":{"type":"Polygon","coordinates":[[[-3.3012,56.0298],[-3.2956,56.0289],[-3.3026,56.0312],[-3.3084,56.0275],[-3.3012,56.0298]]]},"properties":null,"id":20},
{"type":"Feature","geometry":{"type":"Polygon","coordinates":[[[-2.5628,56.1932],[-2.5678,56.1928],[-2.5572,56.1832],[-2.5445,56.181],[-2.551,56.1832],[-2.5491,56.1851],[-2.5529,56.1874],[-2.5628,56.1932]]]},"properties":null,"id":21},
{"type":"Feature","geometry":{"type":"Polygon","coordinates":[[[-6.0043,57.5167],[-6.0146,57.5144],[-6.0058,57.5123],[-6.0023,57.5079],[-5.9923,57.5065],[-5.9945,57.5109],[-6.0043,57.5167]]]},"properties":null,"id":22},
{"type":"Feature","geometry":{"type":"Polygon","coordinates":[[[-5.5787,57.2621],[-5.5729,57.2637],[-5.5749,57.269],[-5.5808,57.2673],[-5.5758,57.2653],[-5.5789,57.2633],[-5.5734,57.2637],[-5.5787,57.2621]]]},"properties":null,"id":23},
{"type":"Feature","geometry":{"type":"Polygon","coordinates":[[[-5.3488,57.9933],[-5.3446,57.9939],[-5.3494,57.9976],[-5.3522,57.9959],[-5.3488,57.9933]]]},"properties":null,"id":24},
{"type":"Feature","geometry":{"type":"Polygon","coordinates":[[[-5.6231,57.8406],[-5.6337,57.8424],[-5.6341,57.8482],[-5.6416,57.8443],[-5.6441,57.8391],[-5.6383,57.8322],[-5.6174,57.8222],[-5.6025,57.8215],[-5.6014,57.8312],[-5.6231,57.8406]]]},"properties":null,"id":25},
{"type":"Feature","geometry":{"type":"Polygon","coordinates":[[[-5.8021,57.7273],[-5.79,57.7367],[-5.8098,57.7351],[-5.8134,57.7329],[-5.8218,57.7363],[-5.8205,57.7304],[-5.8021,57.7273]]]},"properties":null,"id":26},
{"type":"Feature","geometry":{"type":"Polygon","coordinates":[[[-5.7167,57.7015],[-5.7107,57.7067],[-5.7182,57.7082],[-5.7227,57.7065],[-5.7167,57.7015]]]},"properties":null,"id":27},
{"type":"Feature","geometry":{"type":"Polygon","coordinates":[[[-6.2228,57.6615],[-6.2225,57.6655],[-6.2321,57.6675],[-6.2291,57.6629],[-6.2228,57.6615]]]},"properties":null,"id":28},
{"type":"Feature","geometry":{"type":"Polygon","coordinates":[[[-6.2055,57.6397],[-6.1986,57.6409],[-6.2085,57.6465],[-6.2094,57.6452],[-6.2055,57.6397]]]},"properties":null,"id":29},
{"type":"Feature","geometry":{"type":"Polygon","coordinates":[[[-6.0217,57.4179],[-6.0314,57.4285],[-6.0317,57.4342],[-6.0245,57.4427],[-6.0145,57.4448],[-5.9988,57.4554],[-5.983,57.4793],[-5.9845,57.4845],[-5.9783,57.4946],[-5.9843,57.4962],[-5.9866,57.5033],[-5.9974,57.5067],[-5.9928,57.4997],[-5.9989,57.4949],[-5.9926,57.4937],[-5.999,57.4895],[-6.0114,57.4898],[-6.0153,57.4821],[-6.0207,57.4794],[-6.0199,57.4719],[-6.0302,57.4692],[-6.0116,57.4649],[-6.0187,57.4582],[-6.0177,57.4547],[-6.0268,57.4554],[-6.032,57.4599],[-6.0422,57.4583],[-6.05,57.4626],[-6.0511,57.4606],[-6.0552,57.4626],[-6.0567,57.4593],[-6.0606,57.4595],[-6.0603,57.455],[-6.0649,57.455],[-6.0648,57.45],[-6.0761,57.4435],[-6.0854,57.421],[-6.0799,57.4059],[-6.0827,57.4009],[-6.0754,57.393],[-6.0786,57.3845],[-6.0744,57.3803],[-6.0773,57.3734],[-6.0851,57.3682],[-6.0808,57.3594],[-6.0884,57.3503],[-6.0829,57.3521],[-6.0845,57.3488],[-6.0837,57.3488],[-6.0818,57.3498],[-6.0809,57.3509],[-6.0786,57.3509],[-6.0693,57.3464],[-6.0713,57.3409],[-6.0654,57.3322],[-6.0507,57.3282],[-6.031,57.3329],[-6.0214,57.3327],[-5.9929,57.3583],[-5.993,57.3709],[-6.0005,57.3699],[-6.0107,57.3793],[-6.0186,57.3899],[-6.0217,57.4179]]]},"properties":null,"id":31},
{"type":"Feature","geometry":{"type":"Polygon","coordinates":[[[-4.6811,58.5645],[-4.6665,58.5676],[-4.6666,58.5699],[-4.6857,58.5657],[-4.6811,58.5645]]]},"properties":null,"id":32},
{"type":"Feature","geometry":{"type":"Polygon","coordinates":[[[-4.3482,58.5582],[-4.3432,58.5555],[-4.3511,58.5509],[-4.3429,58.5485],[-4.3363,58.5504],[-4.3371,58.5545],[-4.3307,58.5541],[-4.3273,58.557],[-4.331,58.5585],[-4.3296,58.5612],[-4.3427,58.5588],[-4.3466,58.5601],[-4.3482,58.5582]]]},"properties":null,"id":33},
{"type":"Feature","geometry":{"type":"Polygon","coordinates":[[[-4.3954,58.5336],[-4.3884,58.5359],[-4.3887,58.5418],[-4.3963,58.5371],[-4.3954,58.5336]]]},"properties":null,"id":34},
{"type":"Feature","geometry":{"type":"Polygon","coordinates":[[[-4.7114,58.4764],[-4.7052,58.4819],[-4.7031,58.4871],[-4.7105,58.4847],[-4.7114,58.4764]]]},"properties":null,"id":35},
{"type":"Feature","geometry":{"type":"Polygon","coordinates":[[[-5.079,58.4626],[-5.0761,58.4651],[-5.083,58.4657],[-5.0855,58.4625],[-5.079,58.4626]]]},"properties":null,"id":36},
{"type":"Feature","geometry":{"type":"Polygon","coordinates":[[[-5.1114,58.4031],[-5.1074,58.4018],[-5.1015,58.4038],[-5.1067,58.4058],[-5.1114,58.4031]]]},"properties":null,"id":37},
{"type":"Feature","geometry":{"type":"Polygon","coordinates":[[[-5.0866,58.3955],[-5.0838,58.3982],[-5.0919,58.4003],[-5.0994,58.3987],[-5.091,58.3992],[-5.0866,58.3955]]]},"properties":null,"id":38},
{"type":"Feature","geometry":{"type":"Polygon","coordinates":[[[-5.1665,58.3141],[-5.1736,58.316],[-5.1691,58.3109],[-5.1665,58.3141]]]},"properties":null,"id":39},
{"type":"Feature","geometry":{"type":"Polygon","coordinates":[[[-5.1607,58.3074],[-5.1568,58.3114],[-5.1681,58.3087],[-5.1607,58.3074]]]},"properties":null,"id":40},
{"type":"Feature","geometry":{"type":"Polygon","coordinates":[[[-5.2078,58.287],[-5.203,58.2896],[-5.2028,58.291],[-5.2109,58.29],[-5.2078,58.287]]]},"properties":null,"id":41},
{"type":"Feature","geometry":{"type":"Polygon","coordinates":[[[-5.198,58.2851],[-5.1951,58.2875],[-5.1951,58.2881],[-5.2029,58.2856],[-5.198,58.2851]]]},"properties":null,"id":42},
{"type":"Feature","geometry":{"type":"Polygon","coordinates":[[[-5.2932,58.2494],[-5.2912,58.2518],[-5.2943,58.2534],[-5.298,58.2517],[-5.2932,58.2494]]]},"properties":null,"id":43},
{"type":"Feature","geometry":{"type":"Polygon","coordinates":[[[-5.2411,58.2604],[-5.2482,58.2582],[-5.256,58.2622],[-5.258,58.26],[-5.2622,58.2685],[-5.28,58.2591],[-5.2712,58.2566],[-5.2697,58.2519],[-5.2653,58.2541],[-5.2593,58.2509],[-5.2511,58.2518],[-5.2413,58.2497],[-5.2411,58.2604]]]},"properties":null,"id":44},
{"type":"Feature","geometry":{"type":"Polygon","coordinates":[[[-5.3199,58.1459],[-5.3304,58.1435],[-5.3305,58.1421],[-5.3093,58.1429],[-5.3199,58.1459]]]},"properties":null,"id":45},
{"type":"Feature","geometry":{"type":"Polygon","coordinates":[[[-5.463,58.0436],[-5.4559,58.049],[-5.4598,58.0535],[-5.4671,58.0471],[-5.463,58.0436]]]},"properties":null,"id":46},
{"type":"Feature","geometry":{"type":"Polygon","coordinates":[[[-5.433,58.038],[-5.4234,58.0471],[-5.4347,58.0471],[-5.438,58.0535],[-5.4376,58.0503],[-5.4455,58.0495],[-5.451,58.0424],[-5.4434,58.0382],[-5.433,58.038]]]},"properties":null,"id":47},
{"type":"Feature","geometry":{"type":"Polygon","coordinates":[[[-4.4582,52.8046],[-4.4627,52.8075],[-4.4651,52.8054],[-4.4582,52.8046]]]},"properties":null,"id":52},
{"type":"Feature","geometry":{"type":"Polygon","coordinates":[[[0.6865,51.4225],[0.6666,51.4235],[0.6617,51.4183],[0.6689,51.42],[0.6715,51.4136],[0.676,51.415],[0.6767,51.4195],[0.6827,51.4192],[0.687,51.4144],[0.6865,51.4225]]]},"properties":null,"id":53},
{"type":"Feature","geometry":{"type":"Polygon","coordinates":[[[0.5926,51.5114],[0.6249,51.5164],[0.6273,51.5221],[0.6177,51.5208],[0.617,51.5221],[0.6244,51.522],[0.6215,51.5255],[0.5974,51.5295],[0.5965,51.5335],[0.5756,51.5381],[0.5817,51.5381],[0.5546,51.5409],[0.5552,51.5412],[0.5568,51.5411],[0.5573,51.5416],[0.5577,51.5417],[0.5605,51.5403],[0.5638,51.5416],[0.5579,51.5441],[0.5514,51.5423],[0.5508,51.5427],[0.5566,51.5445],[0.5466,51.5474],[0.5452,51.5442],[0.5408,51.5339],[0.5398,51.5317],[0.539,51.5313],[0.5381,51.5321],[0.5388,51.5329],[0.5396,51.5339],[0.5367,51.5319],[0.5345,51.5304],[0.5237,51.5325],[0.518,51.53],[0.5267,51.5192],[0.5414,51.5201],[0.5535,51.51],[0.5732,51.5078],[0.5855,51.5131],[0.5926,51.5114]]]},"properties":null,"id":54},
{"type":"Feature","geometry":{"type":"Polygon","coordinates":[[[0.8375,51.5851],[0.8363,51.5949],[0.8304,51.5959],[0.8195,51.5946],[0.8088,51.5867],[0.8092,51.5793],[0.8132,51.5769],[0.8142,51.5762],[0.8193,51.5731],[0.8212,51.5652],[0.8236,51.5649],[0.8236,51.5693],[0.8375,51.5851]]]},"properties":null,"id":55},
{"type":"Feature","geometry":{"type":"Polygon","coordinates":[[[0.8566,51.5567],[0.8664,51.5589],[0.8791,51.5688],[0.9187,51.5862],[0.9499,51.6087],[0.9597,51.6206],[0.9401,51.6201],[0.9292,51.6164],[0.9002,51.6136],[0.879,51.6158],[0.8719,51.612],[0.8668,51.5951],[0.8593,51.5925],[0.8386,51.5942],[0.8403,51.5818],[0.8438,51.5833],[0.8465,51.5827],[0.8484,51.5783],[0.8578,51.5773],[0.8634,51.5719],[0.8595,51.5727],[0.8574,51.5763],[0.8477,51.5777],[0.8438,51.5825],[0.833,51.5762],[0.835,51.5695],[0.8359,51.5668],[0.8385,51.5638],[0.841,51.5611],[0.8566,51.5567]]]},"properties":null,"id":56},
{"type":"Feature","geometry":{"type":"Polygon","coordinates":[[[-5.1642,55.7817],[-5.1549,55.7761],[-5.1473,55.7844],[-5.1605,55.8052],[-5.1666,55.8035],[-5.1642,55.7817]]]},"properties":null,"id":57},
{"type":"Feature","geometry":{"type":"Polygon","coordinates":[[[-5.0779,55.522],[-5.0701,55.5118],[-5.0623,55.512],[-5.0601,55.5177],[-5.0655,55.5253],[-5.0768,55.5361],[-5.0849,55.5368],[-5.0894,55.5351],[-5.0872,55.5255],[-5.0779,55.522]]]},"properties":null,"id":58},
{"type":"Feature","geometry":{"type":"Polygon","coordinates":[[[-5.3945,56.0015],[-5.394,56.0042],[-5.3999,55.9993],[-5.3945,56.0015]]]},"properties":null,"id":59},
{"type":"Feature","geometry":{"type":"Polygon","coordinates":[[[-6.5145,55.6778],[-6.5145,55.68],[-6.5183,55.6835],[-6.5215,55.681],[-6.5145,55.6778]]]},"properties":null,"id":60},
{"type":"Feature","geometry":{"type":"Polygon","coordinates":[[[-6.023,55.6647],[-6.0178,55.6694],[-6.0257,55.6687],[-6.023,55.6647]]]},"properties":null,"id":61},
{"type":"Feature","geometry":{"type":"Polygon","coordinates":[[[-6.1264,56.8797],[-6.1309,56.8776],[-6.1347,56.8797],[-6.1263,56.8831],[-6.1268,56.8893],[-6.1201,56.8854],[-6.1168,56.8874],[-6.1187,56.8957],[-6.1118,56.9245],[-6.1189,56.9355],[-6.1381,56.9444],[-6.151,56.942],[-6.1623,56.9363],[-6.1569,56.932],[-6.161,56.9255],[-6.1556,56.9189],[-6.1589,56.9149],[-6.1855,56.9154],[-6.2075,56.9074],[-6.2066,56.8922],[-6.2103,56.8889],[-6.1961,56.884],[-6.1916,56.8797],[-6.1642,56.8721],[-6.1462,56.8735],[-6.1396,56.8715],[-6.1264,56.8797]]]},"properties":null,"id":62},
{"type":"Feature","geometry":{"type":"Polygon","coordinates":[[[-6.2921,57.7229],[-6.2916,57.7261],[-6.2991,57.7298],[-6.3062,57.7269],[-6.3014,57.7231],[-6.2921,57.7229]]]},"properties":null,"id":63},
{"type":"Feature","geometry":{"type":"Polygon","coordinates":[[[-6.229,57.6719],[-6.2319,57.673],[-6.2218,57.666],[-6.229,57.6719]]]},"properties":null,"id":64},
{"type":"Feature","geometry":{"type":"Polygon","coordinates":[[[-6.638,57.5118],[-6.6492,57.5251],[-6.6533,57.5188],[-6.6499,57.5115],[-6.638,57.5118]]]},"properties":null,"id":65},
{"type":"Feature","geometry":{"type":"Polygon","coordinates":[[[-6.6016,57.4535],[-6.6107,57.4524],[-6.6023,57.4483],[-6.6016,57.4535]]]},"properties":null,"id":66},
{"type":"Feature","geometry":{"type":"Polygon","coordinates":[[[-6.6293,57.4438],[-6.6292,57.447],[-6.6354,57.4495],[-6.6345,57.4459],[-6.6293,57.4438]]]},"properties":null,"id":67},
{"type":"Feature","geometry":{"type":"Polygon","coordinates":[[[-6.6202,57.4402],[-6.6239,57.4445],[-6.6195,57.4421],[-6.6201,57.4445],[-6.6284,57.4474],[-6.6248,57.4414],[-6.6202,57.4402]]]},"properties":null,"id":68},
{"type":"Feature","geometry":{"type":"Polygon","coordinates":[[[-6.5294,57.3581],[-6.5255,57.3608],[-6.5221,57.3597],[-6.5225,57.3667],[-6.5268,57.3671],[-6.5318,57.3631],[-6.5294,57.3581]]]},"properties":null,"id":69},
{"type":"Feature","geometry":{"type":"Polygon","coordinates":[[[-6.4932,57.3558],[-6.4881,57.3589],[-6.4956,57.3651],[-6.4982,57.3607],[-6.4932,57.3558]]]},"properties":null,"id":70},
{"type":"Feature","geometry":{"type":"Polygon","coordinates":[[[-6.504,57.3423],[-6.5025,57.339],[-6.5109,57.3381],[-6.5125,57.3313],[-6.4983,57.3333],[-6.4997,57.3298],[-6.4925,57.3304],[-6.4852,57.342],[-6.4894,57.3449],[-6.504,57.3423]]]},"properties":null,"id":71},
{"type":"Feature","geometry":{"type":"Polygon","coordinates":[[[-6.0266,57.4923],[-6.0333,57.4922],[-6.0339,57.4876],[-6.0256,57.4756],[-6.0176,57.489],[-6.0194,57.4929],[-6.0239,57.4966],[-6.0266,57.4923]]]},"properties":null,"id":72},
{"type":"Feature","geometry":{"type":"Polygon","coordinates":[[[-5.7689,55.6541],[-5.7613,55.651],[-5.7616,55.6457],[-5.7453,55.657],[-5.737,55.6579],[-5.7313,55.6616],[-5.7292,55.6673],[-5.7315,55.6693],[-5.7382,55.668],[-5.7365,55.6771],[-5.7329,55.6806],[-5.724,55.6809],[-5.7266,55.6835],[-5.7223,55.6827],[-5.718,55.6851],[-5.7179,55.688],[-5.7265,55.6836],[-5.7343,55.6844],[-5.7279,55.6911],[-5.7314,55.6941],[-5.7214,55.7002],[-5.7264,55.7002],[-5.7257,55.7043],[-5.7319,55.7058],[-5.7304,55.7106],[-5.7144,55.718],[-5.7116,55.7222],[-5.7133,55.7254],[-5.7206,55.725],[-5.7189,55.7281],[-5.7229,55.7297],[-5.7309,55.7236],[-5.7372,55.7253],[-5.7411,55.7238],[-5.7436,55.7179],[-5.734,55.7219],[-5.7377,55.7074],[-5.7426,55.7067],[-5.7457,55.7093],[-5.7487,55.7058],[-5.7454,55.7026],[-5.7744,55.6766],[-5.7709,55.6676],[-5.7678,55.6697],[-5.7639,55.6669],[-5.7603,55.6689],[-5.7689,55.6541]]]},"properties":null,"id":73},
{"type":"Feature","geometry":{"type":"Polygon","coordinates":[[[-5.745,55.6386],[-5.7491,55.6397],[-5.7582,55.6271],[-5.7546,55.6283],[-5.7517,55.626],[-5.745,55.6386]]]},"properties":null,"id":74},
{"type":"Feature","geometry":{"type":"Polygon","coordinates":[[[-5.6486,55.98],[-5.6408,55.9861],[-5.6438,55.985],[-5.6486,55.98]]]},"properties":null,"id":75},
{"type":"Feature","geometry":{"type":"Polygon","coordinates":[[[-5.9357,55.8339],[-5.9321,55.8372],[-5.9289,55.841],[-5.9337,55.8398],[-5.9357,55.8339]]]},"properties":null,"id":76},
{"type":"Feature","geometry":{"type":"Polygon","coordinates":[[[-5.5999,56.0095],[-5.6028,56.0121],[-5.6073,56.0066],[-5.5999,56.0095]]]},"properties":null,"id":77},
{"type":"Feature","geometry":{"type":"Polygon","coordinates":[[[-5.6663,56.239],[-5.6669,56.2368],[-5.6639,56.2338],[-5.6619,56.2388],[-5.6663,56.239]]]},"properties":null,"id":78},
{"type":"Feature","geometry":{"type":"Polygon","coordinates":[[[-5.6335,56.2552],[-5.631,56.2654],[-5.6391,56.2708],[-5.6543,56.2561],[-5.6558,56.2521],[-5.6505,56.2473],[-5.6617,56.2322],[-5.6608,56.226],[-5.6658,56.2188],[-5.6571,56.2171],[-5.6589,56.2122],[-5.6502,56.2089],[-5.6481,56.1949],[-5.6435,56.1909],[-5.635,56.1906],[-5.6325,56.1882],[-5.6286,56.1994],[-5.6356,56.2056],[-5.6333,56.2071],[-5.6298,56.2045],[-5.6312,56.209],[-5.6336,56.2081],[-5.6284,56.216],[-5.6344,56.219],[-5.627,56.2242],[-5.6176,56.2429],[-5.6183,56.2483],[-5.6231,56.2471],[-5.6232,56.2507],[-5.6335,56.2552]]]},"properties":null,"id":79},
{"type":"Feature","geometry":{"type":"Polygon","coordinates":[[[-5.7536,56.2418],[-5.7514,56.2494],[-5.7736,56.2443],[-5.7782,56.2375],[-5.7536,56.2418]]]},"properties":null,"id":80},
{"type":"Feature","geometry":{"type":"Polygon","coordinates":[[[-5.3423,56.6289],[-5.335,56.632],[-5.3375,56.6328],[-5.3356,56.6366],[-5.3423,56.6289]]]},"properties":null,"id":81},
{"type":"Feature","geometry":{"type":"Polygon","coordinates":[[[-5.8272,56.7862],[-5.825,56.7882],[-5.8307,56.789],[-5.8305,56.7874],[-5.8272,56.7862]]]},"properties":null,"id":82},
{"type":"Feature","geometry":{"type":"Polygon","coordinates":[[[-5.8999,56.6694],[-5.8983,56.6715],[-5.9062,56.6719],[-5.8999,56.6694]]]},"properties":null,"id":83},
{"type":"Feature","geometry":{"type":"Polygon","coordinates":[[[-6.3925,56.5135],[-6.3948,56.5089],[-6.3953,56.5106],[-6.3979,56.5093],[-6.3974,56.5052],[-6.3952,56.508],[-6.3909,56.5067],[-6.3884,56.5089],[-6.3925,56.5135]]]},"properties":null,"id":84},
{"type":"Feature","geometry":{"type":"Polygon","coordinates":[[[-6.4268,56.4871],[-6.4341,56.482],[-6.4319,56.4805],[-6.4247,56.4833],[-6.4252,56.4862],[-6.4172,56.4922],[-6.4211,56.4969],[-6.4268,56.4871]]]},"properties":null,"id":85},
{"type":"Feature","geometry":{"type":"Polygon","coordinates":[[[-6.4699,56.4649],[-6.4783,56.4613],[-6.4805,56.456],[-6.4791,56.4561],[-6.474,56.459],[-6.4699,56.4649]]]},"properties":null,"id":86},
{"type":"Feature","geometry":{"type":"Polygon","coordinates":[[[-6.1532,56.4819],[-6.1589,56.4829],[-6.1576,56.4792],[-6.1623,56.4789],[-6.1722,56.4878],[-6.1788,56.4819],[-6.1809,56.4854],[-6.1915,56.4863],[-6.1984,56.4934],[-6.2027,56.4921],[-6.2176,56.4997],[-6.2301,56.501],[-6.2314,56.4945],[-6.2441,56.4978],[-6.2494,56.4965],[-6.269,56.4765],[-6.2658,56.4778],[-6.2597,56.474],[-6.2437,56.4719],[-6.2483,56.4702],[-6.2417,56.4656],[-6.233,56.4691],[-6.2251,56.4679],[-6.2246,56.4711],[-6.218,56.4693],[-6.208,56.4725],[-6.209,56.4624],[-6.2017,56.4642],[-6.2043,56.4602],[-6.1932,56.4602],[-6.1938,56.4635],[-6.1997,56.464],[-6.1882,56.4671],[-6.1595,56.4635],[-6.1533,56.467],[-6.1546,56.4695],[-6.1453,56.4694],[-6.1418,56.4718],[-6.1434,56.476],[-6.1457,56.4772],[-6.1499,56.4747],[-6.1532,56.4819]]]},"properties":null,"id":87},
{"type":"Feature","geometry":{"type":"Polygon","coordinates":[[[-6.2548,56.4953],[-6.2613,56.4934],[-6.2644,56.4955],[-6.2724,56.4896],[-6.2801,56.4978],[-6.3007,56.4972],[-6.2978,56.4932],[-6.3013,56.4898],[-6.3033,56.4929],[-6.3049,56.4899],[-6.3085,56.4907],[-6.3065,56.48],[-6.3031,56.4836],[-6.3015,56.4799],[-6.294,56.4816],[-6.2919,56.4782],[-6.2897,56.4817],[-6.2817,56.4831],[-6.2783,56.474],[-6.2719,56.4777],[-6.2718,56.4821],[-6.261,56.4861],[-6.2548,56.4953]]]},"properties":null,"id":88},
{"type":"Feature","geometry":{"type":"Polygon","coordinates":[[[-6.0762,56.4672],[-6.0813,56.4701],[-6.0905,56.4703],[-6.1007,56.4642],[-6.0857,56.4621],[-6.0762,56.4672]]]},"properties":null,"id":89},
{"type":"Feature","geometry":{"type":"Polygon","coordinates":[[[-6.2557,56.4468],[-6.2493,56.4515],[-6.2595,56.4561],[-6.258,56.4534],[-6.267,56.4557],[-6.2658,56.4482],[-6.2557,56.4468]]]},"properties":null,"id":90},
{"type":"Feature","geometry":{"type":"Polygon","coordinates":[[[-6.1633,56.437],[-6.1618,56.4355],[-6.1629,56.4384],[-6.1509,56.4472],[-6.1646,56.4445],[-6.1633,56.437]]]},"properties":null,"id":91},
{"type":"Feature","geometry":{"type":"Polygon","coordinates":[[[-6.3819,56.3496],[-6.3876,56.3509],[-6.3913,56.3481],[-6.4078,56.3466],[-6.4146,56.3417],[-6.4267,56.3387],[-6.431,56.3333],[-6.4224,56.3287],[-6.422,56.3251],[-6.4368,56.3158],[-6.4438,56.3152],[-6.4405,56.3097],[-6.4218,56.3067],[-6.4071,56.3145],[-6.3849,56.3358],[-6.3819,56.3496]]]},"properties":null,"id":92},
{"type":"Feature","geometry":{"type":"Polygon","coordinates":[[[-6.3568,56.2798],[-6.3521,56.2814],[-6.3548,56.2836],[-6.3577,56.2813],[-6.3568,56.2798]]]},"properties":null,"id":93},
{"type":"Feature","geometry":{"type":"Polygon","coordinates":[[[-6.3562,56.2736],[-6.3493,56.2717],[-6.3448,56.2737],[-6.3468,56.2753],[-6.3562,56.2736]]]},"properties":null,"id":94},
{"type":"Feature","geometry":{"type":"Polygon","coordinates":[[[-6.3677,56.3008],[-6.3763,56.3],[-6.3791,56.2963],[-6.3755,56.295],[-6.3787,56.2931],[-6.3816,56.2944],[-6.3858,56.2898],[-6.3851,56.2873],[-6.3821,56.2891],[-6.3792,56.2861],[-6.374,56.2902],[-6.3697,56.2839],[-6.3593,56.2862],[-6.3543,56.2981],[-6.3677,56.3008]]]},"properties":null,"id":95},
{"type":"Feature","geometry":{"type":"Polygon","coordinates":[[[-6.295,56.267],[-6.2911,56.268],[-6.293,56.2706],[-6.2963,56.2691],[-6.295,56.267]]]},"properties":null,"id":96},
{"type":"Feature","geometry":{"type":"Polygon","coordinates":[[[-5.9317,56.3218],[-5.9106,56.3422],[-5.8923,56.3496],[-5.8907,56.3533],[-5.8809,56.3529],[-5.8775,56.3561],[-5.8665,56.3527],[-5.861,56.3549],[-5.8523,56.3539],[-5.8459,56.3456],[-5.8492,56.3425],[-5.8608,56.3405],[-5.8583,56.3387],[-5.8651,56.3354],[-5.863,56.3329],[-5.8773,56.3249],[-5.8893,56.3217],[-5.8749,56.315],[-5.8434,56.3107],[-5.8328,56.3109],[-5.8281,56.313],[-5.8303,56.3162],[-5.8072,56.32],[-5.7931,56.3261],[-5.7878,56.3257],[-5.7759,56.3335],[-5.7452,56.3421],[-5.7281,56.3542],[-5.7053,56.3616],[-5.6891,56.3783],[-5.6913,56.3828],[-5.7274,56.3825],[-5.7552,56.3704],[-5.786,56.3651],[-5.7932,56.3673],[-5.7678,56.3749],[-5.758,56.3818],[-5.754,56.3942],[-5.7421,56.3914],[-5.7316,56.396],[-5.732,56.4034],[-5.7355,56.4068],[-5.7456,56.4089],[-5.7473,56.4133],[-5.7377,56.4113],[-5.7304,56.4138],[-5.7244,56.4096],[-5.722,56.4146],[-5.7098,56.4138],[-5.7114,56.4063],[-5.7176,56.4043],[-5.7154,56.4001],[-5.7188,56.3954],[-5.7177,56.3906],[-5.7105,56.3875],[-5.685,56.3867],[-5.6796,56.3834],[-5.6674,56.3897],[-5.6639,56.3965],[-5.6672,56.3997],[-5.6612,56.4017],[-5.6528,56.417],[-5.6558,56.4164],[-5.6579,56.4202],[-5.6599,56.4173],[-5.6661,56.4171],[-5.6677,56.4234],[-5.6746,56.4197],[-5.6771,56.4343],[-5.6875,56.4343],[-5.6876,56.4362],[-5.6785,56.4408],[-5.6762,56.4365],[-5.664,56.4327],[-5.6715,56.4289],[-5.6638,56.426],[-5.6602,56.4277],[-5.6553,56.4237],[-5.6504,56.4251],[-5.6457,56.4469],[-5.6514,56.456],[-5.6576,56.4573],[-5.6581,56.4494],[-5.6614,56.4482],[-5.6756,56.4513],[-5.6744,56.454],[-5.6835,56.4519],[-5.6787,56.4612],[-5.6869,56.4634],[-5.6959,56.471],[-5.7009,56.4684],[-5.7082,56.4719],[-5.7126,56.4753],[-5.7094,56.4779],[-5.7182,56.4855],[-5.741,56.482],[-5.7661,56.4889],[-5.7749,56.4959],[-5.7735,56.5001],[-5.7893,56.5073],[-5.7956,56.515],[-5.815,56.5143],[-5.8241,56.5174],[-5.8273,56.507],[-5.8378,56.5092],[-5.849,56.519],[-5.8636,56.5215],[-5.8996,56.5216],[-5.9203,56.5165],[-5.9305,56.5197],[-5.9261,56.521],[-5.94,56.5249],[-5.9512,56.518],[-5.9633,56.5305],[-5.972,56.5312],[-5.9643,56.5329],[-5.9623,56.5391],[-5.9715,56.5468],[-5.9737,56.5582],[-5.98,56.5615],[-5.9805,56.5591],[-5.9884,56.5653],[-5.9877,56.5712],[-5.9837,56.5722],[-5.9894,56.5797],[-6.0005,56.5808],[-6.0123,56.588],[-6.018,56.5978],[-6.0325,56.6103],[-6.0469,56.6155],[-6.0517,56.6118],[-6.0699,56.6212],[-6.0583,56.6281],[-6.0602,56.6346],[-6.0666,56.6386],[-6.0855,56.6385],[-6.1127,56.6439],[-6.1172,56.6466],[-6.1173,56.6531],[-6.1272,56.6561],[-6.1342,56.6501],[-6.1474,56.6531],[-6.1648,56.6454],[-6.1662,56.6418],[-6.1983,56.6424],[-6.1978,56.6391],[-6.2035,56.6351],[-6.1986,56.6321],[-6.2002,56.632],[-6.2053,56.6341],[-6.207,56.636],[-6.2082,56.6355],[-6.1946,56.6238],[-6.2179,56.6343],[-6.223,56.6321],[-6.227,56.6335],[-6.2254,56.624],[-6.229,56.6216],[-6.2242,56.6152],[-6.227,56.6142],[-6.223,56.6087],[-6.2119,56.6032],[-6.2229,56.607],[-6.2243,56.6048],[-6.2165,56.6019],[-6.2096,56.5948],[-6.1874,56.587],[-6.1883,56.5824],[-6.192,56.5863],[-6.1942,56.5845],[-6.2027,56.5864],[-6.2117,56.5955],[-6.2314,56.6047],[-6.232,56.608],[-6.2327,56.6015],[-6.2366,56.6081],[-6.2409,56.6099],[-6.2463,56.6086],[-6.2539,56.6133],[-6.255,56.6115],[-6.2629,56.6139],[-6.2629,56.6048],[-6.2746,56.6028],[-6.2819,56.6068],[-6.2936,56.6071],[-6.3119,56.6014],[-6.3238,56.6062],[-6.3219,56.5957],[-6.3169,56.5924],[-6.3152,56.5771],[-6.3059,56.5761],[-6.2869,56.5811],[-6.2809,56.5804],[-6.2797,56.5774],[-6.2944,56.5709],[-6.2938,56.5687],[-6.3074,56.5601],[-6.3052,56.5585],[-6.3261,56.557],[-6.3369,56.553],[-6.3407,56.5378],[-6.333,56.5334],[-6.3149,56.5323],[-6.3089,56.5285],[-6.2954,56.5291],[-6.2868,56.5235],[-6.264,56.5233],[-6.2612,56.5259],[-6.2254,56.5289],[-6.2211,56.523],[-6.207,56.5211],[-6.1968,56.5147],[-6.192,56.5158],[-6.1867,56.5098],[-6.1823,56.5091],[-6.1813,56.5131],[-6.1719,56.5101],[-6.1756,56.5093],[-6.1741,56.5058],[-6.1488,56.5002],[-6.1496,56.4959],[-6.1379,56.4914],[-6.1459,56.4872],[-6.1444,56.4837],[-6.1467,56.4867],[-6.1513,56.4854],[-6.1501,56.4814],[-6.1432,56.4797],[-6.1432,56.4819],[-6.1397,56.48],[-6.1359,56.482],[-6.1345,56.4773],[-6.1216,56.4721],[-6.1019,56.4793],[-6.0806,56.4793],[-6.0549,56.4872],[-6.0351,56.4883],[-6.0133,56.4999],[-6.0069,56.5003],[-6.0032,56.4973],[-6.001,56.4983],[-5.9953,56.4932],[-5.9956,56.4931],[-5.997,56.4938],[-5.9975,56.4947],[-5.9991,56.4951],[-6.0014,56.498],[-6.0024,56.4972],[-6.0036,56.4972],[-6.0073,56.4997],[-5.9969,56.4889],[-5.9968,56.4825],[-6.0018,56.478],[-6.0087,56.4777],[-6.018,56.4678],[-6.0418,56.4633],[-6.0548,56.4514],[-6.0721,56.4479],[-6.1184,56.4514],[-6.1291,56.4484],[-6.1323,56.4401],[-6.1401,56.4386],[-6.138,56.4308],[-6.1449,56.4276],[-6.1517,56.4185],[-6.1479,56.4182],[-6.1512,56.4131],[-6.1687,56.4035],[-6.1862,56.3984],[-6.206,56.3852],[-6.2094,56.3723],[-6.1962,56.3595],[-6.1717,56.3581],[-6.1446,56.3676],[-6.1347,56.366],[-6.1227,56.3676],[-6.1172,56.3656],[-6.1011,56.3673],[-6.0802,56.3733],[-6.073,56.3792],[-6.0725,56.3839],[-6.0601,56.3811],[-6.0646,56.3762],[-6.0594,56.3759],[-6.04,56.3895],[-6.0228,56.3947],[-6.0152,56.3914],[-6.0033,56.3937],[-5.9951,56.3866],[-5.9891,56.3904],[-5.9847,56.388],[-5.9795,56.3902],[-5.9839,56.3875],[-5.9795,56.3866],[-5.9825,56.3837],[-5.9972,56.3828],[-5.9984,56.385],[-6.001,56.3833],[-6.0004,56.3864],[-6.0028,56.3848],[-6.0102,56.3886],[-6.015,56.3881],[-6.0123,56.3785],[-6.0042,56.3808],[-6.0033,56.3784],[-6.0187,56.3645],[-6.0322,56.3642],[-6.0437,56.3601],[-6.0709,56.3565],[-6.0891,56.3513],[-6.0898,56.3468],[-6.1004,56.346],[-6.1032,56.3423],[-6.1267,56.3446],[-6.1304,56.3468],[-6.1293,56.3417],[-6.1422,56.3398],[-6.142,56.3373],[-6.1576,56.3368],[-6.1778,56.3411],[-6.1856,56.338],[-6.1766,56.3343],[-6.1874,56.3348],[-6.1903,56.3322],[-6.2007,56.3347],[-6.2016,56.3376],[-6.2139,56.3331],[-6.2267,56.3423],[-6.2486,56.3431],[-6.2536,56.3386],[-6.2444,56.3322],[-6.2479,56.3298],[-6.2402,56.3332],[-6.237,56.3304],[-6.2362,56.3275],[-6.2434,56.3236],[-6.2314,56.3173],[-6.2365,56.3157],[-6.244,56.3191],[-6.258,56.3202],[-6.2682,56.318],[-6.2754,56.3229],[-6.2874,56.3219],[-6.2979,56.3244],[-6.2973,56.3251],[-6.2899,56.3244],[-6.2903,56.3269],[-6.286,56.3273],[-6.2799,56.3244],[-6.2674,56.3243],[-6.2733,56.3379],[-6.2787,56.3374],[-6.2851,56.3405],[-6.2866,56.3329],[-6.2945,56.3442],[-6.303,56.345],[-6.3046,56.3413],[-6.3123,56.3446],[-6.3167,56.3425],[-6.3394,56.3478],[-6.3438,56.3445],[-6.3507,56.3476],[-6.3476,56.3443],[-6.3537,56.3453],[-6.3521,56.3434],[-6.3573,56.3437],[-6.3584,56.3399],[-6.3655,56.3375],[-6.369,56.328],[-6.366,56.3259],[-6.3708,56.3261],[-6.3738,56.3207],[-6.3689,56.3136],[-6.377,56.3097],[-6.375,56.3084],[-6.3647,56.3112],[-6.3651,56.3107],[-6.3685,56.3093],[-6.3638,56.3089],[-6.3668,56.3054],[-6.3718,56.3056],[-6.3644,56.3031],[-6.3513,56.3061],[-6.3456,56.3048],[-6.3498,56.3044],[-6.3532,56.2986],[-6.3533,56.2934],[-6.3485,56.2934],[-6.3497,56.2816],[-6.3429,56.2839],[-6.3389,56.2814],[-6.3298,56.2852],[-6.323,56.2822],[-6.3309,56.2787],[-6.3294,56.2718],[-6.3143,56.2689],[-6.3113,56.271],[-6.3065,56.2672],[-6.2991,56.2743],[-6.2855,56.2696],[-6.2811,56.2731],[-6.2773,56.2712],[-6.2716,56.2735],[-6.27,56.272],[-6.2747,56.271],[-6.2691,56.2706],[-6.2751,56.2687],[-6.2712,56.2677],[-6.2731,56.2648],[-6.2668,56.2628],[-6.2648,56.2677],[-6.2587,56.2698],[-6.2624,56.2706],[-6.2546,56.2755],[-6.2518,56.2862],[-6.2454,56.2885],[-6.2348,56.2874],[-6.2303,56.2844],[-6.2262,56.2858],[-6.2262,56.2829],[-6.2217,56.2871],[-6.2189,56.2856],[-6.2153,56.2905],[-6.2068,56.2901],[-6.2071,56.2881],[-6.203,56.2917],[-6.2029,56.2884],[-6.1991,56.292],[-6.199,56.2887],[-6.195,56.2914],[-6.1954,56.2895],[-6.1876,56.2914],[-6.1809,56.2854],[-6.1687,56.2909],[-6.1647,56.2871],[-6.1577,56.2881],[-6.1611,56.2858],[-6.1562,56.2835],[-6.1439,56.289],[-6.1428,56.2842],[-6.1267,56.2966],[-6.0874,56.2974],[-6.0778,56.3026],[-6.0578,56.2921],[-6.0465,56.2921],[-6.005,56.3096],[-5.9863,56.3228],[-5.9556,56.3184],[-5.9317,56.3218]]]},"properties":null,"id":97},
{"type":"Feature","geometry":{"type":"Polygon","coordinates":[[[-5.8842,56.9243],[-5.8911,56.9268],[-5.901,56.9223],[-5.9007,56.9187],[-5.8854,56.9206],[-5.8842,56.9243]]]},"properties":null,"id":98},
{"type":"Feature","geometry":{"type":"Polygon","coordinates":[[[-5.9337,56.9038],[-5.9335,56.9014],[-5.9213,56.904],[-5.9256,56.9054],[-5.9337,56.9038]]]},"properties":null,"id":99},
{"type":"Feature","geometry":{"type":"Polygon","coordinates":[[[-5.821,56.8821],[-5.8195,56.8852],[-5.8246,56.8842],[-5.8222,56.882],[-5.8262,56.8807],[-5.821,56.8821]]]},"properties":null,"id":100},
{"type":"Feature","geometry":{"type":"Polygon","coordinates":[[[-7.2824,57.709],[-7.276,57.716],[-7.289,57.7197],[-7.3003,57.7176],[-7.3014,57.7133],[-7.2962,57.7089],[-7.2993,57.7072],[-7.2952,57.7039],[-7.2798,57.7],[-7.2763,57.7016],[-7.2824,57.709]]]},"properties":null,"id":101},
{"type":"Feature","geometry":{"type":"Polygon","coordinates":[[[-7.0248,57.6999],[-7.0335,57.707],[-7.0409,57.7049],[-7.0368,57.7015],[-7.0248,57.6999]]]},"properties":null,"id":102},
{"type":"Feature","geometry":{"type":"Polygon","coordinates":[[[-7.0122,57.6991],[-7.0105,57.7009],[-7.0156,57.7039],[-7.0184,57.7005],[-7.0122,57.6991]]]},"properties":null,"id":103},
{"type":"Feature","geometry":{"type":"Polygon","coordinates":[[[-7.0171,57.69],[-7.0149,57.6921],[-7.0214,57.6934],[-7.0222,57.6919],[-7.0171,57.69]]]},"properties":null,"id":104},
{"type":"Feature","geometry":{"type":"Polygon","coordinates":[[[-7.0116,57.712],[-7.0041,57.7063],[-6.9989,57.7058],[-7.0035,57.7107],[-7.0116,57.712]]]},"properties":null,"id":105},
{"type":"Feature","geometry":{"type":"Polygon","coordinates":[[[-7.2522,57.6829],[-7.2456,57.6871],[-7.2492,57.6901],[-7.2588,57.6882],[-7.2584,57.685],[-7.2522,57.6829]]]},"properties":null,"id":106},
{"type":"Feature","geometry":{"type":"Polygon","coordinates":[[[-7.0615,57.671],[-7.0619,57.6741],[-7.0642,57.6752],[-7.0668,57.6729],[-7.0615,57.671]]]},"properties":null,"id":107},
{"type":"Feature","geometry":{"type":"Polygon","coordinates":[[[-7.0964,57.67],[-7.1063,57.6752],[-7.1048,57.6724],[-7.1092,57.6698],[-7.0964,57.67]]]},"properties":null,"id":108},
{"type":"Feature","geometry":{"type":"Polygon","coordinates":[[[-7.0903,57.6591],[-7.0865,57.662],[-7.0969,57.6677],[-7.1031,57.664],[-7.0969,57.6594],[-7.0903,57.6591]]]},"properties":null,"id":109},
{"type":"Feature","geometry":{"type":"Polygon","coordinates":[[[-7.3109,57.6612],[-7.2988,57.6619],[-7.2972,57.659],[-7.2849,57.6587],[-7.2842,57.6547],[-7.2803,57.6564],[-7.2838,57.666],[-7.288,57.6676],[-7.2951,57.6638],[-7.3109,57.6612]]]},"properties":null,"id":110},
{"type":"Feature","geometry":{"type":"Polygon","coordinates":[[[-7.4122,57.6662],[-7.4231,57.6611],[-7.4315,57.6607],[-7.433,57.6625],[-7.4335,57.6606],[-7.4389,57.663],[-7.4407,57.6609],[-7.4329,57.6556],[-7.4277,57.6579],[-7.4125,57.6556],[-7.4043,57.6601],[-7.3988,57.6598],[-7.3942,57.6576],[-7.3968,57.655],[-7.3941,57.6536],[-7.3928,57.66],[-7.3757,57.6677],[-7.3954,57.6696],[-7.4013,57.6655],[-7.4122,57.6662]]]},"properties":null,"id":111},
{"type":"Feature","geometry":{"type":"Polygon","coordinates":[[[-7.1441,57.6193],[-7.1403,57.6179],[-7.1494,57.6167],[-7.1346,57.6172],[-7.1441,57.6193]]]},"properties":null,"id":112},
{"type":"Feature","geometry":{"type":"Polygon","coordinates":[[[-7.403,57.5526],[-7.4143,57.5555],[-7.4156,57.5581],[-7.4215,57.5582],[-7.4306,57.5692],[-7.435,57.5691],[-7.438,57.5636],[-7.4268,57.5531],[-7.4127,57.5499],[-7.403,57.5526]]]},"properties":null,"id":113},
{"type":"Feature","geometry":{"type":"Polygon","coordinates":[[[-7.3755,57.5506],[-7.3781,57.5532],[-7.3886,57.5526],[-7.3835,57.5507],[-7.3755,57.5506]]]},"properties":null,"id":114},
{"type":"Feature","geometry":{"type":"Polygon","coordinates":[[[-7.644,57.5348],[-7.6545,57.5329],[-7.6607,57.5259],[-7.67,57.5238],[-7.6793,57.5252],[-7.6779,57.5204],[-7.6723,57.5187],[-7.669,57.5223],[-7.6594,57.5217],[-7.6483,57.5263],[-7.6401,57.5248],[-7.648,57.5303],[-7.644,57.5348]]]},"properties":null,"id":115},
{"type":"Feature","geometry":{"type":"Polygon","coordinates":[[[-7.6313,57.5242],[-7.6384,57.5249],[-7.6371,57.5191],[-7.6317,57.5194],[-7.6313,57.5242]]]},"properties":null,"id":116},
{"type":"Feature","geometry":{"type":"Polygon","coordinates":[[[-7.6214,57.5113],[-7.6149,57.5112],[-7.6115,57.5156],[-7.6078,57.5156],[-7.6126,57.5184],[-7.6105,57.5207],[-7.6019,57.5211],[-7.602,57.533],[-7.6068,57.5332],[-7.6135,57.5274],[-7.6225,57.5268],[-7.6209,57.5236],[-7.627,57.5177],[-7.6245,57.5134],[-7.6198,57.5132],[-7.6214,57.5113]]]},"properties":null,"id":117},
{"type":"Feature","geometry":{"type":"Polygon","coordinates":[[[-7.2689,57.5141],[-7.2494,57.5074],[-7.25,57.5107],[-7.2424,57.5106],[-7.2453,57.5071],[-7.2269,57.5089],[-7.2332,57.5121],[-7.2392,57.5114],[-7.2384,57.5148],[-7.2305,57.5119],[-7.2289,57.5149],[-7.2257,57.5127],[-7.2292,57.5116],[-7.222,57.5082],[-7.2103,57.5092],[-7.2016,57.507],[-7.1982,57.5102],[-7.215,57.5154],[-7.2201,57.5147],[-7.2259,57.5188],[-7.221,57.5175],[-7.2207,57.5185],[-7.2227,57.5198],[-7.2212,57.52],[-7.2092,57.514],[-7.2029,57.5131],[-7.1988,57.5149],[-7.1773,57.5082],[-7.154,57.5109],[-7.149,57.5097],[-7.1479,57.5139],[-7.1635,57.5127],[-7.1651,57.5107],[-7.1695,57.5134],[-7.1469,57.5164],[-7.1473,57.5238],[-7.1391,57.5258],[-7.14,57.5294],[-7.1318,57.5374],[-7.1341,57.5397],[-7.1401,57.5398],[-7.1334,57.5473],[-7.1345,57.5503],[-7.1397,57.5494],[-7.1341,57.5533],[-7.1474,57.5544],[-7.1474,57.5563],[-7.1657,57.5546],[-7.1629,57.5485],[-7.1657,57.5474],[-7.1786,57.5481],[-7.1766,57.5503],[-7.1809,57.5524],[-7.1881,57.5503],[-7.1881,57.5523],[-7.2003,57.5512],[-7.2056,57.5531],[-7.2372,57.5504],[-7.2846,57.5532],[-7.2823,57.5512],[-7.2853,57.5515],[-7.284,57.5491],[-7.2853,57.5479],[-7.2814,57.546],[-7.2843,57.5456],[-7.2909,57.5497],[-7.285,57.5502],[-7.2869,57.5514],[-7.2923,57.5495],[-7.2965,57.5518],[-7.2996,57.5509],[-7.2971,57.549],[-7.3048,57.549],[-7.2986,57.5518],[-7.3065,57.5541],[-7.3018,57.5548],[-7.3064,57.5573],[-7.2999,57.5573],[-7.2996,57.5577],[-7.3023,57.5586],[-7.293,57.5606],[-7.2964,57.5614],[-7.2984,57.568],[-7.2974,57.5678],[-7.2958,57.5665],[-7.2942,57.5619],[-7.2904,57.5621],[-7.2918,57.5589],[-7.2794,57.5594],[-7.2838,57.5575],[-7.2806,57.5577],[-7.279,57.5543],[-7.2702,57.5566],[-7.2791,57.5588],[-7.2696,57.5585],[-7.29,57.5631],[-7.2713,57.5628],[-7.2666,57.567],[-7.2542,57.5641],[-7.2595,57.5701],[-7.2563,57.574],[-7.247,57.5684],[-7.2486,57.5648],[-7.2524,57.5644],[-7.2469,57.5619],[-7.2491,57.5581],[-7.259,57.558],[-7.2558,57.5614],[-7.2567,57.5617],[-7.2616,57.5605],[-7.2592,57.5628],[-7.2627,57.562],[-7.2622,57.5613],[-7.2638,57.5616],[-7.2618,57.5599],[-7.2698,57.5595],[-7.2655,57.5557],[-7.2587,57.5558],[-7.2591,57.5537],[-7.2451,57.5557],[-7.231,57.5541],[-7.2285,57.5562],[-7.2236,57.5555],[-7.2251,57.5593],[-7.2207,57.5566],[-7.2121,57.5588],[-7.2066,57.5577],[-7.212,57.5614],[-7.2239,57.5623],[-7.2221,57.5643],[-7.2073,57.5607],[-7.204,57.5625],[-7.1962,57.5596],[-7.1974,57.5621],[-7.1927,57.5595],[-7.1797,57.5588],[-7.1787,57.56],[-7.1863,57.5599],[-7.1812,57.5623],[-7.1875,57.5662],[-7.1762,57.5629],[-7.1732,57.5631],[-7.1749,57.5654],[-7.1701,57.564],[-7.1642,57.5571],[-7.1453,57.5572],[-7.1255,57.5634],[-7.128,57.5666],[-7.1209,57.5646],[-7.1177,57.5661],[-7.1115,57.5745],[-7.1133,57.5786],[-7.1089,57.5806],[-7.1112,57.5845],[-7.1032,57.5871],[-7.1011,57.5936],[-7.1077,57.5923],[-7.1086,57.5961],[-7.1178,57.5945],[-7.1135,57.5919],[-7.1213,57.5939],[-7.1235,57.59],[-7.1419,57.5917],[-7.1515,57.5863],[-7.1581,57.5889],[-7.1632,57.5877],[-7.1639,57.5924],[-7.1553,57.593],[-7.1572,57.5946],[-7.1679,57.5919],[-7.187,57.5932],[-7.1867,57.5933],[-7.1856,57.5933],[-7.1838,57.5932],[-7.184,57.5937],[-7.1757,57.5935],[-7.1752,57.5941],[-7.1738,57.5935],[-7.17,57.5941],[-7.1816,57.5969],[-7.1824,57.5981],[-7.1754,57.5977],[-7.1802,57.5992],[-7.1642,57.597],[-7.178,57.6032],[-7.1738,57.6017],[-7.1724,57.6042],[-7.1687,57.6032],[-7.1723,57.601],[-7.155,57.596],[-7.1585,57.5981],[-7.1561,57.5991],[-7.1601,57.5993],[-7.1585,57.6016],[-7.1631,57.6019],[-7.1541,57.6054],[-7.1537,57.6086],[-7.1664,57.6076],[-7.1768,57.6115],[-7.1755,57.6093],[-7.1721,57.6094],[-7.1747,57.6078],[-7.1825,57.6115],[-7.1723,57.6125],[-7.1715,57.6146],[-7.1648,57.6115],[-7.157,57.612],[-7.1588,57.6105],[-7.1638,57.6105],[-7.1626,57.6087],[-7.1537,57.6099],[-7.1557,57.6122],[-7.1523,57.613],[-7.178,57.617],[-7.191,57.6146],[-7.1887,57.6166],[-7.1932,57.6178],[-7.1837,57.6178],[-7.1916,57.6206],[-7.2013,57.6188],[-7.1979,57.62],[-7.2036,57.6205],[-7.2037,57.6225],[-7.1925,57.6257],[-7.1939,57.6286],[-7.1884,57.6314],[-7.1934,57.6345],[-7.2,57.6328],[-7.199,57.6354],[-7.2152,57.6357],[-7.2103,57.6368],[-7.2188,57.6387],[-7.2175,57.641],[-7.2102,57.6391],[-7.2078,57.6409],[-7.2154,57.6418],[-7.1995,57.6404],[-7.1945,57.6422],[-7.1908,57.6405],[-7.1904,57.643],[-7.2017,57.6426],[-7.2046,57.6445],[-7.1887,57.6435],[-7.1859,57.6446],[-7.1886,57.6463],[-7.1753,57.6443],[-7.1732,57.6415],[-7.1722,57.6433],[-7.1686,57.642],[-7.1678,57.6446],[-7.1614,57.6392],[-7.1657,57.6369],[-7.1752,57.6396],[-7.1656,57.6361],[-7.1698,57.6339],[-7.1607,57.6319],[-7.1636,57.6345],[-7.1515,57.6333],[-7.1595,57.6329],[-7.1418,57.6277],[-7.1264,57.6297],[-7.1202,57.6326],[-7.1224,57.6348],[-7.1167,57.6342],[-7.1121,57.6312],[-7.1325,57.6256],[-7.1225,57.6229],[-7.1247,57.6211],[-7.1204,57.6172],[-7.1002,57.6079],[-7.091,57.6151],[-7.0899,57.6214],[-7.0835,57.6235],[-7.0631,57.6403],[-7.075,57.6489],[-7.0774,57.6466],[-7.0841,57.6459],[-7.0812,57.6472],[-7.0864,57.6483],[-7.0848,57.6468],[-7.0936,57.6468],[-7.093,57.6509],[-7.0987,57.6513],[-7.0955,57.6518],[-7.0971,57.6542],[-7.1013,57.6547],[-7.098,57.6566],[-7.1161,57.6623],[-7.123,57.6583],[-7.1192,57.6587],[-7.1126,57.6542],[-7.1038,57.6549],[-7.1067,57.6525],[-7.0991,57.6509],[-7.1033,57.6505],[-7.1,57.6488],[-7.1179,57.648],[-7.1382,57.6394],[-7.1387,57.6405],[-7.134,57.6419],[-7.1412,57.6486],[-7.1347,57.6506],[-7.1501,57.6495],[-7.1558,57.6538],[-7.1634,57.6546],[-7.1677,57.6509],[-7.1529,57.6502],[-7.1765,57.6502],[-7.1728,57.648],[-7.1677,57.6473],[-7.1657,57.6488],[-7.1662,57.6462],[-7.173,57.6477],[-7.1721,57.6448],[-7.1815,57.6499],[-7.1842,57.6483],[-7.1767,57.6465],[-7.1844,57.646],[-7.1905,57.6487],[-7.1862,57.6535],[-7.1926,57.6575],[-7.214,57.6572],[-7.2101,57.6584],[-7.2116,57.6603],[-7.1883,57.6578],[-7.1867,57.6593],[-7.1817,57.657],[-7.1644,57.6587],[-7.1846,57.6612],[-7.1724,57.6609],[-7.1803,57.6635],[-7.1713,57.6668],[-7.1749,57.6675],[-7.1738,57.6695],[-7.1667,57.6679],[-7.1663,57.6639],[-7.1611,57.6646],[-7.1637,57.668],[-7.159,57.6682],[-7.156,57.6767],[-7.1644,57.6759],[-7.1641,57.6793],[-7.1827,57.6812],[-7.1669,57.6822],[-7.1753,57.6828],[-7.1777,57.6867],[-7.1899,57.6878],[-7.195,57.6909],[-7.1937,57.6936],[-7.1862,57.6941],[-7.1925,57.6976],[-7.1821,57.7028],[-7.1791,57.7014],[-7.1775,57.7106],[-7.1662,57.7115],[-7.1727,57.7193],[-7.1647,57.7214],[-7.1556,57.7166],[-7.1508,57.7188],[-7.1531,57.7258],[-7.1444,57.7287],[-7.1447,57.7317],[-7.1616,57.7387],[-7.1998,57.7344],[-7.2133,57.7157],[-7.2287,57.7067],[-7.2268,57.7045],[-7.1991,57.7023],[-7.1957,57.7033],[-7.2029,57.7075],[-7.1938,57.7099],[-7.1902,57.7053],[-7.1828,57.703],[-7.1929,57.6976],[-7.2012,57.6965],[-7.2105,57.6845],[-7.208,57.683],[-7.2118,57.6839],[-7.2098,57.6874],[-7.2192,57.6908],[-7.2233,57.6861],[-7.2378,57.6806],[-7.2441,57.6719],[-7.2776,57.6642],[-7.2649,57.658],[-7.2453,57.6571],[-7.2429,57.6558],[-7.2466,57.6533],[-7.2482,57.6561],[-7.2641,57.6559],[-7.2643,57.6538],[-7.2538,57.6527],[-7.2689,57.6475],[-7.278,57.6535],[-7.2865,57.6527],[-7.2873,57.6509],[-7.2831,57.6516],[-7.279,57.6485],[-7.2809,57.647],[-7.2862,57.6482],[-7.2819,57.6446],[-7.2854,57.6411],[-7.2932,57.6421],[-7.2896,57.6475],[-7.295,57.6484],[-7.2887,57.6498],[-7.2922,57.6533],[-7.3085,57.6544],[-7.3157,57.6514],[-7.3193,57.6526],[-7.3106,57.6547],[-7.3138,57.658],[-7.3323,57.6562],[-7.3297,57.6572],[-7.3374,57.661],[-7.3341,57.6658],[-7.3219,57.6731],[-7.3167,57.6684],[-7.3184,57.6719],[-7.3254,57.6794],[-7.3237,57.6827],[-7.3096,57.6867],[-7.3149,57.6939],[-7.3231,57.6896],[-7.3231,57.6852],[-7.3345,57.683],[-7.335,57.6796],[-7.3443,57.6805],[-7.3461,57.6789],[-7.3388,57.6786],[-7.3353,57.6748],[-7.3405,57.668],[-7.3557,57.6622],[-7.3755,57.6587],[-7.3696,57.652],[-7.3737,57.6454],[-7.3783,57.6454],[-7.3741,57.6401],[-7.3829,57.6349],[-7.3801,57.6324],[-7.3949,57.6376],[-7.4163,57.6393],[-7.4092,57.6432],[-7.4214,57.6476],[-7.421,57.6525],[-7.4286,57.6528],[-7.4238,57.65],[-7.4402,57.6533],[-7.4495,57.6632],[-7.4556,57.6623],[-7.4549,57.6599],[-7.4608,57.658],[-7.4725,57.6624],[-7.4838,57.6629],[-7.4818,57.6608],[-7.4868,57.6608],[-7.4842,57.6599],[-7.4946,57.6592],[-7.4857,57.6506],[-7.4926,57.6514],[-7.4897,57.6471],[-7.4945,57.6456],[-7.4968,57.6393],[-7.5036,57.6384],[-7.4976,57.6324],[-7.5018,57.627],[-7.5072,57.6258],[-7.5116,57.6279],[-7.5141,57.6234],[-7.5196,57.6248],[-7.5266,57.6226],[-7.5143,57.6191],[-7.5155,57.612],[-7.5228,57.6105],[-7.5184,57.6081],[-7.5204,57.6048],[-7.5309,57.6025],[-7.5355,57.6108],[-7.5491,57.6031],[-7.5466,57.5993],[-7.5405,57.6009],[-7.5334,57.5994],[-7.5246,57.5882],[-7.5206,57.591],[-7.5114,57.5896],[-7.5043,57.5852],[-7.5065,57.5826],[-7.4909,57.5855],[-7.4965,57.5909],[-7.4935,57.5947],[-7.4889,57.5904],[-7.4832,57.5906],[-7.484,57.59],[-7.4874,57.5898],[-7.4856,57.5852],[-7.4926,57.5849],[-7.4938,57.5825],[-7.4839,57.5738],[-7.4832,57.5681],[-7.4644,57.5652],[-7.4567,57.5691],[-7.4436,57.57],[-7.4298,57.5784],[-7.4297,57.5809],[-7.4384,57.5826],[-7.4405,57.5875],[-7.4248,57.5838],[-7.4275,57.5826],[-7.419,57.5804],[-7.4195,57.5779],[-7.4113,57.5792],[-7.4148,57.5779],[-7.4116,57.576],[-7.414,57.574],[-7.4087,57.5706],[-7.4048,57.5712],[-7.4,57.5664],[-7.3908,57.5665],[-7.3923,57.5636],[-7.3813,57.5639],[-7.3763,57.5599],[-7.3573,57.5541],[-7.3376,57.555],[-7.3345,57.5528],[-7.337,57.5513],[-7.3403,57.5509],[-7.341,57.553],[-7.3562,57.5505],[-7.3442,57.5428],[-7.353,57.5409],[-7.3582,57.5432],[-7.3593,57.5394],[-7.3613,57.5402],[-7.3606,57.5424],[-7.3722,57.5404],[-7.3649,57.5442],[-7.3674,57.549],[-7.3825,57.5461],[-7.3861,57.5371],[-7.3995,57.5403],[-7.404,57.5442],[-7.4018,57.5513],[-7.4057,57.5473],[-7.4046,57.5432],[-7.3753,57.5195],[-7.369,57.502],[-7.3583,57.4978],[-7.3541,57.4973],[-7.3527,57.502],[-7.3571,57.5054],[-7.3489,57.5145],[-7.3584,57.5248],[-7.3438,57.5307],[-7.3521,57.5409],[-7.3445,57.5418],[-7.3363,57.5353],[-7.3251,57.5344],[-7.3245,57.5286],[-7.317,57.524],[-7.3178,57.5216],[-7.3252,57.5221],[-7.3259,57.5243],[-7.3258,57.5214],[-7.3208,57.5218],[-7.3252,57.5206],[-7.328,57.5142],[-7.3203,57.5098],[-7.3048,57.5084],[-7.3014,57.5131],[-7.2975,57.5112],[-7.3107,57.5188],[-7.3103,57.5213],[-7.2932,57.5122],[-7.2853,57.5138],[-7.2913,57.5161],[-7.2838,57.5141],[-7.2773,57.516],[-7.2681,57.5105],[-7.2821,57.5092],[-7.2655,57.5081],[-7.2699,57.5055],[-7.2657,57.505],[-7.264,57.506],[-7.263,57.5028],[-7.2617,57.5071],[-7.277,57.5176],[-7.2668,57.5169],[-7.2681,57.5207],[-7.274,57.5205],[-7.2671,57.5227],[-7.2624,57.5177],[-7.2689,57.5141]]]},"properties":null,"id":118},
{"type":"Feature","geometry":{"type":"Polygon","coordinates":[[[-7.3312,57.4884],[-7.3403,57.4917],[-7.3404,57.4877],[-7.3312,57.4884]]]},"properties":null,"id":119},
{"type":"Feature","geometry":{"type":"Polygon","coordinates":[[[-7.1939,57.4811],[-7.1995,57.4841],[-7.2026,57.4823],[-7.1986,57.4805],[-7.1939,57.4811]]]},"properties":null,"id":120},
{"type":"Feature","geometry":{"type":"Polygon","coordinates":[[[-7.189,57.4748],[-7.1938,57.4735],[-7.1918,57.4716],[-7.186,57.4729],[-7.1804,57.4688],[-7.1685,57.474],[-7.1681,57.4787],[-7.1744,57.4813],[-7.1641,57.4801],[-7.1591,57.4828],[-7.1605,57.4873],[-7.1644,57.4855],[-7.1668,57.4877],[-7.1753,57.4873],[-7.1659,57.4894],[-7.1722,57.4909],[-7.1702,57.4926],[-7.1657,57.4913],[-7.1613,57.4926],[-7.1652,57.4939],[-7.1602,57.4943],[-7.1633,57.496],[-7.1702,57.4965],[-7.1659,57.5005],[-7.169,57.5021],[-7.1816,57.5026],[-7.1898,57.5],[-7.1958,57.5015],[-7.1949,57.4984],[-7.1868,57.4987],[-7.1795,57.4953],[-7.1775,57.4909],[-7.2044,57.4981],[-7.2034,57.4895],[-7.2076,57.4899],[-7.2013,57.4886],[-7.2046,57.4869],[-7.202,57.4856],[-7.1947,57.4863],[-7.1935,57.4829],[-7.1903,57.485],[-7.189,57.4748]]]},"properties":null,"id":121},
{"type":"Feature","geometry":{"type":"Polygon","coordinates":[[[-7.2479,57.5018],[-7.2421,57.5007],[-7.2394,57.5032],[-7.2322,57.5008],[-7.2314,57.5032],[-7.2557,57.5061],[-7.2484,57.5012],[-7.2633,57.5003],[-7.2632,57.5026],[-7.2639,57.5003],[-7.276,57.4988],[-7.2662,57.4906],[-7.2562,57.4911],[-7.2627,57.4906],[-7.2618,57.4888],[-7.2499,57.484],[-7.2536,57.4823],[-7.2504,57.4804],[-7.241,57.479],[-7.2363,57.4806],[-7.2398,57.4819],[-7.2357,57.4839],[-7.2396,57.485],[-7.2326,57.4855],[-7.2286,57.4819],[-7.2303,57.4794],[-7.2142,57.4775],[-7.2135,57.4768],[-7.2256,57.4788],[-7.2117,57.4741],[-7.2084,57.4751],[-7.2145,57.4761],[-7.201,57.4753],[-7.2094,57.4792],[-7.2039,57.4807],[-7.204,57.4842],[-7.209,57.4849],[-7.206,57.4854],[-7.222,57.4887],[-7.2155,57.4883],[-7.2227,57.4932],[-7.2172,57.4923],[-7.2169,57.4991],[-7.2245,57.5007],[-7.2234,57.4973],[-7.2315,57.4979],[-7.2375,57.5011],[-7.238,57.4967],[-7.2479,57.5018]]]},"properties":null,"id":122},
{"type":"Feature","geometry":{"type":"Polygon","coordinates":[[[-7.2564,57.4738],[-7.2607,57.4769],[-7.258,57.4783],[-7.2641,57.4777],[-7.2732,57.4823],[-7.2807,57.4813],[-7.2736,57.4778],[-7.2757,57.4764],[-7.2831,57.4801],[-7.2872,57.4796],[-7.2848,57.4782],[-7.2936,57.481],[-7.2962,57.4777],[-7.2972,57.4812],[-7.2865,57.4832],[-7.2905,57.4848],[-7.2932,57.4828],[-7.2987,57.4861],[-7.307,57.484],[-7.3092,57.4794],[-7.3176,57.4813],[-7.3194,57.4797],[-7.3288,57.4798],[-7.3308,57.4817],[-7.3366,57.4802],[-7.3294,57.484],[-7.3373,57.4853],[-7.3471,57.4842],[-7.3448,57.4939],[-7.3676,57.4921],[-7.3724,57.4798],[-7.3784,57.4749],[-7.4056,57.4726],[-7.412,57.4645],[-7.401,57.4609],[-7.4033,57.4555],[-7.4104,57.4558],[-7.4105,57.4519],[-7.3954,57.4418],[-7.392,57.4224],[-7.3857,57.4243],[-7.3581,57.4192],[-7.3567,57.4219],[-7.3461,57.418],[-7.3443,57.4213],[-7.3409,57.4204],[-7.3384,57.4168],[-7.3425,57.4158],[-7.3371,57.4116],[-7.3344,57.4095],[-7.3197,57.4053],[-7.3165,57.401],[-7.3045,57.3988],[-7.3013,57.4003],[-7.3098,57.4056],[-7.3041,57.4054],[-7.3029,57.4077],[-7.2935,57.4049],[-7.297,57.4076],[-7.2902,57.4065],[-7.294,57.4078],[-7.2899,57.4083],[-7.2938,57.4097],[-7.2911,57.4099],[-7.2759,57.4016],[-7.2629,57.399],[-7.273,57.4072],[-7.3024,57.4125],[-7.3076,57.4164],[-7.2965,57.4156],[-7.2793,57.4096],[-7.2656,57.409],[-7.2397,57.4016],[-7.2336,57.4042],[-7.2417,57.4075],[-7.2392,57.4094],[-7.2542,57.4121],[-7.2175,57.4084],[-7.2131,57.4117],[-7.2103,57.4101],[-7.2002,57.4123],[-7.1978,57.4138],[-7.238,57.4136],[-7.2284,57.4144],[-7.2322,57.4166],[-7.2295,57.416],[-7.2271,57.4141],[-7.2062,57.4156],[-7.2019,57.4179],[-7.2101,57.4229],[-7.224,57.4264],[-7.2016,57.4243],[-7.2076,57.4265],[-7.2043,57.4274],[-7.2083,57.4284],[-7.2037,57.4288],[-7.2155,57.4362],[-7.2258,57.4348],[-7.2451,57.4379],[-7.2473,57.4359],[-7.2431,57.4333],[-7.2371,57.4344],[-7.23,57.431],[-7.2345,57.4296],[-7.2437,57.4327],[-7.2494,57.4313],[-7.2477,57.4294],[-7.2638,57.4375],[-7.2836,57.438],[-7.2643,57.4398],[-7.2782,57.447],[-7.2761,57.4474],[-7.2675,57.4458],[-7.2657,57.4508],[-7.2704,57.4527],[-7.2646,57.452],[-7.2513,57.4423],[-7.2527,57.448],[-7.2499,57.4491],[-7.2464,57.4462],[-7.249,57.4454],[-7.2438,57.4458],[-7.2545,57.4525],[-7.2505,57.4536],[-7.2517,57.4593],[-7.2431,57.4472],[-7.2374,57.4471],[-7.2361,57.4493],[-7.2345,57.4483],[-7.2355,57.4455],[-7.2272,57.4445],[-7.2181,57.4461],[-7.2417,57.451],[-7.2428,57.453],[-7.2365,57.4542],[-7.2434,57.4578],[-7.2382,57.4581],[-7.2451,57.4607],[-7.2385,57.4594],[-7.2357,57.462],[-7.2237,57.4574],[-7.2195,57.4582],[-7.2218,57.4596],[-7.2066,57.4581],[-7.2137,57.4615],[-7.207,57.4615],[-7.2149,57.4656],[-7.217,57.4634],[-7.2169,57.4665],[-7.2289,57.4706],[-7.2335,57.4693],[-7.2305,57.4658],[-7.2358,57.4646],[-7.2342,57.463],[-7.2436,57.4647],[-7.2409,57.4654],[-7.2461,57.4667],[-7.2411,57.4669],[-7.2486,57.4716],[-7.2379,57.4713],[-7.2484,57.4766],[-7.255,57.475],[-7.2479,57.4698],[-7.2559,57.4683],[-7.2485,57.4602],[-7.2561,57.4634],[-7.2558,57.4667],[-7.257,57.4662],[-7.2565,57.4653],[-7.2635,57.467],[-7.2669,57.4633],[-7.2699,57.4682],[-7.2759,57.466],[-7.2827,57.4727],[-7.2743,57.4727],[-7.2757,57.4762],[-7.2706,57.4767],[-7.2702,57.4723],[-7.2564,57.4738]]]},"properties":null,"id":123},
{"type":"Feature","geometry":{"type":"Polygon","coordinates":[[[-7.2747,57.4873],[-7.2693,57.4887],[-7.2758,57.49],[-7.2782,57.4889],[-7.2747,57.4873]]]},"properties":null,"id":124},
{"type":"Feature","geometry":{"type":"Polygon","coordinates":[[[-7.1914,57.4559],[-7.1892,57.4576],[-7.1842,57.4546],[-7.1904,57.4592],[-7.1914,57.4559]]]},"properties":null,"id":125},
{"type":"Feature","geometry":{"type":"Polygon","coordinates":[[[-7.1966,57.4326],[-7.2006,57.4349],[-7.2048,57.4345],[-7.2024,57.4324],[-7.1966,57.4326]]]},"properties":null,"id":126},
{"type":"Feature","geometry":{"type":"Polygon","coordinates":[[[-7.3365,57.409],[-7.3371,57.4116],[-7.3469,57.4143],[-7.3442,57.4109],[-7.3365,57.409]]]},"properties":null,"id":127},
{"type":"Feature","geometry":{"type":"Polygon","coordinates":[[[-7.2515,57.3979],[-7.25,57.3958],[-7.2398,57.393],[-7.2426,57.3986],[-7.2515,57.3979]]]},"properties":null,"id":128},
{"type":"Feature","geometry":{"type":"Polygon","coordinates":[[[-7.1894,57.3943],[-7.1873,57.398],[-7.1974,57.4018],[-7.1942,57.4021],[-7.1904,57.4113],[-7.2182,57.4058],[-7.2234,57.4023],[-7.2209,57.3995],[-7.2251,57.4],[-7.2204,57.3978],[-7.2234,57.3973],[-7.2276,57.3983],[-7.2248,57.3964],[-7.2277,57.3971],[-7.2273,57.3944],[-7.2341,57.3917],[-7.2248,57.3872],[-7.2088,57.3856],[-7.2054,57.3866],[-7.2079,57.3885],[-7.2205,57.3885],[-7.216,57.3922],[-7.2063,57.3918],[-7.2031,57.3889],[-7.1989,57.3931],[-7.1922,57.3944],[-7.1935,57.3961],[-7.1894,57.3943]]]},"properties":null,"id":129},
{"type":"Feature","geometry":{"type":"Polygon","coordinates":[[[-7.2297,57.3853],[-7.232,57.3872],[-7.2397,57.3863],[-7.2378,57.3853],[-7.2297,57.3853]]]},"properties":null,"id":130},
{"type":"Feature","geometry":{"type":"Polygon","coordinates":[[[-7.3599,57.0788],[-7.3588,57.0813],[-7.3687,57.0809],[-7.3655,57.0781],[-7.3599,57.0788]]]},"properties":null,"id":131},
{"type":"Feature","geometry":{"type":"Polygon","coordinates":[[[-7.3174,57.0986],[-7.3119,57.0892],[-7.3142,57.0801],[-7.3054,57.0722],[-7.31,57.0712],[-7.3106,57.0614],[-7.2921,57.0524],[-7.2817,57.0573],[-7.285,57.0609],[-7.2777,57.0622],[-7.2994,57.0671],[-7.2855,57.066],[-7.2777,57.0677],[-7.2804,57.073],[-7.2722,57.0767],[-7.2769,57.079],[-7.2726,57.0795],[-7.2745,57.0833],[-7.2699,57.085],[-7.2684,57.0909],[-7.2764,57.09],[-7.2793,57.0918],[-7.289,57.0891],[-7.2937,57.0911],[-7.3009,57.086],[-7.3116,57.0897],[-7.3174,57.0986]]]},"properties":null,"id":132},
{"type":"Feature","geometry":{"type":"Polygon","coordinates":[[[-7.3021,57.0419],[-7.2974,57.0427],[-7.2993,57.0466],[-7.3039,57.0463],[-7.3021,57.0419]]]},"properties":null,"id":133},
{"type":"Feature","geometry":{"type":"Polygon","coordinates":[[[-7.3211,57.015],[-7.3277,57.024],[-7.3255,57.0266],[-7.3443,57.0211],[-7.3311,57.018],[-7.3264,57.0137],[-7.3211,57.015]]]},"properties":null,"id":134},
{"type":"Feature","geometry":{"type":"Polygon","coordinates":[[[-7.3638,57.0138],[-7.3541,57.0096],[-7.3476,57.0113],[-7.3292,57.0067],[-7.3294,57.0135],[-7.334,57.0136],[-7.3331,57.01],[-7.3375,57.0109],[-7.3364,57.0153],[-7.3445,57.0187],[-7.3555,57.0184],[-7.3638,57.0138]]]},"properties":null,"id":136},
{"type":"Feature","geometry":{"type":"Polygon","coordinates":[[[-7.4375,56.9162],[-7.4378,56.9216],[-7.4512,56.9212],[-7.4461,56.9105],[-7.4375,56.9162]]]},"properties":null,"id":137},
{"type":"Feature","geometry":{"type":"Polygon","coordinates":[[[-7.5641,56.8544],[-7.5582,56.8545],[-7.5488,56.8483],[-7.5549,56.8553],[-7.5788,56.8621],[-7.5835,56.8579],[-7.5935,56.8597],[-7.5938,56.8563],[-7.5888,56.8554],[-7.5935,56.8547],[-7.5983,56.8494],[-7.5885,56.8476],[-7.5821,56.8489],[-7.5832,56.8503],[-7.5687,56.8473],[-7.5641,56.8544]]]},"properties":null,"id":138},
{"type":"Feature","geometry":{"type":"Polygon","coordinates":[[[-6.9745,57.9443],[-6.9784,57.9465],[-6.9834,57.9442],[-6.9785,57.9418],[-6.9745,57.9443]]]},"properties":null,"id":139},
{"type":"Feature","geometry":{"type":"Polygon","coordinates":[[[-6.971,57.9435],[-6.9731,57.9407],[-6.9677,57.9399],[-6.9647,57.9354],[-6.9675,57.9348],[-6.9575,57.9334],[-6.961,57.9399],[-6.971,57.9435]]]},"properties":null,"id":140},
{"type":"Feature","geometry":{"type":"Polygon","coordinates":[[[-6.5869,58.0533],[-6.6136,58.051],[-6.6215,58.0469],[-6.6285,58.0473],[-6.6244,58.0502],[-6.6329,58.0547],[-6.6484,58.0556],[-6.665,58.0531],[-6.6643,58.0425],[-6.6724,58.0366],[-6.6804,58.0376],[-6.6881,58.0341],[-6.6912,58.0276],[-6.7124,58.0129],[-6.7136,58.0055],[-6.7044,57.9936],[-6.7126,57.984],[-6.7088,57.9676],[-6.7015,57.9656],[-6.7036,57.9632],[-6.6998,57.959],[-6.6976,57.9618],[-6.6923,57.9594],[-6.6742,57.9351],[-6.6557,57.9199],[-6.6468,57.9172],[-6.6447,57.9246],[-6.6324,57.922],[-6.6338,57.9279],[-6.6273,57.9241],[-6.6241,57.917],[-6.6132,57.9154],[-6.6065,57.9173],[-6.6133,57.921],[-6.6145,57.9279],[-6.6261,57.9336],[-6.6229,57.9362],[-6.625,57.94],[-6.6425,57.9559],[-6.6457,57.9634],[-6.619,57.9482],[-6.6132,57.951],[-6.6092,57.9499],[-6.6138,57.9441],[-6.6016,57.9301],[-6.5935,57.9257],[-6.5971,57.9234],[-6.5894,57.9213],[-6.5846,57.9147],[-6.5762,57.9165],[-6.5767,57.911],[-6.5722,57.9097],[-6.5691,57.9133],[-6.575,57.9201],[-6.5729,57.9248],[-6.5666,57.9231],[-6.5668,57.9198],[-6.5703,57.92],[-6.564,57.9147],[-6.5662,57.9197],[-6.564,57.9199],[-6.5577,57.9152],[-6.5572,57.917],[-6.5522,57.9157],[-6.552,57.9183],[-6.5438,57.9162],[-6.5378,57.919],[-6.5399,57.9313],[-6.5498,57.9402],[-6.545,57.945],[-6.5492,57.9582],[-6.5407,57.9425],[-6.5378,57.9401],[-6.5358,57.9424],[-6.5269,57.939],[-6.5285,57.9341],[-6.525,57.935],[-6.5187,57.927],[-6.5098,57.9306],[-6.5012,57.9406],[-6.4921,57.9379],[-6.483,57.9372],[-6.4818,57.94],[-6.4715,57.9377],[-6.4672,57.9419],[-6.4684,57.9612],[-6.4605,57.9604],[-6.449,57.9656],[-6.4547,57.9708],[-6.4484,57.9783],[-6.4574,57.985],[-6.4544,57.9891],[-6.451,57.9888],[-6.4522,57.9899],[-6.4558,57.9904],[-6.4554,57.9935],[-6.4717,58.0006],[-6.5017,58.0016],[-6.5074,57.9982],[-6.5109,58.0003],[-6.5176,57.9986],[-6.5446,58.0011],[-6.5502,58.0042],[-6.566,58.0015],[-6.5796,58.0038],[-6.5485,58.0073],[-6.525,58.006],[-6.5289,58.0086],[-6.5252,58.0102],[-6.5282,58.0164],[-6.5111,58.0075],[-6.4985,58.0063],[-6.4896,58.0099],[-6.5002,58.0167],[-6.494,58.0128],[-6.4705,58.0095],[-6.4656,58.0124],[-6.469,58.0187],[-6.4628,58.0171],[-6.4597,58.0197],[-6.4497,58.0059],[-6.4445,58.0104],[-6.4367,58.0108],[-6.4384,58.017],[-6.4307,58.011],[-6.4247,58.0095],[-6.4186,58.0129],[-6.4141,58.0097],[-6.4086,58.0097],[-6.3993,58.001],[-6.3881,57.9999],[-6.3885,58.0086],[-6.3829,58.0094],[-6.38,58.0151],[-6.3659,58.0182],[-6.3655,58.0258],[-6.359,58.0294],[-6.3581,58.0395],[-6.3771,58.0426],[-6.401,58.0411],[-6.4122,58.0457],[-6.421,58.0452],[-6.4382,58.0487],[-6.3993,58.0465],[-6.3736,58.0487],[-6.3735,58.0544],[-6.3663,58.056],[-6.3674,58.065],[-6.381,58.0679],[-6.3687,58.0764],[-6.3811,58.0789],[-6.3788,58.0924],[-6.397,58.0844],[-6.4005,58.0918],[-6.3833,58.0929],[-6.3883,58.0946],[-6.3879,58.098],[-6.3961,58.0952],[-6.4006,58.0976],[-6.4003,58.1],[-6.3935,58.0997],[-6.3955,58.1033],[-6.3956,58.1036],[-6.3995,58.1111],[-6.403,58.1086],[-6.4089,58.1104],[-6.4156,58.1088],[-6.4163,58.1039],[-6.4204,58.1033],[-6.4184,58.1059],[-6.4216,58.1061],[-6.4294,58.1039],[-6.4302,58.1006],[-6.4354,58.1005],[-6.4342,58.0985],[-6.4298,58.1001],[-6.4288,58.0973],[-6.4162,58.1002],[-6.4237,58.0961],[-6.4285,58.0964],[-6.432,58.0897],[-6.4325,58.0933],[-6.4642,58.0965],[-6.4736,58.0959],[-6.4727,58.0892],[-6.4756,58.0928],[-6.4761,58.0904],[-6.483,58.0942],[-6.4998,58.0925],[-6.5091,58.094],[-6.5186,58.0882],[-6.5259,58.0878],[-6.5262,58.0855],[-6.5291,58.0883],[-6.5381,58.0857],[-6.5465,58.0881],[-6.5641,58.0878],[-6.5638,58.081],[-6.5671,58.0791],[-6.5653,58.0815],[-6.577,58.0883],[-6.6027,58.0867],[-6.6058,58.0789],[-6.6068,58.0788],[-6.6072,58.0822],[-6.6105,58.0835],[-6.6092,58.0855],[-6.6182,58.0844],[-6.6242,58.0782],[-6.6342,58.0817],[-6.6315,58.0844],[-6.6348,58.0847],[-6.5561,58.0931],[-6.542,58.0924],[-6.5291,58.0966],[-6.5391,58.0988],[-6.5178,58.1004],[-6.5136,58.0973],[-6.509,58.0988],[-6.509,58.103],[-6.5026,58.0997],[-6.4987,58.102],[-6.4917,58.099],[-6.4878,58.0998],[-6.4859,58.1047],[-6.4828,58.1021],[-6.4783,58.1049],[-6.4762,58.1034],[-6.4714,58.105],[-6.4701,58.103],[-6.458,58.1053],[-6.451,58.1146],[-6.4489,58.1135],[-6.4365,58.1209],[-6.4277,58.1208],[-6.4286,58.126],[-6.4363,58.1253],[-6.4383,58.1274],[-6.4332,58.1276],[-6.4364,58.1294],[-6.4457,58.1274],[-6.4486,58.131],[-6.4515,58.1283],[-6.4445,58.1237],[-6.4499,58.1253],[-6.4578,58.1307],[-6.4637,58.1307],[-6.4682,58.1265],[-6.4645,58.1328],[-6.4672,58.1346],[-6.4893,58.1387],[-6.4877,58.141],[-6.493,58.143],[-6.4656,58.139],[-6.4597,58.1351],[-6.4462,58.132],[-6.433,58.1326],[-6.4314,58.1299],[-6.4219,58.1287],[-6.416,58.132],[-6.4057,58.13],[-6.4011,58.1349],[-6.3873,58.1288],[-6.3701,58.1315],[-6.3684,58.1424],[-6.3809,58.1443],[-6.3967,58.1433],[-6.416,58.1364],[-6.4233,58.1375],[-6.416,58.1426],[-6.4234,58.1471],[-6.4127,58.1423],[-6.4059,58.1421],[-6.3919,58.1472],[-6.3853,58.146],[-6.3753,58.1481],[-6.3668,58.153],[-6.3677,58.1609],[-6.3807,58.1744],[-6.3769,58.1747],[-6.378,58.1783],[-6.3869,58.1801],[-6.3816,58.1808],[-6.3796,58.1855],[-6.3706,58.1883],[-6.3695,58.1912],[-6.3754,58.1937],[-6.3769,58.1895],[-6.3828,58.1888],[-6.386,58.1907],[-6.3845,58.1967],[-6.3953,58.1992],[-6.3916,58.2004],[-6.3976,58.2073],[-6.3883,58.2129],[-6.3925,58.2086],[-6.3904,58.206],[-6.3878,58.2076],[-6.3757,58.2043],[-6.3789,58.2029],[-6.3827,58.2045],[-6.3851,58.2037],[-6.3827,58.2022],[-6.3663,58.2046],[-6.3591,58.2031],[-6.3616,58.1991],[-6.3552,58.1971],[-6.3564,58.191],[-6.3529,58.1887],[-6.3382,58.1938],[-6.3384,58.1914],[-6.3317,58.1904],[-6.33,58.1961],[-6.3232,58.192],[-6.3188,58.1947],[-6.326,58.1961],[-6.325,58.1992],[-6.3091,58.2053],[-6.2871,58.2055],[-6.2838,58.1986],[-6.2763,58.1983],[-6.2739,58.189],[-6.2571,58.1867],[-6.2585,58.1834],[-6.251,58.1796],[-6.2291,58.1819],[-6.2135,58.187],[-6.2129,58.1896],[-6.2074,58.1889],[-6.2115,58.1946],[-6.208,58.199],[-6.1951,58.1999],[-6.1868,58.2045],[-6.1789,58.2039],[-6.1708,58.2073],[-6.1704,58.2106],[-6.1662,58.2102],[-6.1635,58.2149],[-6.16,58.2144],[-6.1648,58.2192],[-6.1536,58.221],[-6.1651,58.2286],[-6.1625,58.2312],[-6.156,58.233],[-6.1592,58.2368],[-6.1467,58.2401],[-6.1544,58.2467],[-6.1484,58.2513],[-6.1404,58.2503],[-6.1357,58.259],[-6.142,58.2626],[-6.1432,58.2597],[-6.1475,58.2613],[-6.1524,58.2594],[-6.1578,58.2639],[-6.166,58.2624],[-6.1635,58.2574],[-6.1723,58.2514],[-6.1791,58.2531],[-6.2033,58.2475],[-6.2056,58.2404],[-6.2169,58.2375],[-6.2184,58.2316],[-6.2245,58.2273],[-6.2358,58.2225],[-6.2491,58.2241],[-6.2669,58.2114],[-6.2778,58.2112],[-6.2849,58.2067],[-6.3043,58.21],[-6.3109,58.2179],[-6.3132,58.2154],[-6.3169,58.2159],[-6.3313,58.2255],[-6.343,58.2291],[-6.3416,58.2257],[-6.3344,58.2252],[-6.3346,58.2222],[-6.3473,58.2222],[-6.3598,58.2173],[-6.359,58.2218],[-6.3771,58.2221],[-6.3807,58.2263],[-6.379,58.2263],[-6.3786,58.2261],[-6.3779,58.2249],[-6.3713,58.2243],[-6.3616,58.2268],[-6.3627,58.2313],[-6.3576,58.2347],[-6.3665,58.2396],[-6.3461,58.2354],[-6.3489,58.2295],[-6.345,58.2322],[-6.3439,58.2377],[-6.3258,58.2401],[-6.3251,58.2434],[-6.317,58.2472],[-6.3187,58.2504],[-6.3252,58.251],[-6.3281,58.2595],[-6.3205,58.2687],[-6.316,58.27],[-6.3054,58.2666],[-6.2943,58.2666],[-6.2806,58.2698],[-6.283,58.288],[-6.2798,58.2924],[-6.2421,58.2956],[-6.2378,58.3044],[-6.2468,58.3068],[-6.2381,58.31],[-6.2406,58.3123],[-6.233,58.3148],[-6.2336,58.3177],[-6.2212,58.3185],[-6.196,58.3396],[-6.1621,58.3426],[-6.1658,58.347],[-6.1749,58.3456],[-6.1745,58.3483],[-6.1783,58.3463],[-6.1867,58.3482],[-6.2116,58.3626],[-6.2154,58.3616],[-6.2106,58.3655],[-6.2185,58.3682],[-6.2093,58.374],[-6.2119,58.3757],[-6.205,58.3826],[-6.2075,58.384],[-6.201,58.3885],[-6.2008,58.3949],[-6.1938,58.3969],[-6.1901,58.4082],[-6.1786,58.4153],[-6.1682,58.4173],[-6.1708,58.4234],[-6.1671,58.4299],[-6.1723,58.4304],[-6.1724,58.4333],[-6.1813,58.4341],[-6.1786,58.4382],[-6.1835,58.4387],[-6.1854,58.4421],[-6.19,58.4408],[-6.1963,58.4469],[-6.19,58.4504],[-6.1951,58.458],[-6.1821,58.464],[-6.181,58.4669],[-6.1913,58.4704],[-6.1946,58.4765],[-6.2066,58.4763],[-6.2032,58.4795],[-6.2095,58.4805],[-6.2072,58.4832],[-6.2164,58.4837],[-6.2268,58.4894],[-6.2241,58.4926],[-6.227,58.4926],[-6.2187,58.4952],[-6.2202,58.496],[-6.2233,58.4944],[-6.2263,58.4969],[-6.2222,58.5007],[-6.2325,58.5016],[-6.23,58.5023],[-6.2436,58.5059],[-6.2534,58.5109],[-6.2494,58.5126],[-6.2588,58.5157],[-6.2674,58.5141],[-6.27,58.5155],[-6.2748,58.5113],[-6.282,58.5108],[-6.2843,58.5085],[-6.2733,58.5079],[-6.2768,58.5041],[-6.2711,58.4994],[-6.291,58.4859],[-6.3012,58.4843],[-6.3015,58.4806],[-6.3091,58.4802],[-6.3103,58.4771],[-6.3333,58.4786],[-6.339,58.4686],[-6.3434,58.4685],[-6.3546,58.459],[-6.3702,58.4572],[-6.3804,58.4491],[-6.402,58.4473],[-6.4359,58.4345],[-6.444,58.4285],[-6.4416,58.4255],[-6.4544,58.4186],[-6.4849,58.4092],[-6.4894,58.4064],[-6.4875,58.4028],[-6.4966,58.3983],[-6.5192,58.3971],[-6.5216,58.3923],[-6.5307,58.3879],[-6.5302,58.3843],[-6.5416,58.3754],[-6.5397,58.3728],[-6.5473,58.365],[-6.5824,58.3635],[-6.5847,58.3596],[-6.5944,58.3589],[-6.6006,58.353],[-6.6158,58.3474],[-6.625,58.3458],[-6.627,58.3487],[-6.6345,58.3482],[-6.6388,58.3429],[-6.6453,58.3444],[-6.6453,58.3515],[-6.6516,58.3541],[-6.6515,58.3517],[-6.6583,58.3493],[-6.6689,58.3498],[-6.6724,58.347],[-6.6695,58.3423],[-6.6766,58.3409],[-6.6772,58.3384],[-6.6882,58.3378],[-6.6888,58.3312],[-6.6941,58.3314],[-6.6965,58.3374],[-6.7025,58.3371],[-6.7036,58.3343],[-6.7095,58.3351],[-6.714,58.3278],[-6.7254,58.3283],[-6.7226,58.327],[-6.7307,58.3235],[-6.7283,58.3213],[-6.7425,58.3182],[-6.7367,58.3139],[-6.7424,58.3125],[-6.7515,58.3144],[-6.7555,58.3061],[-6.7663,58.3087],[-6.7693,58.3058],[-6.7751,58.3099],[-6.7769,58.3076],[-6.7859,58.3074],[-6.7881,58.3039],[-6.7956,58.307],[-6.8016,58.3032],[-6.8044,58.3043],[-6.7953,58.2968],[-6.8036,58.2975],[-6.8069,58.2897],[-6.8169,58.2904],[-6.8201,58.2859],[-6.8286,58.2838],[-6.8258,58.2809],[-6.8186,58.2785],[-6.8028,58.2801],[-6.7902,58.2779],[-6.7911,58.2792],[-6.7873,58.2807],[-6.7724,58.2819],[-6.7801,58.2785],[-6.7885,58.2797],[-6.7895,58.275],[-6.8026,58.2752],[-6.8036,58.2717],[-6.8058,58.2733],[-6.8176,58.2716],[-6.8127,58.2672],[-6.8152,58.2654],[-6.8063,58.259],[-6.8097,58.2581],[-6.8098,58.2536],[-6.8001,58.248],[-6.7933,58.2499],[-6.7889,58.2484],[-6.7989,58.2479],[-6.8012,58.2457],[-6.7943,58.2434],[-6.7886,58.2351],[-6.7852,58.2368],[-6.7809,58.2327],[-6.7759,58.2383],[-6.7728,58.2364],[-6.7575,58.2163],[-6.7496,58.2168],[-6.7435,58.212],[-6.74,58.2131],[-6.7416,58.2059],[-6.7382,58.2056],[-6.7393,58.2081],[-6.7368,58.2048],[-6.7405,58.203],[-6.7453,58.2088],[-6.7562,58.2093],[-6.7585,58.2019],[-6.7629,58.2024],[-6.7609,58.1992],[-6.7493,58.1967],[-6.7463,58.1926],[-6.7403,58.1972],[-6.7374,58.1912],[-6.7335,58.1924],[-6.7351,58.1979],[-6.721,58.1873],[-6.7078,58.1849],[-6.7249,58.1831],[-6.7238,58.1779],[-6.7181,58.176],[-6.7211,58.1731],[-6.7144,58.1729],[-6.7154,58.1694],[-6.7166,58.1685],[-6.7191,58.1709],[-6.7247,58.1705],[-6.7325,58.1754],[-6.7278,58.1704],[-6.7285,58.1673],[-6.7337,58.1663],[-6.7364,58.1689],[-6.7332,58.1691],[-6.7337,58.1716],[-6.7492,58.192],[-6.7567,58.1906],[-6.7588,58.1868],[-6.7793,58.193],[-6.7821,58.1878],[-6.7852,58.1892],[-6.7815,58.1943],[-6.7887,58.1939],[-6.7933,58.1985],[-6.8079,58.1987],[-6.8128,58.2012],[-6.8206,58.2],[-6.8279,58.2047],[-6.8397,58.2026],[-6.8348,58.2],[-6.8415,58.1962],[-6.848,58.1978],[-6.846,58.1997],[-6.8526,58.1997],[-6.8496,58.1963],[-6.8589,58.1936],[-6.859,58.1908],[-6.8619,58.1927],[-6.8623,58.1939],[-6.8595,58.1811],[-6.8702,58.1844],[-6.8747,58.1836],[-6.8719,58.1856],[-6.8772,58.1893],[-6.8791,58.1806],[-6.869,58.1728],[-6.8743,58.1702],[-6.8778,58.1732],[-6.8818,58.1729],[-6.8865,58.1626],[-6.8807,58.1629],[-6.884,58.1569],[-6.8815,58.1482],[-6.8637,58.1313],[-6.8672,58.1311],[-6.8682,58.1272],[-6.8588,58.111],[-6.8783,58.1273],[-6.8789,58.1366],[-6.8896,58.1505],[-6.893,58.1589],[-6.8863,58.1687],[-6.8931,58.1871],[-6.8969,58.1884],[-6.9073,58.1849],[-6.9103,58.1876],[-6.9152,58.187],[-6.9136,58.1839],[-6.9237,58.1894],[-6.9319,58.1892],[-6.9332,58.1866],[-6.9369,58.1927],[-6.9449,58.1935],[-6.9528,58.2019],[-6.9628,58.2034],[-6.9603,58.2056],[-6.945,58.1986],[-6.9443,58.2041],[-6.9114,58.2034],[-6.9131,58.2114],[-6.909,58.2109],[-6.9081,58.2128],[-6.9154,58.2183],[-6.9167,58.2163],[-6.9261,58.2158],[-6.9391,58.2187],[-6.942,58.223],[-6.9496,58.2244],[-6.9533,58.2326],[-6.9584,58.2331],[-6.9588,58.2354],[-6.9608,58.2316],[-6.9663,58.2326],[-6.9692,58.2309],[-6.9635,58.2284],[-6.9675,58.2257],[-6.9653,58.2222],[-6.9755,58.2194],[-6.995,58.2295],[-6.9946,58.2331],[-7.015,58.2353],[-7.0267,58.2323],[-7.0242,58.2443],[-7.0391,58.2387],[-7.0386,58.2328],[-7.0488,58.2325],[-7.0481,58.2257],[-7.0536,58.2243],[-7.0554,58.2202],[-7.0494,58.2194],[-7.0591,58.2109],[-7.0514,58.2092],[-7.0601,58.2062],[-7.0593,58.2029],[-7.0637,58.2005],[-7.0612,58.1977],[-7.0653,58.1956],[-7.0491,58.194],[-7.0422,58.1881],[-7.0332,58.1913],[-7.0364,58.1952],[-7.0315,58.2014],[-7.0285,58.1995],[-7.0307,58.1924],[-7.023,58.1943],[-7.0238,58.1912],[-7.0213,58.1887],[-7.0196,58.191],[-7.0223,58.1917],[-7.0173,58.194],[-7.0171,58.1842],[-7.012,58.1861],[-7.007,58.1844],[-7.0165,58.1808],[-7.0197,58.1861],[-7.0372,58.1837],[-7.0442,58.1755],[-7.0439,58.1703],[-7.0469,58.1773],[-7.0526,58.178],[-7.0481,58.1818],[-7.053,58.1854],[-7.0592,58.1803],[-7.0655,58.1837],[-7.0812,58.1832],[-7.0847,58.1893],[-7.0929,58.1854],[-7.0963,58.188],[-7.1045,58.1833],[-7.108,58.1773],[-7.099,58.1749],[-7.1012,58.1697],[-7.0976,58.1706],[-7.0995,58.1684],[-7.0933,58.168],[-7.0954,58.1661],[-7.0893,58.164],[-7.0962,58.1612],[-7.0926,58.1595],[-7.1007,58.1567],[-7.1015,58.1546],[-7.0979,58.1546],[-7.1013,58.1516],[-7.1083,58.1491],[-7.1159,58.1509],[-7.1086,58.1439],[-7.1168,58.1368],[-7.1258,58.1395],[-7.1295,58.1379],[-7.13,58.1308],[-7.1353,58.1268],[-7.1299,58.1249],[-7.1354,58.1229],[-7.129,58.1211],[-7.1229,58.1138],[-7.1207,58.1165],[-7.113,58.1141],[-7.1094,58.1065],[-7.1132,58.1048],[-7.1125,58.1002],[-7.1056,58.0984],[-7.1099,58.0963],[-7.1033,58.0957],[-7.1001,58.0894],[-7.1043,58.0825],[-7.0986,58.0767],[-7.1029,58.0746],[-7.0985,58.0725],[-7.1004,58.07],[-7.0773,58.0679],[-7.0876,58.0664],[-7.0883,58.0643],[-7.083,58.0649],[-7.0828,58.0626],[-7.0763,58.0647],[-7.0727,58.0606],[-7.0626,58.0608],[-7.0624,58.0645],[-7.0695,58.0667],[-7.0421,58.0722],[-7.036,58.0752],[-7.0336,58.0811],[-7.0284,58.0808],[-7.0285,58.0736],[-7.0215,58.0708],[-7.0353,58.0658],[-7.0385,58.0677],[-7.0393,58.0657],[-7.0539,58.063],[-7.0591,58.0549],[-7.0522,58.0534],[-7.0322,58.0566],[-7.0207,58.0541],[-7.0301,58.0505],[-7.0462,58.0512],[-7.0514,58.0474],[-7.062,58.0463],[-7.0617,58.041],[-7.0534,58.0418],[-7.0497,58.0352],[-7.0434,58.038],[-7.0389,58.0338],[-6.9815,58.0478],[-6.914,58.0532],[-6.9063,58.0491],[-6.9207,58.0516],[-6.9584,58.045],[-6.9665,58.04],[-6.9798,58.0424],[-6.9943,58.041],[-7.0033,58.0357],[-7.0296,58.0314],[-7.0441,58.0254],[-7.0528,58.0163],[-7.051,58.0101],[-7.0557,58.0089],[-7.0597,58.0087],[-7.0703,58.0176],[-7.0824,58.0205],[-7.0921,58.0111],[-7.0892,58.0031],[-7.0925,57.9995],[-7.1095,57.9965],[-7.1084,57.9921],[-7.1134,57.9917],[-7.1143,57.9886],[-7.1097,57.9859],[-7.103,57.9865],[-7.096,57.9948],[-7.0902,57.9949],[-7.0812,57.9866],[-7.0856,57.9862],[-7.0794,57.9801],[-7.0833,57.9753],[-7.08,57.9672],[-7.0667,57.9656],[-7.064,57.9668],[-7.0668,57.9693],[-7.0584,57.9706],[-7.0563,57.9618],[-7.0425,57.96],[-7.0398,57.956],[-7.0227,57.9523],[-7.0128,57.9561],[-7.0093,57.9545],[-7.0091,57.9562],[-7.0076,57.9533],[-7.0028,57.9548],[-7.0028,57.9525],[-6.9986,57.9537],[-7.0018,57.9563],[-6.9955,57.9547],[-6.9956,57.9592],[-7.0081,57.9639],[-6.9998,57.9656],[-6.9862,57.9566],[-6.97,57.9536],[-6.9698,57.95],[-6.9603,57.9525],[-6.9544,57.9485],[-6.9439,57.9507],[-6.9336,57.9448],[-6.9265,57.9458],[-6.9219,57.9403],[-6.9016,57.9509],[-6.9017,57.9457],[-6.9148,57.9408],[-6.914,57.9363],[-6.8925,57.9339],[-6.8822,57.9351],[-6.883,57.9311],[-6.8764,57.9301],[-6.8723,57.9339],[-6.8577,57.9293],[-6.8496,57.9347],[-6.8478,57.9304],[-6.8396,57.9283],[-6.8505,57.9245],[-6.8663,57.9254],[-6.8587,57.9163],[-6.8141,57.901],[-6.8454,57.9053],[-6.8516,57.9034],[-6.8512,57.8996],[-6.8644,57.9025],[-6.872,57.9004],[-6.8811,57.9062],[-6.9185,57.9109],[-6.9396,57.9026],[-6.9492,57.9048],[-6.95,57.8947],[-6.9605,57.8908],[-6.9601,57.8869],[-6.9167,57.8726],[-6.9076,57.8718],[-6.9055,57.8688],[-6.9129,57.8696],[-6.92,57.8654],[-6.9386,57.8721],[-6.941,57.8678],[-6.9512,57.8653],[-6.9468,57.8683],[-6.9517,57.8736],[-6.9588,57.868],[-6.9618,57.8692],[-6.975,57.8649],[-6.9823,57.8654],[-6.9858,57.8696],[-6.9934,57.8684],[-6.9969,57.8651],[-6.9925,57.8604],[-7.0002,57.8584],[-7.0037,57.8522],[-7.0035,57.8479],[-6.999,57.8458],[-7.0144,57.8445],[-7.0151,57.8403],[-7.0231,57.8347],[-7.0407,57.8345],[-7.0412,57.8308],[-7.0529,57.8253],[-7.0759,57.8219],[-7.0709,57.8174],[-7.0713,57.8111],[-7.081,57.8145],[-7.078,57.8246],[-7.0824,57.8326],[-7.1062,57.8411],[-7.1142,57.8395],[-7.1139,57.837],[-7.1204,57.8393],[-7.1236,57.8371],[-7.1281,57.8387],[-7.1336,57.8374],[-7.1246,57.8309],[-7.1282,57.8246],[-7.1203,57.8167],[-7.1033,57.8081],[-7.0993,57.8097],[-7.0837,57.8069],[-7.0824,57.8016],[-7.075,57.7999],[-7.0723,57.7908],[-7.0544,57.7781],[-7.0493,57.7785],[-7.0308,57.7683],[-7.026,57.7691],[-7.027,57.7666],[-7.023,57.767],[-7.0241,57.7647],[-7.0112,57.7592],[-7.0096,57.7555],[-7.0125,57.7569],[-7.0139,57.7549],[-7.0097,57.7525],[-7.008,57.7557],[-7.002,57.7531],[-6.9932,57.7447],[-6.9838,57.7417],[-6.9865,57.7413],[-6.9801,57.7356],[-6.9756,57.7355],[-6.9747,57.7291],[-6.9656,57.7277],[-6.9652,57.7299],[-6.9789,57.7437],[-6.9718,57.74],[-6.9725,57.7429],[-6.9665,57.7415],[-6.9638,57.7375],[-6.9582,57.7388],[-6.9549,57.7367],[-6.9508,57.7404],[-6.9446,57.7388],[-6.9376,57.7497],[-6.9415,57.7547],[-6.9351,57.7557],[-6.9375,57.7585],[-6.9314,57.7578],[-6.9308,57.7634],[-6.9288,57.7578],[-6.8995,57.7643],[-6.9008,57.7677],[-6.9098,57.7676],[-6.9058,57.7677],[-6.9096,57.7701],[-6.9061,57.7717],[-6.9215,57.7761],[-6.9202,57.7782],[-6.9177,57.7756],[-6.9079,57.7746],[-6.9064,57.7774],[-6.9223,57.7825],[-6.9136,57.7809],[-6.9117,57.7837],[-6.9006,57.7784],[-6.8897,57.7786],[-6.8882,57.7771],[-6.9006,57.7771],[-6.8969,57.7737],[-6.8914,57.7759],[-6.8834,57.7727],[-6.8729,57.7739],[-6.8732,57.7779],[-6.8842,57.7858],[-6.881,57.7861],[-6.8854,57.7938],[-6.8783,57.7921],[-6.8833,57.7956],[-6.8777,57.7963],[-6.8836,57.8005],[-6.874,57.7956],[-6.8704,57.7966],[-6.8703,57.7935],[-6.8647,57.7899],[-6.8573,57.789],[-6.8553,57.7907],[-6.86,57.7932],[-6.8658,57.792],[-6.8639,57.7931],[-6.8684,57.7938],[-6.8628,57.7951],[-6.8585,57.7934],[-6.8577,57.7959],[-6.8635,57.7984],[-6.8713,57.7976],[-6.8681,57.7998],[-6.864,57.7992],[-6.8606,57.7976],[-6.856,57.799],[-6.863,57.8049],[-6.8596,57.8043],[-6.8594,57.8063],[-6.8648,57.81],[-6.8632,57.8129],[-6.8614,57.8128],[-6.8596,57.8114],[-6.8577,57.8073],[-6.8558,57.8103],[-6.8608,57.814],[-6.8529,57.8137],[-6.8462,57.8028],[-6.8465,57.8074],[-6.8397,57.8096],[-6.8405,57.8163],[-6.8336,57.8148],[-6.8593,57.833],[-6.8606,57.8299],[-6.8628,57.8337],[-6.8604,57.8322],[-6.8594,57.8343],[-6.8474,57.8271],[-6.8484,57.8307],[-6.8435,57.833],[-6.8342,57.8192],[-6.8231,57.8128],[-6.8189,57.8135],[-6.8128,57.8094],[-6.8084,57.8108],[-6.81,57.8156],[-6.8068,57.8156],[-6.7914,57.8047],[-6.7876,57.8057],[-6.7902,57.81],[-6.7858,57.8143],[-6.7974,57.8213],[-6.7907,57.8211],[-6.7892,57.8233],[-6.7996,57.8313],[-6.7976,57.8346],[-6.7922,57.8343],[-6.7906,57.8309],[-6.7879,57.8322],[-6.7867,57.8289],[-6.7716,57.8253],[-6.7654,57.8339],[-6.7689,57.8251],[-6.7605,57.8214],[-6.7576,57.8252],[-6.7602,57.8287],[-6.7552,57.83],[-6.7506,57.8221],[-6.7366,57.8269],[-6.7411,57.8304],[-6.7383,57.834],[-6.7455,57.8402],[-6.7409,57.8419],[-6.7452,57.8447],[-6.7524,57.8406],[-6.7566,57.8423],[-6.7574,57.8479],[-6.7692,57.8538],[-6.7655,57.8563],[-6.7636,57.855],[-6.7643,57.8615],[-6.7699,57.8614],[-6.774,57.8675],[-6.7906,57.8706],[-6.7894,57.8689],[-6.7939,57.8678],[-6.7892,57.8637],[-6.7989,57.8691],[-6.8039,57.8672],[-6.813,57.882],[-6.8049,57.8819],[-6.8061,57.884],[-6.8014,57.8857],[-6.8012,57.8829],[-6.7938,57.8795],[-6.7872,57.8809],[-6.7886,57.8856],[-6.7939,57.8864],[-6.7899,57.8888],[-6.8029,57.8976],[-6.7888,57.8957],[-6.7736,57.8989],[-6.7626,57.8927],[-6.7637,57.8944],[-6.7578,57.8961],[-6.7562,57.8904],[-6.7474,57.8893],[-6.7446,57.8861],[-6.7361,57.8881],[-6.7316,57.8845],[-6.7203,57.8863],[-6.7133,57.8832],[-6.705,57.8845],[-6.6974,57.8807],[-6.668,57.8802],[-6.6641,57.886],[-6.6733,57.8946],[-6.6701,57.8999],[-6.6947,57.9091],[-6.6927,57.9102],[-6.7138,57.9157],[-6.7014,57.915],[-6.6987,57.9186],[-6.6835,57.9161],[-6.6815,57.9183],[-6.6738,57.9171],[-6.6769,57.9217],[-6.6739,57.9222],[-6.6923,57.9401],[-6.7022,57.9457],[-6.7076,57.954],[-6.7279,57.9502],[-6.7451,57.9528],[-6.7334,57.9548],[-6.7308,57.9527],[-6.7239,57.953],[-6.7293,57.9555],[-6.7213,57.9616],[-6.7394,57.9917],[-6.7447,57.9937],[-6.7563,57.9926],[-6.7569,57.996],[-6.7516,57.999],[-6.7608,58.0035],[-6.7242,58.0133],[-6.7063,58.0248],[-6.7016,58.032],[-6.6721,58.0441],[-6.6713,58.054],[-6.6894,58.0548],[-6.6951,58.0582],[-6.6365,58.0577],[-6.6051,58.0529],[-6.5869,58.0533]]]},"properties":null,"id":141},
{"type":"Feature","geometry":{"type":"Polygon","coordinates":[[[-7.2566,57.7974],[-7.2455,57.8011],[-7.2458,57.8034],[-7.2608,57.8045],[-7.2566,57.7974]]]},"properties":null,"id":142},
{"type":"Feature","geometry":{"type":"Polygon","coordinates":[[[-7.0829,57.775],[-7.0846,57.771],[-7.0899,57.7691],[-7.0982,57.7685],[-7.0755,57.7514],[-7.0703,57.7596],[-7.0759,57.7624],[-7.0737,57.7653],[-7.0788,57.7665],[-7.0829,57.775]]]},"properties":null,"id":143},
{"type":"Feature","geometry":{"type":"Polygon","coordinates":[[[-6.409,58.1249],[-6.4173,58.1259],[-6.4172,58.1219],[-6.409,58.1249]]]},"properties":null,"id":144},
{"type":"Feature","geometry":{"type":"Polygon","coordinates":[[[-6.3815,58.1197],[-6.3814,58.1169],[-6.3754,58.1185],[-6.3815,58.1197]]]},"properties":null,"id":145},
{"type":"Feature","geometry":{"type":"Polygon","coordinates":[[[-7.0901,58.0638],[-7.0964,58.0665],[-7.0969,58.0648],[-7.0901,58.0638]]]},"properties":null,"id":146},
{"type":"Feature","geometry":{"type":"Polygon","coordinates":[[[-7.0908,58.0222],[-7.0893,58.024],[-7.0941,58.0264],[-7.0953,58.0237],[-7.0908,58.0222]]]},"properties":null,"id":147},
{"type":"Feature","geometry":{"type":"Polygon","coordinates":[[[-6.4269,57.9984],[-6.4122,57.9979],[-6.4201,58.0053],[-6.4432,58.0051],[-6.4499,58.0011],[-6.4386,57.997],[-6.4378,57.9988],[-6.43,57.9975],[-6.4317,58.0013],[-6.4269,57.9984]]]},"properties":null,"id":148},
{"type":"Feature","geometry":{"type":"Polygon","coordinates":[[[-6.7739,58.2173],[-6.7758,58.2131],[-6.7711,58.2108],[-6.7671,58.2125],[-6.7739,58.2173]]]},"properties":null,"id":149},
{"type":"Feature","geometry":{"type":"Polygon","coordinates":[[[-6.7656,58.1935],[-6.7656,58.2022],[-6.7734,58.2062],[-6.7768,58.2001],[-6.7656,58.1935]]]},"properties":null,"id":150},
{"type":"Feature","geometry":{"type":"Polygon","coordinates":[[[-6.9025,58.1983],[-6.9027,58.1945],[-6.8942,58.1933],[-6.8964,58.1994],[-6.9025,58.1983]]]},"properties":null,"id":151},
{"type":"Feature","geometry":{"type":"Polygon","coordinates":[[[-6.7356,58.1907],[-6.74,58.1879],[-6.7369,58.1855],[-6.7318,58.1899],[-6.7356,58.1907]]]},"properties":null,"id":152},
{"type":"Feature","geometry":{"type":"Polygon","coordinates":[[[-6.8804,58.177],[-6.8839,58.1805],[-6.887,58.1803],[-6.8837,58.1744],[-6.8804,58.177]]]},"properties":null,"id":153},
{"type":"Feature","geometry":{"type":"Polygon","coordinates":[[[-6.9217,58.1899],[-6.9231,58.1958],[-6.9277,58.1987],[-6.9281,58.195],[-6.933,58.1955],[-6.9337,58.1927],[-6.9217,58.1899]]]},"properties":null,"id":154},
{"type":"Feature","geometry":{"type":"Polygon","coordinates":[[[-4.9452,55.7148],[-4.943,55.7264],[-4.9381,55.7293],[-4.9395,55.7351],[-4.968,55.7213],[-4.9555,55.71],[-4.9452,55.7148]]]},"properties":null,"id":2155},
{"type":"Feature","geometry":{"type":"Polygon","coordinates":[[[-4.2136,54.8066],[-4.2137,54.8103],[-4.2115,54.8121],[-4.2172,54.8088],[-4.2136,54.8066]]]},"properties":null,"id":2157},
{"type":"Feature","geometry":{"type":"Polygon","coordinates":[[[-4.222,54.8217],[-4.2282,54.8191],[-4.2256,54.8155],[-4.2207,54.8184],[-4.222,54.8217]]]},"properties":null,"id":2158},
{"type":"Feature","geometry":{"type":"Polygon","coordinates":[[[-3.2338,56.3608],[-3.2787,56.3544],[-3.2594,56.3538],[-3.2338,56.3608]]]},"properties":null,"id":2242},
{"type":"Feature","geometry":{"type":"Polygon","coordinates":[[[-6.0703,53.4083],[-6.061,53.403],[-6.0593,53.4075],[-6.0703,53.4083]]]},"properties":null,"id":2314},
{"type":"Feature","geometry":{"type":"Polygon","coordinates":[[[-9.5331,51.6831],[-9.5354,51.6787],[-9.5269,51.6828],[-9.523,51.68],[-9.5058,51.6849],[-9.5087,51.6824],[-9.5045,51.6801],[-9.4945,51.6794],[-9.4947,51.6852],[-9.4776,51.7018],[-9.4794,51.7067],[-9.4906,51.6993],[-9.5032,51.6978],[-9.5085,51.6921],[-9.5331,51.6831]]]},"properties":null,"id":2415},
{"type":"Feature","geometry":{"type":"Polygon","coordinates":[[[-9.8962,51.6493],[-9.8986,51.6507],[-9.9071,51.6475],[-9.9053,51.6462],[-9.8962,51.6493]]]},"properties":null,"id":2416},
{"type":"Feature","geometry":{"type":"Polygon","coordinates":[[[-9.478,51.5109],[-9.4658,51.5134],[-9.4566,51.5203],[-9.481,51.5149],[-9.478,51.5109]]]},"properties":null,"id":2417},
{"type":"Feature","geometry":{"type":"Polygon","coordinates":[[[-9.188,51.5056],[-9.1825,51.5064],[-9.1791,51.5088],[-9.1843,51.5092],[-9.188,51.5056]]]},"properties":null,"id":2418},
{"type":"Feature","geometry":{"type":"Polygon","coordinates":[[[-9.3529,51.5192],[-9.3499,51.5173],[-9.3406,51.5215],[-9.3395,51.5261],[-9.3584,51.5252],[-9.3683,51.5195],[-9.3644,51.5152],[-9.3529,51.5192]]]},"properties":null,"id":2419},
{"type":"Feature","geometry":{"type":"Polygon","coordinates":[[[-9.4392,51.5052],[-9.4439,51.5077],[-9.4519,51.5056],[-9.4469,51.5058],[-9.4497,51.5039],[-9.4392,51.5052]]]},"properties":null,"id":2420},
{"type":"Feature","geometry":{"type":"Polygon","coordinates":[[[-9.5072,51.5027],[-9.5029,51.5035],[-9.5008,51.5098],[-9.495,51.5097],[-9.4923,51.5132],[-9.5114,51.5075],[-9.5072,51.5027]]]},"properties":null,"id":2421},
{"type":"Feature","geometry":{"type":"Polygon","coordinates":[[[-9.4668,51.501],[-9.458,51.5016],[-9.4541,51.5054],[-9.4595,51.5043],[-9.4668,51.501]]]},"properties":null,"id":2422},
{"type":"Feature","geometry":{"type":"Polygon","coordinates":[[[-9.5839,51.4917],[-9.5825,51.4881],[-9.5744,51.4918],[-9.5658,51.4906],[-9.5646,51.4934],[-9.5548,51.494],[-9.5346,51.5042],[-9.5613,51.4991],[-9.5839,51.4917]]]},"properties":null,"id":2423},
{"type":"Feature","geometry":{"type":"Polygon","coordinates":[[[-9.3935,51.4973],[-9.3975,51.4929],[-9.3909,51.4876],[-9.3865,51.4958],[-9.3935,51.4973]]]},"properties":null,"id":2424},
{"type":"Feature","geometry":{"type":"Polygon","coordinates":[[[-9.4886,51.4796],[-9.4869,51.4816],[-9.4811,51.4808],[-9.4848,51.4866],[-9.4934,51.4833],[-9.4886,51.4796]]]},"properties":null,"id":2425},
{"type":"Feature","geometry":{"type":"Polygon","coordinates":[[[-9.5045,51.4754],[-9.5011,51.4785],[-9.5019,51.4821],[-9.5116,51.4791],[-9.5045,51.4754]]]},"properties":null,"id":2426},
{"type":"Feature","geometry":{"type":"Polygon","coordinates":[[[-9.5196,51.4717],[-9.5137,51.4737],[-9.5147,51.4776],[-9.522,51.4745],[-9.5196,51.4717]]]},"properties":null,"id":2427},
{"type":"Feature","geometry":{"type":"Polygon","coordinates":[[[-9.3554,51.5016],[-9.3598,51.5035],[-9.3613,51.5009],[-9.3623,51.4992],[-9.3614,51.4996],[-9.3554,51.5016]]]},"properties":null,"id":2428},
{"type":"Feature","geometry":{"type":"Polygon","coordinates":[[[-9.3988,51.4681],[-9.4018,51.4725],[-9.3988,51.4735],[-9.3962,51.4707],[-9.3931,51.4728],[-9.401,51.4788],[-9.398,51.4858],[-9.4022,51.4909],[-9.4092,51.4908],[-9.4165,51.4858],[-9.4114,51.4832],[-9.4158,51.4777],[-9.4053,51.4752],[-9.4096,51.4711],[-9.4125,51.4711],[-9.4093,51.473],[-9.4186,51.4727],[-9.4163,51.4777],[-9.4207,51.4802],[-9.4345,51.4769],[-9.4222,51.471],[-9.4259,51.4653],[-9.439,51.4623],[-9.4387,51.46],[-9.4348,51.4608],[-9.4371,51.4539],[-9.4344,51.4521],[-9.433,51.4545],[-9.4318,51.4526],[-9.4253,51.4546],[-9.4236,51.4556],[-9.4205,51.4608],[-9.3988,51.4681]]]},"properties":null,"id":2429},
{"type":"Feature","geometry":{"type":"Polygon","coordinates":[[[-9.5044,51.4395],[-9.5063,51.4426],[-9.5155,51.4383],[-9.5173,51.4338],[-9.5281,51.4272],[-9.519,51.4296],[-9.5228,51.4277],[-9.519,51.427],[-9.5203,51.4219],[-9.5126,51.4204],[-9.5038,51.4298],[-9.5031,51.436],[-9.4984,51.4255],[-9.4928,51.4273],[-9.4604,51.449],[-9.4665,51.4541],[-9.4777,51.4528],[-9.4907,51.4493],[-9.4877,51.4494],[-9.5044,51.4395]]]},"properties":null,"id":2430},
{"type":"Feature","geometry":{"type":"Polygon","coordinates":[[[-6.5662,52.4264],[-6.5637,52.4303],[-6.5639,52.4335],[-6.5685,52.4298],[-6.5662,52.4264]]]},"properties":null,"id":2431},
{"type":"Feature","geometry":{"type":"Polygon","coordinates":[[[-6.5845,52.1325],[-6.5812,52.1423],[-6.5911,52.1359],[-6.5845,52.1325]]]},"properties":null,"id":2432},
{"type":"Feature","geometry":{"type":"Polygon","coordinates":[[[-8.3024,51.8428],[-8.309,51.8399],[-8.3015,51.8387],[-8.293,51.839],[-8.2998,51.8437],[-8.3,51.8389],[-8.3024,51.8428]]]},"properties":null,"id":2437},
{"type":"Feature","geometry":{"type":"Polygon","coordinates":[[[-5.5177,54.6945],[-5.5125,54.6962],[-5.5112,54.6992],[-5.5195,54.6968],[-5.5177,54.6945]]]},"properties":null,"id":2498},
{"type":"Feature","geometry":{"type":"Polygon","coordinates":[[[-5.5258,54.6928],[-5.5223,54.6946],[-5.5232,54.6975],[-5.5284,54.6959],[-5.5258,54.6928]]]},"properties":null,"id":2500},
{"type":"Feature","geometry":{"type":"Polygon","coordinates":[[[-5.5362,54.6816],[-5.544,54.6784],[-5.5452,54.6728],[-5.5362,54.6742],[-5.5308,54.6697],[-5.5247,54.669],[-5.5203,54.6714],[-5.5215,54.6765],[-5.5362,54.6816]]]},"properties":null,"id":2503},
{"type":"Feature","geometry":{"type":"Polygon","coordinates":[[[-5.5768,54.5235],[-5.5763,54.5254],[-5.5839,54.525],[-5.5858,54.5236],[-5.5768,54.5235]]]},"properties":null,"id":2509},
{"type":"Feature","geometry":{"type":"Polygon","coordinates":[[[-5.5967,54.5353],[-5.6008,54.5336],[-5.6017,54.5242],[-5.5967,54.5353]]]},"properties":null,"id":2510},
{"type":"Feature","geometry":{"type":"Polygon","coordinates":[[[-5.6456,54.5011],[-5.6434,54.5112],[-5.6379,54.5118],[-5.6371,54.5152],[-5.6313,54.5154],[-5.6345,54.5171],[-5.6403,54.5175],[-5.6406,54.5145],[-5.6475,54.5139],[-5.6447,54.5086],[-5.6509,54.5039],[-5.6456,54.5011]]]},"properties":null,"id":2511},
{"type":"Feature","geometry":{"type":"Polygon","coordinates":[[[-5.6397,54.496],[-5.6277,54.5],[-5.6193,54.5072],[-5.6283,54.5057],[-5.6388,54.5],[-5.6466,54.4988],[-5.6499,54.5013],[-5.6475,54.4965],[-5.6397,54.496]]]},"properties":null,"id":2513},
{"type":"Feature","geometry":{"type":"Polygon","coordinates":[[[-5.6361,54.4907],[-5.6434,54.4944],[-5.6479,54.4925],[-5.6454,54.4906],[-5.6397,54.4925],[-5.6361,54.4907]]]},"properties":null,"id":2514},
{"type":"Feature","geometry":{"type":"Polygon","coordinates":[[[-5.6264,54.483],[-5.629,54.4856],[-5.6315,54.4812],[-5.6264,54.483]]]},"properties":null,"id":2515},
{"type":"Feature","geometry":{"type":"Polygon","coordinates":[[[-5.6409,54.4682],[-5.6352,54.4744],[-5.6387,54.477],[-5.6427,54.4738],[-5.6409,54.4682]]]},"properties":null,"id":2518},
{"type":"Feature","geometry":{"type":"Polygon","coordinates":[[[-5.6161,54.456],[-5.6211,54.4594],[-5.622,54.4547],[-5.6161,54.456]]]},"properties":null,"id":2520},
{"type":"Feature","geometry":{"type":"Polygon","coordinates":[[[-5.6214,54.45],[-5.6206,54.4468],[-5.6167,54.4479],[-5.6168,54.4531],[-5.6229,54.4516],[-5.6256,54.4536],[-5.6299,54.441],[-5.6289,54.4408],[-5.6214,54.45]]]},"properties":null,"id":2521},
{"type":"Feature","geometry":{"type":"Polygon","coordinates":[[[-5.6229,54.4384],[-5.615,54.4423],[-5.6165,54.4442],[-5.6235,54.4444],[-5.6229,54.4384]]]},"properties":null,"id":2523},
{"type":"Feature","geometry":{"type":"Polygon","coordinates":[[[-5.6325,54.412],[-5.6365,54.4181],[-5.6335,54.4239],[-5.6397,54.4203],[-5.6415,54.4138],[-5.6325,54.412]]]},"properties":null,"id":2526},
{"type":"Feature","geometry":{"type":"Polygon","coordinates":[[[-5.6483,54.375],[-5.6425,54.3766],[-5.6411,54.3793],[-5.6507,54.3779],[-5.6483,54.375]]]},"properties":null,"id":2528},
{"type":"Feature","geometry":{"type":"Polygon","coordinates":[[[-5.6669,54.3673],[-5.6536,54.3701],[-5.652,54.3736],[-5.6588,54.3708],[-5.6646,54.374],[-5.6669,54.3673]]]},"properties":null,"id":2529},
{"type":"Feature","geometry":{"type":"Polygon","coordinates":[[[-5.5473,54.2975],[-5.5507,54.2951],[-5.5461,54.291],[-5.5426,54.2958],[-5.5473,54.2975]]]},"properties":null,"id":2532},
{"type":"Feature","geometry":{"type":"Polygon","coordinates":[[[-8.3277,55.1141],[-8.337,55.1223],[-8.3498,55.1236],[-8.3418,55.1188],[-8.3384,55.1196],[-8.3362,55.1147],[-8.3277,55.1141]]]},"properties":null,"id":2558},
{"type":"Feature","geometry":{"type":"Polygon","coordinates":[[[-8.3641,55.1007],[-8.3652,55.1043],[-8.3693,55.1041],[-8.3695,55.1014],[-8.3641,55.1007]]]},"properties":null,"id":2559},
{"type":"Feature","geometry":{"type":"Polygon","coordinates":[[[-7.8752,55.1729],[-7.8722,55.1759],[-7.8778,55.1762],[-7.8788,55.1749],[-7.8752,55.1729]]]},"properties":null,"id":2573},
{"type":"Feature","geometry":{"type":"Polygon","coordinates":[[[-8.1821,55.1799],[-8.1898,55.1766],[-8.1768,55.1767],[-8.1786,55.1698],[-8.1737,55.1683],[-8.1644,55.1696],[-8.1621,55.1755],[-8.167,55.1794],[-8.1701,55.1774],[-8.1764,55.1782],[-8.1789,55.1847],[-8.1848,55.1842],[-8.1821,55.1799]]]},"properties":null,"id":2574},
{"type":"Feature","geometry":{"type":"Polygon","coordinates":[[[-8.442,54.9894],[-8.4532,54.9919],[-8.4465,54.9868],[-8.442,54.9894]]]},"properties":null,"id":2579},
{"type":"Feature","geometry":{"type":"Polygon","coordinates":[[[-8.447,54.9701],[-8.4493,54.9768],[-8.4639,54.9832],[-8.4667,54.9741],[-8.4552,54.9691],[-8.447,54.9701]]]},"properties":null,"id":2581},
{"type":"Feature","geometry":{"type":"Polygon","coordinates":[[[-8.5265,54.9703],[-8.5203,54.9689],[-8.5228,54.9721],[-8.518,54.9736],[-8.5034,54.9716],[-8.4988,54.9749],[-8.4876,54.9732],[-8.4862,54.9827],[-8.4908,54.9868],[-8.4976,54.9878],[-8.5,54.9958],[-8.4948,55.0023],[-8.5082,55.0075],[-8.5129,55.0041],[-8.5193,55.011],[-8.5295,55.0122],[-8.5289,55.017],[-8.5416,55.0235],[-8.5425,55.0138],[-8.546,55.0125],[-8.5517,55.015],[-8.5521,55.0123],[-8.5586,55.0165],[-8.563,55.0141],[-8.5571,55.0083],[-8.548,55.0058],[-8.548,55.0014],[-8.56,54.9974],[-8.5632,54.9912],[-8.5586,54.9838],[-8.5662,54.983],[-8.5694,54.9787],[-8.566,54.9799],[-8.5669,54.9755],[-8.5586,54.9769],[-8.5596,54.9748],[-8.5547,54.974],[-8.5282,54.9734],[-8.5265,54.9703]]]},"properties":null,"id":2582},
{"type":"Feature","geometry":{"type":"Polygon","coordinates":[[[-8.4915,54.9545],[-8.4906,54.9579],[-8.5004,54.9587],[-8.4985,54.9559],[-8.4915,54.9545]]]},"properties":null,"id":2585},
{"type":"Feature","geometry":{"type":"Polygon","coordinates":[[[-8.4581,54.9557],[-8.4544,54.9543],[-8.4575,54.9522],[-8.4534,54.9532],[-8.4554,54.9514],[-8.4457,54.9483],[-8.4404,54.9492],[-8.4343,54.9524],[-8.4373,54.9614],[-8.4423,54.9625],[-8.4581,54.9557]]]},"properties":null,"id":2586},
{"type":"Feature","geometry":{"type":"Polygon","coordinates":[[[-7.2453,55.4304],[-7.2391,55.4309],[-7.2417,55.4288],[-7.2208,55.4332],[-7.2355,55.4321],[-7.2328,55.4349],[-7.2372,55.4353],[-7.2453,55.4304]]]},"properties":null,"id":2587},
{"type":"Feature","geometry":{"type":"Polygon","coordinates":[[[-8.202,55.2612],[-8.2072,55.2596],[-8.2063,55.2619],[-8.2174,55.2649],[-8.2183,55.2683],[-8.2225,55.2675],[-8.2197,55.2696],[-8.223,55.2687],[-8.2235,55.2713],[-8.2287,55.2679],[-8.2309,55.271],[-8.2383,55.2703],[-8.236,55.2744],[-8.2405,55.2729],[-8.2387,55.2749],[-8.2482,55.2742],[-8.2479,55.2761],[-8.2535,55.2736],[-8.2534,55.2676],[-8.2477,55.2644],[-8.2328,55.2613],[-8.2251,55.2645],[-8.2115,55.2531],[-8.1941,55.2541],[-8.1907,55.2645],[-8.1919,55.261],[-8.1937,55.264],[-8.1967,55.2606],[-8.195,55.2575],[-8.202,55.2612]]]},"properties":null,"id":2591},
{"type":"Feature","geometry":{"type":"Polygon","coordinates":[[[-8.1645,55.2019],[-8.1603,55.203],[-8.1601,55.2069],[-8.1648,55.2048],[-8.1645,55.2019]]]},"properties":null,"id":2595},
{"type":"Feature","geometry":{"type":"Polygon","coordinates":[[[-7.7926,55.1873],[-7.7835,55.1907],[-7.7888,55.1955],[-7.7863,55.1901],[-7.7948,55.1917],[-7.7997,55.1897],[-7.7926,55.1873]]]},"properties":null,"id":2596},
{"type":"Feature","geometry":{"type":"Polygon","coordinates":[[[-8.3354,55.101],[-8.3308,55.1041],[-8.3315,55.108],[-8.3404,55.109],[-8.3439,55.1016],[-8.3354,55.101]]]},"properties":null,"id":2598},
{"type":"Feature","geometry":{"type":"Polygon","coordinates":[[[-8.3561,55.0857],[-8.3559,55.0918],[-8.3611,55.096],[-8.3696,55.0959],[-8.3701,55.0939],[-8.3721,55.0961],[-8.3803,55.093],[-8.3784,55.0902],[-8.3697,55.0895],[-8.3808,55.0872],[-8.3764,55.0841],[-8.3673,55.0851],[-8.3573,55.0804],[-8.3481,55.0841],[-8.3488,55.0871],[-8.3561,55.0857]]]},"properties":null,"id":2601},
{"type":"Feature","geometry":{"type":"Polygon","coordinates":[[[-8.3367,55.0721],[-8.3324,55.0726],[-8.3332,55.0763],[-8.3419,55.0768],[-8.338,55.0748],[-8.3367,55.0721]]]},"properties":null,"id":2602},
{"type":"Feature","geometry":{"type":"Polygon","coordinates":[[[-8.3776,55.0608],[-8.3797,55.0659],[-8.386,55.0659],[-8.3838,55.0613],[-8.3776,55.0608]]]},"properties":null,"id":2603},
{"type":"Feature","geometry":{"type":"Polygon","coordinates":[[[-7.5995,55.0482],[-7.5942,55.0524],[-7.5942,55.0561],[-7.6004,55.0524],[-7.5995,55.0482]]]},"properties":null,"id":2604},
{"type":"Feature","geometry":{"type":"Polygon","coordinates":[[[-8.44,55.0531],[-8.4471,55.059],[-8.4458,55.0614],[-8.4618,55.058],[-8.4584,55.0553],[-8.4607,55.0533],[-8.4568,55.0528],[-8.4582,55.0485],[-8.4508,55.0478],[-8.44,55.0531]]]},"properties":null,"id":2605},
{"type":"Feature","geometry":{"type":"Polygon","coordinates":[[[-8.4075,55.029],[-8.4161,55.0315],[-8.4222,55.0502],[-8.4325,55.0524],[-8.4298,55.0511],[-8.4329,55.0472],[-8.4267,55.0431],[-8.4302,55.0404],[-8.4249,55.04],[-8.4194,55.0351],[-8.4308,55.0282],[-8.4353,55.0305],[-8.4377,55.0268],[-8.422,55.0263],[-8.4253,55.0203],[-8.411,55.0128],[-8.4075,55.029]]]},"properties":null,"id":2609},
{"type":"Feature","geometry":{"type":"Polygon","coordinates":[[[-8.4199,54.9477],[-8.4203,54.951],[-8.4306,54.9503],[-8.4319,54.9478],[-8.4199,54.9477]]]},"properties":null,"id":2610},
{"type":"Feature","geometry":{"type":"Polygon","coordinates":[[[-8.3948,54.9446],[-8.3951,54.948],[-8.4014,54.9481],[-8.3996,54.9462],[-8.3948,54.9446]]]},"properties":null,"id":2611},
{"type":"Feature","geometry":{"type":"Polygon","coordinates":[[[-8.4511,54.8449],[-8.4504,54.849],[-8.4643,54.8493],[-8.4567,54.8449],[-8.4511,54.8449]]]},"properties":null,"id":2614},
{"type":"Feature","geometry":{"type":"Polygon","coordinates":[[[-8.5572,54.8117],[-8.5589,54.8133],[-8.5553,54.8139],[-8.5635,54.8147],[-8.564,54.8119],[-8.5572,54.8117]]]},"properties":null,"id":2616},
{"type":"Feature","geometry":{"type":"Polygon","coordinates":[[[-8.1404,54.6357],[-8.1386,54.6381],[-8.1331,54.6404],[-8.1426,54.6376],[-8.1404,54.6357]]]},"properties":null,"id":2618},
{"type":"Feature","geometry":{"type":"Polygon","coordinates":[[[-8.1453,54.6222],[-8.1369,54.6228],[-8.1357,54.6241],[-8.1408,54.6259],[-8.1453,54.6222]]]},"properties":null,"id":2620},
{"type":"Feature","geometry":{"type":"Polygon","coordinates":[[[-6.1884,55.285],[-6.1958,55.2822],[-6.2009,55.2754],[-6.1996,55.2663],[-6.1911,55.2586],[-6.1802,55.2666],[-6.1814,55.2776],[-6.1754,55.2833],[-6.1781,55.2838],[-6.1738,55.2941],[-6.1679,55.2973],[-6.1698,55.3015],[-6.1985,55.3073],[-6.2186,55.3064],[-6.242,55.313],[-6.2453,55.3095],[-6.2555,55.3111],[-6.2601,55.3065],[-6.2708,55.3065],[-6.2796,55.3023],[-6.2865,55.2944],[-6.2755,55.2913],[-6.2656,55.293],[-6.2608,55.2898],[-6.2214,55.2956],[-6.1997,55.2934],[-6.1969,55.2911],[-6.1977,55.2929],[-6.1929,55.2928],[-6.1956,55.2914],[-6.1884,55.285]]]},"properties":null,"id":2622},
{"type":"Feature","geometry":{"type":"Polygon","coordinates":[[[-9.8604,54.3263],[-9.8656,54.3306],[-9.8694,54.3271],[-9.8604,54.3263]]]},"properties":null,"id":2636},
{"type":"Feature","geometry":{"type":"Polygon","coordinates":[[[-10.0903,54.2811],[-10.0875,54.2837],[-10.0917,54.2849],[-10.0957,54.2827],[-10.0903,54.2811]]]},"properties":null,"id":2639},
{"type":"Feature","geometry":{"type":"Polygon","coordinates":[[[-10.1263,54.2102],[-10.1325,54.2148],[-10.1356,54.2126],[-10.1326,54.2121],[-10.1347,54.2101],[-10.1182,54.208],[-10.1263,54.2102]]]},"properties":null,"id":2645},
{"type":"Feature","geometry":{"type":"Polygon","coordinates":[[[-10.1405,54.1996],[-10.1315,54.2007],[-10.1384,54.2046],[-10.1405,54.1996]]]},"properties":null,"id":2648},
{"type":"Feature","geometry":{"type":"Polygon","coordinates":[[[-10.1829,54.1609],[-10.1835,54.1616],[-10.1953,54.1593],[-10.1829,54.1609]]]},"properties":null,"id":2650},
{"type":"Feature","geometry":{"type":"Polygon","coordinates":[[[-10.2061,54.1414],[-10.1958,54.1471],[-10.2115,54.1472],[-10.2062,54.1451],[-10.213,54.1444],[-10.2061,54.1414]]]},"properties":null,"id":2651},
{"type":"Feature","geometry":{"type":"Polygon","coordinates":[[[-10.1937,54.1396],[-10.195,54.1426],[-10.2078,54.1394],[-10.2094,54.1365],[-10.2047,54.1334],[-10.2096,54.1329],[-10.2083,54.1297],[-10.2028,54.1286],[-10.2078,54.1255],[-10.2032,54.1249],[-10.1949,54.1315],[-10.1803,54.1297],[-10.1864,54.1325],[-10.1845,54.1371],[-10.1937,54.1396]]]},"properties":null,"id":2652},
{"type":"Feature","geometry":{"type":"Polygon","coordinates":[[[-10.0423,54.1664],[-10.0465,54.1647],[-10.0464,54.1608],[-10.0366,54.1642],[-10.0423,54.1664]]]},"properties":null,"id":2653},
{"type":"Feature","geometry":{"type":"Polygon","coordinates":[[[-10.2053,54.1236],[-10.2114,54.1243],[-10.2224,54.1195],[-10.2195,54.1191],[-10.2215,54.1166],[-10.2261,54.1174],[-10.2252,54.1152],[-10.2326,54.1141],[-10.2272,54.1119],[-10.2359,54.1114],[-10.2275,54.109],[-10.2362,54.1088],[-10.234,54.1067],[-10.2393,54.105],[-10.2327,54.1041],[-10.2244,54.1085],[-10.2262,54.1118],[-10.217,54.1126],[-10.2169,54.1149],[-10.2065,54.1132],[-10.2053,54.1236]]]},"properties":null,"id":2655},
{"type":"Feature","geometry":{"type":"Polygon","coordinates":[[[-9.8043,53.9614],[-9.8073,53.9578],[-9.8005,53.9573],[-9.8043,53.9614]]]},"properties":null,"id":2659},
{"type":"Feature","geometry":{"type":"Polygon","coordinates":[[[-9.6869,53.8956],[-9.6863,53.896],[-9.6956,53.8957],[-9.6869,53.8956]]]},"properties":null,"id":2662},
{"type":"Feature","geometry":{"type":"Polygon","coordinates":[[[-9.7032,53.8942],[-9.7021,53.8949],[-9.7127,53.8952],[-9.7032,53.8942]]]},"properties":null,"id":2663},
{"type":"Feature","geometry":{"type":"Polygon","coordinates":[[[-9.6965,53.891],[-9.6917,53.891],[-9.6885,53.8922],[-9.6976,53.8944],[-9.6965,53.891]]]},"properties":null,"id":2664},
{"type":"Feature","geometry":{"type":"Polygon","coordinates":[[[-9.6712,53.8883],[-9.6774,53.8914],[-9.6836,53.8889],[-9.6765,53.889],[-9.6712,53.8883]]]},"properties":null,"id":2665},
{"type":"Feature","geometry":{"type":"Polygon","coordinates":[[[-9.7017,53.8874],[-9.7117,53.8896],[-9.7098,53.8869],[-9.7017,53.8874]]]},"properties":null,"id":2666},
{"type":"Feature","geometry":{"type":"Polygon","coordinates":[[[-9.6621,53.887],[-9.6669,53.8877],[-9.6718,53.8854],[-9.6654,53.8852],[-9.6621,53.887]]]},"properties":null,"id":2667},
{"type":"Feature","geometry":{"type":"Polygon","coordinates":[[[-9.7248,53.8843],[-9.7248,53.8897],[-9.7235,53.8911],[-9.7332,53.8857],[-9.7248,53.8843]]]},"properties":null,"id":2668},
{"type":"Feature","geometry":{"type":"Polygon","coordinates":[[[-9.6862,53.8845],[-9.6937,53.8855],[-9.6948,53.8841],[-9.69,53.8831],[-9.6862,53.8845]]]},"properties":null,"id":2669},
{"type":"Feature","geometry":{"type":"Polygon","coordinates":[[[-9.6212,53.8795],[-9.6281,53.881],[-9.6289,53.879],[-9.6237,53.8785],[-9.6212,53.8795]]]},"properties":null,"id":2671},
{"type":"Feature","geometry":{"type":"Polygon","coordinates":[[[-9.571,53.8901],[-9.6011,53.8833],[-9.561,53.8876],[-9.571,53.8901]]]},"properties":null,"id":2673},
{"type":"Feature","geometry":{"type":"Polygon","coordinates":[[[-9.5927,53.861],[-9.5966,53.8623],[-9.6089,53.8622],[-9.6074,53.8615],[-9.5927,53.861]]]},"properties":null,"id":2674},
{"type":"Feature","geometry":{"type":"Polygon","coordinates":[[[-9.6329,53.8619],[-9.6377,53.8597],[-9.6318,53.8591],[-9.6329,53.8619]]]},"properties":null,"id":2675},
{"type":"Feature","geometry":{"type":"Polygon","coordinates":[[[-9.6509,53.8566],[-9.6504,53.8603],[-9.6582,53.8589],[-9.6509,53.8566]]]},"properties":null,"id":2676},
{"type":"Feature","geometry":{"type":"Polygon","coordinates":[[[-9.6134,53.8594],[-9.6155,53.8554],[-9.6058,53.8551],[-9.6063,53.858],[-9.6134,53.8594]]]},"properties":null,"id":2677},
{"type":"Feature","geometry":{"type":"Polygon","coordinates":[[[-9.6251,53.8519],[-9.6282,53.8538],[-9.6342,53.8533],[-9.6289,53.8519],[-9.6251,53.8519]]]},"properties":null,"id":2678},
{"type":"Feature","geometry":{"type":"Polygon","coordinates":[[[-9.667,53.8498],[-9.6666,53.8535],[-9.6738,53.8493],[-9.667,53.8498]]]},"properties":null,"id":2679},
{"type":"Feature","geometry":{"type":"Polygon","coordinates":[[[-9.6179,53.8498],[-9.6049,53.8508],[-9.6245,53.8507],[-9.6179,53.8498]]]},"properties":null,"id":2680},
{"type":"Feature","geometry":{"type":"Polygon","coordinates":[[[-9.6574,53.848],[-9.6503,53.8486],[-9.6431,53.8509],[-9.6477,53.8515],[-9.6574,53.848]]]},"properties":null,"id":2681},
{"type":"Feature","geometry":{"type":"Polygon","coordinates":[[[-9.6396,53.8402],[-9.6267,53.8444],[-9.6344,53.8459],[-9.6457,53.8418],[-9.6396,53.8402]]]},"properties":null,"id":2682},
{"type":"Feature","geometry":{"type":"Polygon","coordinates":[[[-9.661,53.8432],[-9.6774,53.8359],[-9.6604,53.8382],[-9.6576,53.84],[-9.6607,53.843],[-9.6556,53.8426],[-9.6484,53.8467],[-9.661,53.8432]]]},"properties":null,"id":2684},
{"type":"Feature","geometry":{"type":"Polygon","coordinates":[[[-9.6619,53.8304],[-9.6695,53.8296],[-9.6705,53.8264],[-9.6619,53.8304]]]},"properties":null,"id":2685},
{"type":"Feature","geometry":{"type":"Polygon","coordinates":[[[-9.6279,53.8309],[-9.6324,53.8382],[-9.652,53.8352],[-9.6349,53.836],[-9.6337,53.8338],[-9.6441,53.8296],[-9.6379,53.8293],[-9.6412,53.8272],[-9.6368,53.827],[-9.6297,53.8274],[-9.6279,53.8309]]]},"properties":null,"id":2687},
{"type":"Feature","geometry":{"type":"Polygon","coordinates":[[[-9.6458,53.8213],[-9.6505,53.8224],[-9.6475,53.8257],[-9.6527,53.8262],[-9.6571,53.8213],[-9.6458,53.8213]]]},"properties":null,"id":2688},
{"type":"Feature","geometry":{"type":"Polygon","coordinates":[[[-9.6251,53.8206],[-9.6295,53.821],[-9.632,53.8206],[-9.6302,53.8185],[-9.6251,53.8206]]]},"properties":null,"id":2689},
{"type":"Feature","geometry":{"type":"Polygon","coordinates":[[[-9.6348,53.8159],[-9.6391,53.8178],[-9.6486,53.8185],[-9.6442,53.8169],[-9.6348,53.8159]]]},"properties":null,"id":2690},
{"type":"Feature","geometry":{"type":"Polygon","coordinates":[[[-9.6319,53.8131],[-9.6377,53.8136],[-9.6262,53.8088],[-9.6319,53.8131]]]},"properties":null,"id":2692},
{"type":"Feature","geometry":{"type":"Polygon","coordinates":[[[-9.627,53.8046],[-9.6278,53.8058],[-9.6357,53.8042],[-9.627,53.8046]]]},"properties":null,"id":2693},
{"type":"Feature","geometry":{"type":"Polygon","coordinates":[[[-9.6351,53.7986],[-9.6399,53.8004],[-9.6436,53.7983],[-9.64,53.7977],[-9.6351,53.7986]]]},"properties":null,"id":2694},
{"type":"Feature","geometry":{"type":"Polygon","coordinates":[[[-9.5984,53.788],[-9.6051,53.7878],[-9.6096,53.785],[-9.6011,53.7858],[-9.6032,53.7869],[-9.5948,53.7849],[-9.5947,53.7874],[-9.5992,53.7871],[-9.5927,53.7895],[-9.5906,53.7881],[-9.5929,53.7924],[-9.5912,53.793],[-9.5898,53.7916],[-9.5882,53.794],[-9.5959,53.7935],[-9.5984,53.788]]]},"properties":null,"id":2698},
{"type":"Feature","geometry":{"type":"Polygon","coordinates":[[[-10.0259,53.7129],[-10.0215,53.715],[-10.024,53.7184],[-10.0386,53.7207],[-10.0366,53.7172],[-10.0259,53.7129]]]},"properties":null,"id":2699},
{"type":"Feature","geometry":{"type":"Polygon","coordinates":[[[-10.0687,53.6792],[-10.0712,53.6823],[-10.0776,53.6813],[-10.0732,53.6791],[-10.0687,53.6792]]]},"properties":null,"id":2700},
{"type":"Feature","geometry":{"type":"Polygon","coordinates":[[[-9.9093,53.6388],[-9.9149,53.6405],[-9.9191,53.6382],[-9.9172,53.637],[-9.9093,53.6388]]]},"properties":null,"id":2701},
{"type":"Feature","geometry":{"type":"Polygon","coordinates":[[[-10.1443,53.628],[-10.1366,53.6258],[-10.1252,53.6272],[-10.1297,53.629],[-10.1443,53.628]]]},"properties":null,"id":2702},
{"type":"Feature","geometry":{"type":"Polygon","coordinates":[[[-9.9938,53.6195],[-9.9999,53.6268],[-10.0059,53.6278],[-10.0028,53.622],[-9.9938,53.6195]]]},"properties":null,"id":2703},
{"type":"Feature","geometry":{"type":"Polygon","coordinates":[[[-10.1738,53.6104],[-10.1579,53.6124],[-10.1658,53.6146],[-10.1789,53.6125],[-10.1738,53.6104]]]},"properties":null,"id":2705},
{"type":"Feature","geometry":{"type":"Polygon","coordinates":[[[-10.2848,53.6073],[-10.2688,53.6039],[-10.2628,53.6054],[-10.262,53.6085],[-10.2684,53.6134],[-10.2783,53.614],[-10.2896,53.6192],[-10.2898,53.6164],[-10.2961,53.6144],[-10.2925,53.6106],[-10.3037,53.6026],[-10.296,53.6001],[-10.2848,53.6073]]]},"properties":null,"id":2706},
{"type":"Feature","geometry":{"type":"Polygon","coordinates":[[[-10.2647,53.5937],[-10.2597,53.5967],[-10.2621,53.5988],[-10.2675,53.5976],[-10.2647,53.5937]]]},"properties":null,"id":2708},
{"type":"Feature","geometry":{"type":"Polygon","coordinates":[[[-10.0403,53.5754],[-10.0389,53.5786],[-10.0514,53.5802],[-10.0454,53.5752],[-10.0403,53.5754]]]},"properties":null,"id":2709},
{"type":"Feature","geometry":{"type":"Polygon","coordinates":[[[-9.9877,53.5663],[-9.9963,53.5666],[-9.9936,53.5644],[-9.9877,53.5663]]]},"properties":null,"id":2710},
{"type":"Feature","geometry":{"type":"Polygon","coordinates":[[[-10.2248,53.5503],[-10.2344,53.55],[-10.2342,53.5475],[-10.2248,53.5503]]]},"properties":null,"id":2711},
{"type":"Feature","geometry":{"type":"Polygon","coordinates":[[[-10.258,53.5424],[-10.248,53.5491],[-10.2612,53.5475],[-10.2636,53.5431],[-10.258,53.5424]]]},"properties":null,"id":2714},
{"type":"Feature","geometry":{"type":"Polygon","coordinates":[[[-10.2076,53.5241],[-10.2232,53.5269],[-10.2275,53.5236],[-10.2217,53.5221],[-10.2076,53.5241]]]},"properties":null,"id":2715},
{"type":"Feature","geometry":{"type":"Polygon","coordinates":[[[-10.1445,53.5127],[-10.151,53.5154],[-10.1579,53.5145],[-10.1576,53.5091],[-10.1643,53.5068],[-10.1605,53.5057],[-10.1521,53.5066],[-10.1445,53.5127]]]},"properties":null,"id":2716},
{"type":"Feature","geometry":{"type":"Polygon","coordinates":[[[-10.1374,53.5017],[-10.1515,53.5038],[-10.1599,53.5021],[-10.1609,53.499],[-10.168,53.5002],[-10.1591,53.4976],[-10.1483,53.4973],[-10.1433,53.5003],[-10.1352,53.4987],[-10.1374,53.5017]]]},"properties":null,"id":2717},
{"type":"Feature","geometry":{"type":"Polygon","coordinates":[[[-10.1557,53.4426],[-10.1522,53.4461],[-10.1643,53.4436],[-10.1637,53.442],[-10.1557,53.4426]]]},"properties":null,"id":2724},
{"type":"Feature","geometry":{"type":"Polygon","coordinates":[[[-10.042,53.3976],[-10.0395,53.403],[-10.0438,53.4043],[-10.0476,53.4017],[-10.042,53.3976]]]},"properties":null,"id":2727},
{"type":"Feature","geometry":{"type":"Polygon","coordinates":[[[-9.8241,53.3926],[-9.822,53.3967],[-9.8297,53.3966],[-9.831,53.3943],[-9.8241,53.3926]]]},"properties":null,"id":2728},
{"type":"Feature","geometry":{"type":"Polygon","coordinates":[[[-10.1209,53.3942],[-10.1253,53.3984],[-10.1257,53.3937],[-10.1314,53.3919],[-10.1278,53.3891],[-10.1209,53.3942]]]},"properties":null,"id":2732},
{"type":"Feature","geometry":{"type":"Polygon","coordinates":[[[-9.9069,53.3939],[-9.903,53.394],[-9.9029,53.3875],[-9.9077,53.3793],[-9.9018,53.3757],[-9.8933,53.3759],[-9.888,53.3812],[-9.9021,53.3903],[-9.9,53.3928],[-9.8914,53.3913],[-9.8866,53.3949],[-9.8916,53.4017],[-9.9058,53.4029],[-9.8956,53.405],[-9.8976,53.4163],[-9.9092,53.4148],[-9.9044,53.4113],[-9.9111,53.4092],[-9.9064,53.4085],[-9.9069,53.3939]]]},"properties":null,"id":2735},
{"type":"Feature","geometry":{"type":"Polygon","coordinates":[[[-9.9059,53.349],[-9.9004,53.3513],[-9.9035,53.3539],[-9.9086,53.3522],[-9.9059,53.349]]]},"properties":null,"id":2739},
{"type":"Feature","geometry":{"type":"Polygon","coordinates":[[[-9.5935,53.3485],[-9.5919,53.3533],[-9.5992,53.3553],[-9.6009,53.3526],[-9.5935,53.3485]]]},"properties":null,"id":2740},
{"type":"Feature","geometry":{"type":"Polygon","coordinates":[[[-9.6638,53.3495],[-9.6511,53.3517],[-9.6487,53.3547],[-9.6579,53.3565],[-9.6638,53.3495]]]},"properties":null,"id":2741},
{"type":"Feature","geometry":{"type":"Polygon","coordinates":[[[-9.6725,53.354],[-9.6806,53.3519],[-9.6779,53.349],[-9.6724,53.3504],[-9.6681,53.3481],[-9.6654,53.352],[-9.6725,53.354]]]},"properties":null,"id":2742},
{"type":"Feature","geometry":{"type":"Polygon","coordinates":[[[-9.9723,53.3197],[-9.9641,53.3291],[-9.9799,53.3287],[-9.9762,53.3198],[-9.9723,53.3197]]]},"properties":null,"id":2744},
{"type":"Feature","geometry":{"type":"Polygon","coordinates":[[[-9.6502,53.3163],[-9.6519,53.3108],[-9.6351,53.3119],[-9.6345,53.3056],[-9.6305,53.3091],[-9.6254,53.3086],[-9.6251,53.3127],[-9.6306,53.3115],[-9.6371,53.3138],[-9.6286,53.3177],[-9.6312,53.3205],[-9.6406,53.3204],[-9.6502,53.3163]]]},"properties":null,"id":2746},
{"type":"Feature","geometry":{"type":"Polygon","coordinates":[[[-9.9231,53.3029],[-9.9143,53.3002],[-9.9116,53.303],[-9.9164,53.3032],[-9.9182,53.3072],[-9.9263,53.3075],[-9.9231,53.3029]]]},"properties":null,"id":2748},
{"type":"Feature","geometry":{"type":"Polygon","coordinates":[[[-9.8869,53.2974],[-9.8801,53.3036],[-9.8878,53.3035],[-9.8957,53.2981],[-9.8869,53.2974]]]},"properties":null,"id":2749},
{"type":"Feature","geometry":{"type":"Polygon","coordinates":[[[-9.7199,53.2919],[-9.7151,53.2955],[-9.7152,53.2984],[-9.7215,53.2952],[-9.7199,53.2919]]]},"properties":null,"id":2750},
{"type":"Feature","geometry":{"type":"Polygon","coordinates":[[[-9.8323,53.3077],[-9.837,53.3097],[-9.8326,53.3083],[-9.831,53.3104],[-9.8424,53.3141],[-9.8395,53.3105],[-9.8434,53.3077],[-9.8323,53.3077]]]},"properties":null,"id":2751},
{"type":"Feature","geometry":{"type":"Polygon","coordinates":[[[-9.6761,53.2881],[-9.6693,53.2852],[-9.6707,53.2869],[-9.6604,53.2891],[-9.6489,53.2882],[-9.6487,53.2933],[-9.6336,53.2934],[-9.6293,53.2972],[-9.644,53.3043],[-9.6512,53.3035],[-9.6508,53.3002],[-9.6568,53.3025],[-9.6592,53.3007],[-9.6628,53.3058],[-9.6697,53.3069],[-9.6727,53.305],[-9.6718,53.3083],[-9.6843,53.3099],[-9.7085,53.3022],[-9.7118,53.2967],[-9.6904,53.2897],[-9.6937,53.2868],[-9.7105,53.2896],[-9.7074,53.2853],[-9.6885,53.2796],[-9.6832,53.2826],[-9.6873,53.2849],[-9.6839,53.2872],[-9.6761,53.2881]]]},"properties":null,"id":2754},
{"type":"Feature","geometry":{"type":"Polygon","coordinates":[[[-9.7322,53.2799],[-9.7287,53.2798],[-9.7313,53.2828],[-9.7398,53.2823],[-9.7412,53.2843],[-9.7454,53.2817],[-9.7342,53.2764],[-9.7322,53.2799]]]},"properties":null,"id":2756},
{"type":"Feature","geometry":{"type":"Polygon","coordinates":[[[-9.7918,53.2706],[-9.7894,53.2744],[-9.7922,53.2766],[-9.7972,53.2737],[-9.7918,53.2706]]]},"properties":null,"id":2757},
{"type":"Feature","geometry":{"type":"Polygon","coordinates":[[[-9.753,53.2461],[-9.7498,53.2507],[-9.7573,53.2524],[-9.7606,53.2478],[-9.753,53.2461]]]},"properties":null,"id":2758},
{"type":"Feature","geometry":{"type":"Polygon","coordinates":[[[-9.7653,53.2357],[-9.7643,53.2396],[-9.7707,53.2362],[-9.7653,53.2357]]]},"properties":null,"id":2760},
{"type":"Feature","geometry":{"type":"Polygon","coordinates":[[[-9.7618,53.2299],[-9.7659,53.2332],[-9.7724,53.2301],[-9.7618,53.2299]]]},"properties":null,"id":2762},
{"type":"Feature","geometry":{"type":"Polygon","coordinates":[[[-9.7407,53.2381],[-9.745,53.2368],[-9.7384,53.2348],[-9.7533,53.2321],[-9.7527,53.2356],[-9.7609,53.2296],[-9.7555,53.2272],[-9.7483,53.2302],[-9.7363,53.2282],[-9.7321,53.232],[-9.7227,53.2268],[-9.7188,53.2276],[-9.7175,53.2315],[-9.7233,53.2386],[-9.7187,53.247],[-9.7315,53.25],[-9.7338,53.2466],[-9.7431,53.2471],[-9.7407,53.2381]]]},"properties":null,"id":2764},
{"type":"Feature","geometry":{"type":"Polygon","coordinates":[[[-9.648,53.2728],[-9.6454,53.2773],[-9.6538,53.2784],[-9.6514,53.2827],[-9.6612,53.2853],[-9.6642,53.283],[-9.66,53.2808],[-9.6604,53.2797],[-9.6626,53.2817],[-9.6744,53.2794],[-9.6817,53.2816],[-9.6815,53.2712],[-9.7003,53.2694],[-9.6993,53.2665],[-9.7139,53.2668],[-9.7232,53.2641],[-9.7232,53.2603],[-9.7169,53.2571],[-9.7188,53.254],[-9.7128,53.2517],[-9.709,53.254],[-9.7034,53.2524],[-9.7182,53.2428],[-9.7145,53.2348],[-9.71,53.2338],[-9.7125,53.2317],[-9.7035,53.2325],[-9.7025,53.2254],[-9.6786,53.2297],[-9.6796,53.2286],[-9.6842,53.2275],[-9.6842,53.2267],[-9.6769,53.224],[-9.6569,53.2256],[-9.6527,53.2296],[-9.6484,53.2272],[-9.6461,53.2305],[-9.6503,53.2335],[-9.6419,53.2421],[-9.6418,53.2577],[-9.6447,53.2644],[-9.6543,53.266],[-9.6621,53.2764],[-9.6613,53.2765],[-9.6568,53.274],[-9.6555,53.2712],[-9.648,53.2728]]]},"properties":null,"id":2766},
{"type":"Feature","geometry":{"type":"Polygon","coordinates":[[[-9.6936,53.2213],[-9.6876,53.2221],[-9.6872,53.2239],[-9.6949,53.2251],[-9.6936,53.2213]]]},"properties":null,"id":2767},
{"type":"Feature","geometry":{"type":"Polygon","coordinates":[[[-8.9784,53.2083],[-8.9905,53.2101],[-8.9888,53.2084],[-8.9822,53.2062],[-8.9784,53.2083]]]},"properties":null,"id":2769},
{"type":"Feature","geometry":{"type":"Polygon","coordinates":[[[-8.9922,53.1973],[-8.9905,53.1991],[-8.9864,53.1979],[-8.9881,53.1991],[-8.9909,53.1992],[-8.9916,53.199],[-8.9921,53.1987],[-8.9926,53.1973],[-9.0083,53.1909],[-9.0032,53.1899],[-8.9994,53.1908],[-8.9948,53.1901],[-8.9932,53.1903],[-8.9922,53.1929],[-8.9947,53.1902],[-9.0027,53.1924],[-8.9939,53.1949],[-8.9713,53.1927],[-8.966,53.1947],[-8.9848,53.1974],[-8.9768,53.1944],[-8.9922,53.1973]]]},"properties":null,"id":2771},
{"type":"Feature","geometry":{"type":"Polygon","coordinates":[[[-9.855,53.1455],[-9.8558,53.1504],[-9.862,53.1505],[-9.8601,53.1465],[-9.855,53.1455]]]},"properties":null,"id":2774},
{"type":"Feature","geometry":{"type":"Polygon","coordinates":[[[-9.6065,53.0652],[-9.5764,53.0726],[-9.5738,53.0806],[-9.5622,53.0857],[-9.5633,53.0997],[-9.5788,53.1025],[-9.58,53.0988],[-9.5873,53.1009],[-9.5989,53.097],[-9.598,53.0928],[-9.6169,53.0793],[-9.6152,53.0755],[-9.6204,53.068],[-9.6167,53.0652],[-9.6065,53.0652]]]},"properties":null,"id":2781},
{"type":"Feature","geometry":{"type":"Polygon","coordinates":[[[-9.5022,53.06],[-9.5134,53.0671],[-9.5329,53.0686],[-9.5467,53.0625],[-9.5562,53.0491],[-9.5417,53.049],[-9.5372,53.0459],[-9.5263,53.0452],[-9.506,53.0553],[-9.5026,53.0546],[-9.5022,53.06]]]},"properties":null,"id":2783},
{"type":"Feature","geometry":{"type":"Polygon","coordinates":[[[-9.5079,52.8149],[-9.5097,52.8171],[-9.5159,52.8128],[-9.5373,52.8143],[-9.5326,52.812],[-9.5321,52.8071],[-9.5136,52.8106],[-9.5079,52.8149]]]},"properties":null,"id":2785},
{"type":"Feature","geometry":{"type":"Polygon","coordinates":[[[-9.0328,52.7424],[-9.028,52.7465],[-9.0298,52.7499],[-9.0323,52.749],[-9.0328,52.7424]]]},"properties":null,"id":2787},
{"type":"Feature","geometry":{"type":"Polygon","coordinates":[[[-8.9629,52.7155],[-8.9611,52.7183],[-8.9631,52.7187],[-8.9655,52.7184],[-8.9668,52.7159],[-8.9629,52.7155]]]},"properties":null,"id":2788},
{"type":"Feature","geometry":{"type":"Polygon","coordinates":[[[-9.049,52.7066],[-9.0389,52.711],[-9.0218,52.7123],[-9.0157,52.7193],[-9.0217,52.7187],[-9.0258,52.7211],[-9.0354,52.7195],[-9.0564,52.7093],[-9.049,52.7066]]]},"properties":null,"id":2790},
{"type":"Feature","geometry":{"type":"Polygon","coordinates":[[[-8.9914,52.7125],[-8.9926,52.717],[-9.0112,52.7144],[-9.02,52.7049],[-9.015,52.7078],[-8.9914,52.7125]]]},"properties":null,"id":2791},
{"type":"Feature","geometry":{"type":"Polygon","coordinates":[[[-8.9611,52.705],[-8.9536,52.7012],[-8.9533,52.701],[-8.9532,52.7011],[-8.9351,52.7122],[-8.9423,52.7154],[-8.9611,52.705]]]},"properties":null,"id":2792},
{"type":"Feature","geometry":{"type":"Polygon","coordinates":[[[-8.9625,52.7091],[-8.9803,52.7088],[-8.9738,52.7008],[-8.9625,52.7091]]]},"properties":null,"id":2793},
{"type":"Feature","geometry":{"type":"Polygon","coordinates":[[[-9.0538,52.6928],[-9.053,52.6967],[-9.0597,52.6927],[-9.0538,52.6928]]]},"properties":null,"id":2794},
{"type":"Feature","geometry":{"type":"Polygon","coordinates":[[[-9.0589,52.6763],[-9.0421,52.6834],[-9.0385,52.6869],[-9.0417,52.69],[-9.0574,52.6837],[-9.0611,52.6792],[-9.0589,52.6763]]]},"properties":null,"id":2795},
{"type":"Feature","geometry":{"type":"Polygon","coordinates":[[[-9.0136,52.6816],[-9.0174,52.6793],[-9.0225,52.6807],[-9.0275,52.6764],[-9.0183,52.6728],[-9.0136,52.6816]]]},"properties":null,"id":2796},
{"type":"Feature","geometry":{"type":"Polygon","coordinates":[[[-9.0368,52.6809],[-9.0476,52.6793],[-9.0529,52.6744],[-9.0472,52.6757],[-9.0462,52.6725],[-9.0576,52.6685],[-9.0591,52.6652],[-9.0471,52.6678],[-9.0368,52.6809]]]},"properties":null,"id":2797},
{"type":"Feature","geometry":{"type":"Polygon","coordinates":[[[-9.0684,52.6648],[-9.0597,52.6717],[-9.0654,52.6721],[-9.0713,52.6682],[-9.0684,52.6648]]]},"properties":null,"id":2798},
{"type":"Feature","geometry":{"type":"Polygon","coordinates":[[[-9.0107,52.6271],[-9.0057,52.6293],[-9.0057,52.6341],[-9.0097,52.6318],[-9.0107,52.6271]]]},"properties":null,"id":2799},
{"type":"Feature","geometry":{"type":"Polygon","coordinates":[[[-9.108,52.6157],[-9.1024,52.6182],[-9.105,52.6261],[-9.1134,52.6279],[-9.1243,52.622],[-9.1166,52.617],[-9.108,52.6157]]]},"properties":null,"id":2800},
{"type":"Feature","geometry":{"type":"Polygon","coordinates":[[[-10.0468,52.3316],[-10.0457,52.3351],[-10.0527,52.3322],[-10.0519,52.3318],[-10.0468,52.3316]]]},"properties":null,"id":2801},
{"type":"Feature","geometry":{"type":"Polygon","coordinates":[[[-10.0254,52.3242],[-10.0192,52.3261],[-10.0219,52.3295],[-10.0248,52.3291],[-10.0254,52.3242]]]},"properties":null,"id":2802},
{"type":"Feature","geometry":{"type":"Polygon","coordinates":[[[-10.313,51.9393],[-10.3154,51.9347],[-10.3084,51.9357],[-10.3038,51.9314],[-10.2875,51.9384],[-10.2892,51.9405],[-10.2985,51.9379],[-10.3061,51.9419],[-10.313,51.9393]]]},"properties":null,"id":2803},
{"type":"Feature","geometry":{"type":"Polygon","coordinates":[[[-9.6515,51.8484],[-9.6519,51.8497],[-9.6598,51.8468],[-9.6515,51.8484]]]},"properties":null,"id":2804},
{"type":"Feature","geometry":{"type":"Polygon","coordinates":[[[-10.414,51.8314],[-10.4051,51.8374],[-10.4052,51.8357],[-10.401,51.8369],[-10.4014,51.8428],[-10.4111,51.8395],[-10.4119,51.8366],[-10.4076,51.8367],[-10.414,51.8349],[-10.414,51.8314]]]},"properties":null,"id":2805},
{"type":"Feature","geometry":{"type":"Polygon","coordinates":[[[-9.7557,51.8243],[-9.7498,51.8261],[-9.7438,51.8262],[-9.7536,51.8266],[-9.7557,51.8243]]]},"properties":null,"id":2806},
{"type":"Feature","geometry":{"type":"Polygon","coordinates":[[[-10.2669,51.8074],[-10.2606,51.8085],[-10.2597,51.8117],[-10.2675,51.8105],[-10.2669,51.8074]]]},"properties":null,"id":2807},
{"type":"Feature","geometry":{"type":"Polygon","coordinates":[[[-10.5033,51.7829],[-10.5109,51.783],[-10.5124,51.7807],[-10.5033,51.7829]]]},"properties":null,"id":2808},
{"type":"Feature","geometry":{"type":"Polygon","coordinates":[[[-10.5424,51.7678],[-10.5373,51.7702],[-10.5361,51.7746],[-10.5438,51.772],[-10.5424,51.7678]]]},"properties":null,"id":2809},
{"type":"Feature","geometry":{"type":"Polygon","coordinates":[[[-9.5394,51.7387],[-9.5474,51.7362],[-9.5463,51.7337],[-9.5394,51.7387]]]},"properties":null,"id":2810},
{"type":"Feature","geometry":{"type":"Polygon","coordinates":[[[-2.92,59.125],[-2.908,59.1617],[-2.9282,59.1701],[-2.9408,59.1661],[-2.9451,59.155],[-2.9419,59.1541],[-2.9386,59.1419],[-2.937,59.1444],[-2.9387,59.1399],[-2.92,59.125]]]},"properties":null,"id":2811},
{"type":"Feature","geometry":{"type":"Polygon","coordinates":[[[-3.0559,58.7505],[-3.0548,58.7475],[-3.0727,58.736],[-3.0638,58.7358],[-3.0533,58.7396],[-3.0499,58.7517],[-3.0559,58.7505]]]},"properties":null,"id":2812},
{"type":"Feature","geometry":{"type":"Polygon","coordinates":[[[-2.8286,59.2299],[-2.8261,59.2335],[-2.8322,59.2396],[-2.836,59.2372],[-2.8286,59.2299]]]},"properties":null,"id":2813},
{"type":"Feature","geometry":{"type":"Polygon","coordinates":[[[-3.1091,58.7949],[-3.0993,58.7972],[-3.0932,58.804],[-3.1128,58.7981],[-3.1079,58.7976],[-3.1091,58.7949]]]},"properties":null,"id":2814},
{"type":"Feature","geometry":{"type":"Polygon","coordinates":[[[-3.1888,58.9088],[-3.184,58.9104],[-3.1906,58.9126],[-3.1929,58.9104],[-3.1888,58.9088]]]},"properties":null,"id":2815},
{"type":"Feature","geometry":{"type":"Polygon","coordinates":[[[-3.1175,59.1396],[-3.1099,59.1429],[-3.1111,59.1464],[-3.1262,59.1485],[-3.1287,59.1421],[-3.1175,59.1396]]]},"properties":null,"id":2816},
{"type":"Feature","geometry":{"type":"Polygon","coordinates":[[[-2.4856,59.2879],[-2.5128,59.274],[-2.524,59.2719],[-2.5298,59.2666],[-2.5455,59.2653],[-2.5397,59.2639],[-2.5441,59.2602],[-2.5538,59.2625],[-2.5545,59.2666],[-2.5573,59.2646],[-2.5574,59.2666],[-2.5551,59.2674],[-2.5511,59.2661],[-2.5508,59.2671],[-2.554,59.269],[-2.5579,59.2666],[-2.5579,59.2646],[-2.5542,59.2633],[-2.5559,59.2607],[-2.5705,59.2603],[-2.5823,59.2648],[-2.5737,59.2677],[-2.5749,59.2752],[-2.5616,59.2797],[-2.5553,59.278],[-2.5584,59.2751],[-2.5528,59.2759],[-2.5565,59.2873],[-2.5502,59.2922],[-2.5382,59.2933],[-2.5293,59.2991],[-2.5292,59.3028],[-2.5424,59.3022],[-2.5581,59.3055],[-2.5642,59.2991],[-2.5752,59.2945],[-2.5827,59.2926],[-2.593,59.2939],[-2.6054,59.2894],[-2.6152,59.2945],[-2.6143,59.2827],[-2.5972,59.2757],[-2.5929,59.269],[-2.6016,59.2657],[-2.6065,59.2682],[-2.61,59.2671],[-2.6075,59.2634],[-2.6042,59.2648],[-2.6011,59.2631],[-2.602,59.2595],[-2.6111,59.2562],[-2.6177,59.2576],[-2.6258,59.2559],[-2.6414,59.2458],[-2.656,59.2419],[-2.6696,59.2248],[-2.6749,59.2241],[-2.6776,59.2275],[-2.6814,59.2261],[-2.6788,59.2199],[-2.6959,59.2215],[-2.7017,59.2042],[-2.6946,59.1846],[-2.6863,59.1857],[-2.6906,59.1964],[-2.6879,59.2041],[-2.6812,59.2037],[-2.6748,59.191],[-2.6727,59.2026],[-2.664,59.2105],[-2.6538,59.2102],[-2.6554,59.2137],[-2.6448,59.219],[-2.6358,59.2361],[-2.6245,59.2384],[-2.6081,59.2374],[-2.6026,59.2352],[-2.6065,59.2311],[-2.602,59.2292],[-2.5882,59.2415],[-2.5763,59.2403],[-2.5793,59.2424],[-2.5702,59.2449],[-2.5608,59.2386],[-2.5701,59.2352],[-2.5737,59.2382],[-2.5749,59.2381],[-2.5766,59.2375],[-2.5811,59.2257],[-2.5702,59.2208],[-2.5694,59.234],[-2.5656,59.2365],[-2.5489,59.2386],[-2.5378,59.2349],[-2.5246,59.2379],[-2.5324,59.2393],[-2.5276,59.2485],[-2.5383,59.2506],[-2.5311,59.257],[-2.524,59.2578],[-2.5106,59.2528],[-2.5239,59.2339],[-2.5073,59.223],[-2.5067,59.2291],[-2.5185,59.2339],[-2.5192,59.2403],[-2.4773,59.2779],[-2.4666,59.281],[-2.4366,59.2837],[-2.4261,59.2818],[-2.423,59.2751],[-2.4075,59.2794],[-2.4003,59.2762],[-2.39,59.2785],[-2.405,59.2809],[-2.4163,59.2872],[-2.4173,59.2966],[-2.4227,59.3015],[-2.4169,59.3109],[-2.4226,59.3127],[-2.4291,59.312],[-2.4472,59.3037],[-2.4488,59.2909],[-2.4597,59.2879],[-2.4856,59.2879]]]},"properties":null,"id":2817},
{"type":"Feature","geometry":{"type":"Polygon","coordinates":[[[-2.8984,59.0273],[-2.9064,59.0259],[-2.9016,59.0184],[-2.8996,59.0185],[-2.8984,59.0273]]]},"properties":null,"id":2818},
{"type":"Feature","geometry":{"type":"Polygon","coordinates":[[[-2.8235,59.1946],[-2.8277,59.1878],[-2.8266,59.1758],[-2.8235,59.1712],[-2.8149,59.1726],[-2.8101,59.1672],[-2.7989,59.1643],[-2.7945,59.1601],[-2.7966,59.1527],[-2.7896,59.1463],[-2.7902,59.1386],[-2.7841,59.1388],[-2.7717,59.1446],[-2.7559,59.1456],[-2.7422,59.1434],[-2.7399,59.1523],[-2.7485,59.1566],[-2.7491,59.1549],[-2.7538,59.1562],[-2.7576,59.1598],[-2.757,59.1821],[-2.7593,59.1892],[-2.766,59.1919],[-2.7526,59.1965],[-2.7487,59.2054],[-2.7566,59.2094],[-2.7441,59.2091],[-2.7338,59.218],[-2.7372,59.2251],[-2.7491,59.2301],[-2.7628,59.2318],[-2.7636,59.2379],[-2.7546,59.2505],[-2.784,59.2402],[-2.7905,59.2347],[-2.783,59.2278],[-2.7911,59.2139],[-2.7779,59.2082],[-2.7761,59.203],[-2.7798,59.1895],[-2.8028,59.1835],[-2.8186,59.1876],[-2.8235,59.1946]]]},"properties":null,"id":2819},
{"type":"Feature","geometry":{"type":"Polygon","coordinates":[[[-3.0046,59.1135],[-3.0116,59.1134],[-3.0056,59.1121],[-2.9803,59.1138],[-2.9673,59.1108],[-2.9507,59.1177],[-2.9546,59.1262],[-2.9631,59.1279],[-3.0046,59.1135]]]},"properties":null,"id":2820},
{"type":"Feature","geometry":{"type":"Polygon","coordinates":[[[-2.5812,59.1553],[-2.5879,59.1571],[-2.5927,59.1525],[-2.6015,59.1525],[-2.5995,59.1475],[-2.5989,59.1496],[-2.6003,59.1505],[-2.5947,59.1518],[-2.5916,59.148],[-2.5803,59.147],[-2.576,59.1498],[-2.5814,59.1522],[-2.5812,59.1553]]]},"properties":null,"id":2821},
{"type":"Feature","geometry":{"type":"Polygon","coordinates":[[[-2.8277,59.124],[-2.825,59.1307],[-2.8276,59.133],[-2.8339,59.129],[-2.8277,59.124]]]},"properties":null,"id":2822},
{"type":"Feature","geometry":{"type":"Polygon","coordinates":[[[-2.718,59.2338],[-2.7265,59.2366],[-2.728,59.2413],[-2.7406,59.2478],[-2.747,59.2418],[-2.7465,59.2336],[-2.7281,59.2286],[-2.7192,59.2303],[-2.718,59.2338]]]},"properties":null,"id":2823},
{"type":"Feature","geometry":{"type":"Polygon","coordinates":[[[-2.8561,59.2061],[-2.8547,59.2052],[-2.8525,59.2095],[-2.8561,59.2061]]]},"properties":null,"id":2824},
{"type":"Feature","geometry":{"type":"Polygon","coordinates":[[[-2.901,59.0771],[-2.9066,59.0659],[-2.9168,59.0622],[-2.9146,59.0537],[-2.924,59.0503],[-2.9232,59.0455],[-2.9345,59.0338],[-2.9339,59.0304],[-2.9104,59.0292],[-2.9028,59.0357],[-2.8923,59.0297],[-2.8911,59.0318],[-2.8859,59.0305],[-2.8784,59.0328],[-2.8629,59.0312],[-2.8458,59.0244],[-2.8367,59.0257],[-2.8348,59.0188],[-2.8308,59.0176],[-2.8055,59.0286],[-2.8083,59.0363],[-2.8242,59.0471],[-2.8104,59.0653],[-2.802,59.0683],[-2.8012,59.0871],[-2.8118,59.086],[-2.8141,59.0807],[-2.8198,59.0787],[-2.8269,59.08],[-2.8322,59.0771],[-2.84,59.0767],[-2.8425,59.0717],[-2.8374,59.0657],[-2.8466,59.0584],[-2.8592,59.0562],[-2.87,59.0578],[-2.8625,59.0526],[-2.8744,59.0587],[-2.8696,59.058],[-2.8685,59.0598],[-2.8807,59.0592],[-2.8925,59.0628],[-2.901,59.0771]]]},"properties":null,"id":2825},
{"type":"Feature","geometry":{"type":"Polygon","coordinates":[[[-3.1929,58.8573],[-3.1897,58.8606],[-3.1989,58.8634],[-3.2011,58.8683],[-3.2005,58.8592],[-3.1929,58.8573]]]},"properties":null,"id":2826},
{"type":"Feature","geometry":{"type":"Polygon","coordinates":[[[-2.8604,59.2501],[-2.8564,59.2517],[-2.8365,59.247],[-2.855,59.2681],[-2.8705,59.2707],[-2.8766,59.2656],[-2.8809,59.2663],[-2.8828,59.2865],[-2.8873,59.2901],[-2.8964,59.291],[-2.895,59.2979],[-2.9003,59.2975],[-2.9033,59.3048],[-2.9153,59.2984],[-2.9213,59.3056],[-2.9283,59.3033],[-2.9393,59.3034],[-2.9413,59.3114],[-2.9583,59.3082],[-2.9623,59.3101],[-2.9611,59.315],[-2.9731,59.3185],[-2.9823,59.3151],[-2.9888,59.3161],[-2.9834,59.3257],[-2.9753,59.3242],[-2.976,59.3227],[-2.974,59.324],[-2.9756,59.3226],[-2.9555,59.3277],[-2.952,59.3377],[-2.961,59.3375],[-2.9692,59.3413],[-2.9623,59.3432],[-2.9621,59.3402],[-2.9565,59.347],[-2.9442,59.3489],[-2.9472,59.3532],[-2.9513,59.3536],[-2.9507,59.3604],[-2.9587,59.3603],[-2.9638,59.3553],[-2.9758,59.3541],[-2.9823,59.3456],[-2.9795,59.3357],[-2.9961,59.3331],[-3.0054,59.3273],[-3.0219,59.3301],[-3.0355,59.3238],[-3.0379,59.3265],[-3.054,59.3275],[-3.0625,59.3316],[-3.0715,59.3324],[-3.0666,59.3239],[-3.058,59.3183],[-3.0491,59.3169],[-3.0429,59.3119],[-3.0394,59.3134],[-3.0307,59.3122],[-3.0318,59.3095],[-3.0226,59.305],[-3.0185,59.2994],[-3.0236,59.2943],[-3.0177,59.286],[-3.0241,59.2781],[-3.009,59.2736],[-2.9933,59.2632],[-2.9809,59.2589],[-2.9821,59.2654],[-2.9779,59.268],[-2.9663,59.2714],[-2.9484,59.2727],[-2.9505,59.2763],[-2.9608,59.2794],[-2.9672,59.2872],[-2.9575,59.29],[-2.9422,59.2852],[-2.9273,59.2855],[-2.9264,59.2822],[-2.9139,59.2779],[-2.8933,59.2625],[-2.8912,59.2548],[-2.8854,59.2584],[-2.8758,59.2562],[-2.8769,59.2421],[-2.8865,59.2379],[-2.886,59.2284],[-2.8776,59.2299],[-2.8646,59.2475],[-2.857,59.2489],[-2.8604,59.2501]]]},"properties":null,"id":2827},
{"type":"Feature","geometry":{"type":"Polygon","coordinates":[[[-2.8271,59.2067],[-2.8207,59.2025],[-2.8152,59.2137],[-2.8273,59.2268],[-2.8308,59.2249],[-2.8271,59.2067]]]},"properties":null,"id":2828},
{"type":"Feature","geometry":{"type":"Polygon","coordinates":[[[-2.9515,59.0867],[-2.9474,59.0904],[-2.9525,59.0915],[-2.9561,59.089],[-2.9515,59.0867]]]},"properties":null,"id":2829},
{"type":"Feature","geometry":{"type":"Polygon","coordinates":[[[-3.33,59.1381],[-3.3403,59.1374],[-3.3385,59.1341],[-3.33,59.1381]]]},"properties":null,"id":2830},
{"type":"Feature","geometry":{"type":"Polygon","coordinates":[[[-3.0696,58.8528],[-3.0657,58.8548],[-3.0809,58.8523],[-3.0696,58.8528]]]},"properties":null,"id":2831},
{"type":"Feature","geometry":{"type":"Polygon","coordinates":[[[-2.6829,58.8991],[-2.6817,58.8913],[-2.6638,58.9018],[-2.6776,58.9012],[-2.6829,58.8991]]]},"properties":null,"id":2832},
{"type":"Feature","geometry":{"type":"Polygon","coordinates":[[[-2.8674,59.3461],[-2.8636,59.3506],[-2.8728,59.3547],[-2.8749,59.3536],[-2.8674,59.3461]]]},"properties":null,"id":2833},
{"type":"Feature","geometry":{"type":"Polygon","coordinates":[[[-2.6174,59.3038],[-2.6186,59.3067],[-2.6229,59.3038],[-2.6174,59.3038]]]},"properties":null,"id":2834},
{"type":"Feature","geometry":{"type":"Polygon","coordinates":[[[-2.9506,59.1625],[-2.9456,59.1662],[-2.9508,59.17],[-2.9557,59.169],[-2.9506,59.1625]]]},"properties":null,"id":2835},
{"type":"Feature","geometry":{"type":"Polygon","coordinates":[[[-2.953,59.0742],[-2.9465,59.0784],[-2.9585,59.081],[-2.9647,59.0916],[-2.9685,59.0891],[-2.9842,59.0894],[-2.9931,59.0867],[-2.9926,59.0806],[-2.9776,59.0789],[-2.974,59.0721],[-2.9616,59.0751],[-2.9636,59.079],[-2.9605,59.0806],[-2.953,59.0742]]]},"properties":null,"id":2836},
{"type":"Feature","geometry":{"type":"Polygon","coordinates":[[[-2.4066,59.3599],[-2.412,59.3674],[-2.4096,59.3763],[-2.3975,59.3827],[-2.3802,59.3848],[-2.3726,59.3821],[-2.3709,59.3847],[-2.3806,59.3926],[-2.4039,59.3847],[-2.4105,59.3861],[-2.4118,59.3898],[-2.4202,59.3859],[-2.4325,59.3863],[-2.4339,59.3821],[-2.4296,59.3784],[-2.4411,59.3708],[-2.4429,59.3625],[-2.4496,59.3579],[-2.4436,59.3551],[-2.4389,59.3582],[-2.4298,59.3572],[-2.4202,59.3477],[-2.4117,59.3541],[-2.3988,59.3554],[-2.4066,59.3599]]]},"properties":null,"id":2837},
{"type":"Feature","geometry":{"type":"Polygon","coordinates":[[[-2.8962,59.3716],[-2.8974,59.3618],[-2.9112,59.3492],[-2.9102,59.3297],[-2.9052,59.3233],[-2.8964,59.3306],[-2.8879,59.3246],[-2.8845,59.3253],[-2.8766,59.3344],[-2.8816,59.3381],[-2.8774,59.3414],[-2.8888,59.3538],[-2.8824,59.3595],[-2.882,59.365],[-2.8721,59.367],[-2.8691,59.3704],[-2.8681,59.3761],[-2.8786,59.3863],[-2.8895,59.3839],[-2.891,59.3756],[-2.8962,59.3716]]]},"properties":null,"id":2838},
{"type":"Feature","geometry":{"type":"Polygon","coordinates":[[[-3.0512,59.1975],[-3.0581,59.1946],[-3.0678,59.1952],[-3.0734,59.1994],[-3.0816,59.1983],[-3.084,59.1947],[-3.1033,59.1858],[-3.1052,59.1788],[-3.1188,59.1729],[-3.1121,59.1663],[-3.1153,59.1624],[-3.1009,59.1571],[-3.0933,59.1455],[-3.0834,59.1433],[-3.0766,59.1378],[-3.0591,59.134],[-3.0402,59.1265],[-2.9976,59.127],[-2.9657,59.135],[-2.9634,59.1398],[-2.9789,59.1622],[-2.9658,59.1753],[-2.9598,59.1721],[-2.9539,59.1734],[-2.9527,59.1798],[-2.9637,59.1808],[-2.9682,59.1877],[-2.9796,59.1868],[-2.9943,59.1784],[-3.0351,59.1785],[-3.0498,59.1837],[-3.0512,59.1975]]]},"properties":null,"id":2839},
{"type":"Feature","geometry":{"type":"Polygon","coordinates":[[[-2.3738,59.2767],[-2.3765,59.2811],[-2.3887,59.2785],[-2.3738,59.2767]]]},"properties":null,"id":2840},
{"type":"Feature","geometry":{"type":"Polygon","coordinates":[[[-7.2153,57.7851],[-7.239,57.7851],[-7.2416,57.7814],[-7.2562,57.7816],[-7.2607,57.7743],[-7.2649,57.7755],[-7.265,57.7703],[-7.2439,57.7603],[-7.2351,57.7594],[-7.2285,57.7616],[-7.2191,57.76],[-7.2003,57.7725],[-7.2153,57.7851]]]},"properties":null,"id":2902},
{"type":"Feature","geometry":{"type":"Polygon","coordinates":[[[-7.2226,57.4553],[-7.234,57.4597],[-7.2306,57.4576],[-7.2336,57.457],[-7.2249,57.4528],[-7.2226,57.4553]]]},"properties":null,"id":3634},
{"type":"Feature","geometry":{"type":"Polygon","coordinates":[[[-3.0677,59.0062],[-3.0624,59.0054],[-3.0598,59.0096],[-3.0657,59.011],[-3.0677,59.0062]]]},"properties":null,"id":3691},
{"type":"Feature","geometry":{"type":"Polygon","coordinates":[[[-7.2567,57.3975],[-7.2542,57.3937],[-7.2466,57.3919],[-7.2567,57.3975]]]},"properties":null,"id":4257},
{"type":"Feature","geometry":{"type":"Polygon","coordinates":[[[-1.0259,60.3704],[-1.0347,60.3699],[-1.0392,60.3644],[-1.0453,60.3634],[-1.0428,60.3514],[-1.0331,60.3532],[-1.0259,60.3704]]]},"properties":null,"id":4268},
{"type":"Feature","geometry":{"type":"Polygon","coordinates":[[[-0.9786,60.609],[-0.9712,60.6091],[-0.9686,60.6116],[-0.9711,60.616],[-0.9758,60.6177],[-0.984,60.6159],[-0.9882,60.6191],[-0.9975,60.6193],[-1.0009,60.6167],[-0.9995,60.6115],[-1.0143,60.6011],[-1.0024,60.5969],[-1.0019,60.6063],[-0.9946,60.6069],[-0.9883,60.6027],[-0.9801,60.6029],[-0.9786,60.609]]]},"properties":null,"id":4269},
{"type":"Feature","geometry":{"type":"Polygon","coordinates":[[[-0.8156,60.5749],[-0.8098,60.5779],[-0.8029,60.5728],[-0.8034,60.5689],[-0.7967,60.572],[-0.7948,60.5704],[-0.7929,60.5773],[-0.7881,60.5771],[-0.7912,60.5834],[-0.7881,60.5849],[-0.7811,60.5833],[-0.78,60.5841],[-0.7853,60.5872],[-0.78,60.587],[-0.7709,60.5922],[-0.7716,60.5969],[-0.7651,60.6041],[-0.7706,60.6064],[-0.774,60.6046],[-0.7773,60.6097],[-0.774,60.6112],[-0.7781,60.6137],[-0.7754,60.6156],[-0.7843,60.6116],[-0.7903,60.6113],[-0.7914,60.613],[-0.7984,60.6011],[-0.8095,60.599],[-0.813,60.6003],[-0.8085,60.606],[-0.8126,60.6061],[-0.8184,60.6018],[-0.8249,60.6067],[-0.8212,60.6117],[-0.8233,60.6213],[-0.8325,60.6286],[-0.846,60.6278],[-0.8567,60.6293],[-0.8615,60.6327],[-0.8691,60.6329],[-0.8796,60.6287],[-0.8866,60.6224],[-0.8969,60.6205],[-0.9114,60.6247],[-0.9096,60.6298],[-0.9193,60.6267],[-0.9368,60.6306],[-0.938,60.6245],[-0.9469,60.6208],[-0.9481,60.6102],[-0.9395,60.61],[-0.9385,60.6026],[-0.9284,60.5985],[-0.9144,60.5841],[-0.9084,60.5715],[-0.8956,60.5677],[-0.8939,60.5628],[-0.8872,60.5619],[-0.8833,60.5653],[-0.8743,60.5649],[-0.8756,60.5662],[-0.8679,60.5687],[-0.8664,60.5659],[-0.8602,60.5685],[-0.8658,60.5709],[-0.8656,60.5744],[-0.8727,60.5762],[-0.8757,60.5814],[-0.8901,60.5835],[-0.8965,60.5872],[-0.8962,60.5906],[-0.8908,60.5929],[-0.8814,60.59],[-0.8709,60.5903],[-0.8678,60.5936],[-0.865,60.5921],[-0.8593,60.5934],[-0.8469,60.5831],[-0.8418,60.5877],[-0.8376,60.5862],[-0.8309,60.5882],[-0.829,60.5825],[-0.8156,60.5749]]]},"properties":null,"id":4270},
{"type":"Feature","geometry":{"type":"Polygon","coordinates":[[[-1.3587,60.3527],[-1.3532,60.3588],[-1.3551,60.361],[-1.3631,60.3614],[-1.3672,60.3599],[-1.3668,60.3549],[-1.3587,60.3527]]]},"properties":null,"id":4271},
{"type":"Feature","geometry":{"type":"Polygon","coordinates":[[[-1.5681,60.2034],[-1.5827,60.21],[-1.6,60.207],[-1.6058,60.2015],[-1.6006,60.1961],[-1.5954,60.1961],[-1.5862,60.191],[-1.5856,60.1954],[-1.576,60.1956],[-1.5692,60.1925],[-1.569,60.1964],[-1.5634,60.1944],[-1.5681,60.2034]]]},"properties":null,"id":4272},
{"type":"Feature","geometry":{"type":"Polygon","coordinates":[[[-1.5673,60.2175],[-1.5715,60.2185],[-1.5774,60.2153],[-1.5672,60.2124],[-1.5673,60.2175]]]},"properties":null,"id":4273},
{"type":"Feature","geometry":{"type":"Polygon","coordinates":[[[-1.0245,60.1339],[-1.0151,60.1315],[-1.0082,60.1343],[-1.0102,60.1376],[-1.0029,60.1393],[-1.005,60.1497],[-1.0108,60.1523],[-1.0347,60.1517],[-1.0367,60.1549],[-1.0449,60.1524],[-1.0474,60.1483],[-1.042,60.1494],[-1.0434,60.1447],[-1.0348,60.1479],[-1.0324,60.1467],[-1.0331,60.1415],[-1.0245,60.1339]]]},"properties":null,"id":4274},
{"type":"Feature","geometry":{"type":"Polygon","coordinates":[[[-0.9857,60.6728],[-0.9885,60.672],[-0.9763,60.6606],[-0.9704,60.6601],[-0.9857,60.6728]]]},"properties":null,"id":4275},
{"type":"Feature","geometry":{"type":"Polygon","coordinates":[[[-1.1944,60.5061],[-1.1907,60.5093],[-1.2,60.5145],[-1.2005,60.5109],[-1.1944,60.5061]]]},"properties":null,"id":4276},
{"type":"Feature","geometry":{"type":"Polygon","coordinates":[[[-1.2188,60.512],[-1.2257,60.5187],[-1.2311,60.5165],[-1.2352,60.5173],[-1.2354,60.515],[-1.2259,60.5108],[-1.2188,60.512]]]},"properties":null,"id":4277},
{"type":"Feature","geometry":{"type":"Polygon","coordinates":[[[-1.1976,60.5022],[-1.2021,60.4991],[-1.188,60.486],[-1.1815,60.4869],[-1.1976,60.5022]]]},"properties":null,"id":4278},
{"type":"Feature","geometry":{"type":"Polygon","coordinates":[[[-1.0395,60.4553],[-1.0421,60.4565],[-1.0457,60.4527],[-1.0395,60.4553]]]},"properties":null,"id":4279},
{"type":"Feature","geometry":{"type":"Polygon","coordinates":[[[-1.1888,60.4227],[-1.1673,60.4202],[-1.1688,60.4249],[-1.1757,60.4286],[-1.1731,60.4336],[-1.1907,60.4299],[-1.1939,60.427],[-1.1888,60.4227]]]},"properties":null,"id":4280},
{"type":"Feature","geometry":{"type":"Polygon","coordinates":[[[-1.287,60.5149],[-1.2838,60.5206],[-1.2929,60.5192],[-1.2996,60.513],[-1.2953,60.5107],[-1.287,60.5149]]]},"properties":null,"id":4281},
{"type":"Feature","geometry":{"type":"Polygon","coordinates":[[[-0.8135,60.7362],[-0.814,60.731],[-0.8086,60.7326],[-0.8075,60.739],[-0.8135,60.7362]]]},"properties":null,"id":4282},
{"type":"Feature","geometry":{"type":"Polygon","coordinates":[[[-0.8847,60.6708],[-0.9063,60.6794],[-0.9195,60.6778],[-0.919,60.6728],[-0.9026,60.6675],[-0.9007,60.6608],[-0.8911,60.6637],[-0.8855,60.6599],[-0.8824,60.6644],[-0.8862,60.665],[-0.8853,60.6674],[-0.8789,60.6671],[-0.8751,60.6707],[-0.8796,60.6722],[-0.8847,60.6708]]]},"properties":null,"id":4284},
{"type":"Feature","geometry":{"type":"Polygon","coordinates":[[[-0.8349,60.6611],[-0.8382,60.6652],[-0.8439,60.6644],[-0.8392,60.6594],[-0.8349,60.6611]]]},"properties":null,"id":4285},
{"type":"Feature","geometry":{"type":"Polygon","coordinates":[[[-0.9102,60.6368],[-0.9076,60.6416],[-0.9147,60.642],[-0.915,60.6368],[-0.9102,60.6368]]]},"properties":null,"id":4286},
{"type":"Feature","geometry":{"type":"Polygon","coordinates":[[[-1.1436,60.2392],[-1.1513,60.2402],[-1.1567,60.2344],[-1.1436,60.2392]]]},"properties":null,"id":4287},
{"type":"Feature","geometry":{"type":"Polygon","coordinates":[[[-1.2739,60.1287],[-1.2761,60.1317],[-1.2996,60.1263],[-1.2979,60.1085],[-1.3077,60.1057],[-1.3049,60.1058],[-1.3054,60.1017],[-1.3104,60.0992],[-1.2977,60.1003],[-1.2867,60.1062],[-1.2833,60.125],[-1.2739,60.1287]]]},"properties":null,"id":4288},
{"type":"Feature","geometry":{"type":"Polygon","coordinates":[[[-1.3299,60.0818],[-1.3327,60.0764],[-1.327,60.0744],[-1.3293,60.0673],[-1.3263,60.0666],[-1.3306,60.0631],[-1.3242,60.0606],[-1.3289,60.0594],[-1.3322,60.0514],[-1.3343,60.0531],[-1.3336,60.0543],[-1.3396,60.048],[-1.3415,60.0431],[-1.3359,60.0421],[-1.3369,60.0402],[-1.331,60.0425],[-1.3324,60.0467],[-1.3201,60.0571],[-1.3191,60.0604],[-1.3248,60.0615],[-1.3232,60.0654],[-1.3188,60.0675],[-1.3179,60.0644],[-1.3143,60.067],[-1.2991,60.0849],[-1.2962,60.0924],[-1.2993,60.0969],[-1.3076,60.0961],[-1.3109,60.0932],[-1.3122,60.0953],[-1.323,60.0836],[-1.3299,60.0818]]]},"properties":null,"id":4907},
{"type":"Feature","geometry":{"type":"Polygon","coordinates":[[[-1.3162,60.0961],[-1.3174,60.0997],[-1.3103,60.1048],[-1.3132,60.1121],[-1.3095,60.1152],[-1.3158,60.1184],[-1.32,60.1169],[-1.3213,60.1052],[-1.33,60.1054],[-1.338,60.1099],[-1.3429,60.1089],[-1.3375,60.1052],[-1.3395,60.1033],[-1.3487,60.1069],[-1.344,60.1028],[-1.3456,60.1],[-1.3416,60.1007],[-1.3414,60.0983],[-1.3351,60.1018],[-1.3279,60.1009],[-1.326,60.095],[-1.3286,60.0914],[-1.3424,60.0886],[-1.3468,60.0834],[-1.3422,60.0832],[-1.3425,60.0806],[-1.3481,60.0819],[-1.3557,60.0796],[-1.353,60.0744],[-1.3489,60.0752],[-1.3566,60.071],[-1.3543,60.0626],[-1.3474,60.0626],[-1.3431,60.0597],[-1.3489,60.0574],[-1.3534,60.0604],[-1.3652,60.0492],[-1.374,60.0478],[-1.3775,60.0497],[-1.3732,60.0418],[-1.3645,60.0415],[-1.3509,60.0486],[-1.3497,60.0567],[-1.3419,60.0577],[-1.3397,60.0645],[-1.3344,60.0664],[-1.3381,60.0698],[-1.3328,60.0738],[-1.3333,60.0821],[-1.3315,60.0806],[-1.3162,60.0961]]]},"properties":null,"id":4908},
{"type":"Feature","geometry":{"type":"Polygon","coordinates":[[[-0.9234,60.3751],[-0.9,60.3819],[-0.9157,60.3852],[-0.9183,60.3821],[-0.9288,60.3812],[-0.9362,60.3772],[-0.9449,60.3795],[-0.9472,60.3779],[-0.9567,60.3789],[-0.9572,60.3821],[-0.9622,60.3825],[-0.9695,60.3795],[-0.9683,60.3756],[-0.9744,60.3708],[-0.9834,60.3684],[-0.9943,60.3683],[-0.9946,60.3714],[-0.9988,60.369],[-0.9954,60.3682],[-1.0026,60.3692],[-1.0004,60.3677],[-1.0153,60.3609],[-1.0219,60.3538],[-1.0213,60.3491],[-1.0156,60.3464],[-1.0247,60.3463],[-1.0279,60.3444],[-1.0257,60.3411],[-1.0306,60.3427],[-1.0287,60.3439],[-1.0382,60.3408],[-1.0378,60.3346],[-1.0226,60.334],[-1.0218,60.3303],[-1.0139,60.3304],[-1.0051,60.3263],[-1.0028,60.3287],[-0.9917,60.3279],[-0.9784,60.3314],[-0.974,60.3361],[-0.976,60.3398],[-0.9638,60.3422],[-0.9561,60.3498],[-0.95,60.3506],[-0.9503,60.3538],[-0.9393,60.3598],[-0.9414,60.3628],[-0.9234,60.3751]]]},"properties":null,"id":5006},
{"type":"Feature","geometry":{"type":"Polygon","coordinates":[[[-4.0858,54.7686],[-4.087,54.7636],[-4.083,54.7652],[-4.0858,54.7686]]]},"properties":null,"id":9619},
{"type":"Feature","geometry":{"type":"Polygon","coordinates":[[[-6.1603,59.0927],[-6.154,59.0946],[-6.1561,59.0962],[-6.1517,59.0988],[-6.1563,59.0972],[-6.1603,59.0927]]]},"properties":null,"id":10165},
{"type":"Feature","geometry":{"type":"Polygon","coordinates":[[[-6.2542,56.0351],[-6.2434,56.0348],[-6.2399,56.0323],[-6.2281,56.0344],[-6.2306,56.0365],[-6.2205,56.0399],[-6.2166,56.0282],[-6.2047,56.0309],[-6.1939,56.0369],[-6.1971,56.038],[-6.1845,56.0434],[-6.1883,56.0475],[-6.1828,56.0526],[-6.1969,56.0614],[-6.1815,56.0664],[-6.1883,56.0693],[-6.1676,56.0778],[-6.1656,56.0879],[-6.1585,56.092],[-6.1563,56.0979],[-6.151,56.0994],[-6.1498,56.1051],[-6.1334,56.1212],[-6.1397,56.1227],[-6.1379,56.1268],[-6.1464,56.1334],[-6.1527,56.1326],[-6.1506,56.1298],[-6.1608,56.1245],[-6.17,56.1225],[-6.1692,56.1199],[-6.1764,56.1204],[-6.1801,56.118],[-6.1831,56.1139],[-6.1754,56.1154],[-6.1806,56.1124],[-6.1773,56.1085],[-6.1808,56.1046],[-6.1868,56.1035],[-6.1933,56.1072],[-6.2055,56.1081],[-6.2136,56.1055],[-6.2135,56.1027],[-6.2099,56.1025],[-6.2131,56.1],[-6.226,56.097],[-6.2279,56.0931],[-6.2317,56.0946],[-6.2453,56.0853],[-6.2573,56.0732],[-6.2449,56.0721],[-6.2527,56.0694],[-6.2507,56.0663],[-6.263,56.0638],[-6.2461,56.0639],[-6.2613,56.0615],[-6.257,56.0604],[-6.2616,56.0582],[-6.2602,56.0552],[-6.2495,56.0568],[-6.2484,56.0546],[-6.2584,56.0532],[-6.2551,56.0487],[-6.2684,56.0449],[-6.2675,56.0408],[-6.2795,56.0379],[-6.2769,56.0354],[-6.2709,56.0356],[-6.2456,56.0452],[-6.2419,56.042],[-6.2542,56.0351]]]},"properties":null,"id":16347},
{"type":"Feature","geometry":{"type":"Polygon","coordinates":[[[-6.2683,56.0247],[-6.2713,56.0237],[-6.2687,56.0215],[-6.2741,56.0208],[-6.2601,56.0193],[-6.2615,56.0162],[-6.2525,56.0138],[-6.255,56.0062],[-6.2587,56.0053],[-6.2542,56.003],[-6.2583,56.0032],[-6.2562,56.0008],[-6.2375,56.0073],[-6.2312,56.019],[-6.2207,56.0186],[-6.2138,56.0218],[-6.2099,56.0187],[-6.2055,56.0205],[-6.2095,56.0217],[-6.2114,56.0277],[-6.2273,56.0284],[-6.2349,56.0252],[-6.2683,56.0247]]]},"properties":null,"id":16348},
{"type":"Feature","geometry":{"type":"Polygon","coordinates":[[[0.659,51.3932],[0.6634,51.3933],[0.6704,51.3997],[0.6948,51.3969],[0.6907,51.4123],[0.6821,51.4144],[0.6822,51.4093],[0.6757,51.4092],[0.6819,51.4087],[0.6785,51.4067],[0.6816,51.4043],[0.6733,51.4106],[0.6681,51.4094],[0.6662,51.4074],[0.6717,51.4016],[0.659,51.3932]]]},"properties":null,"id":16407},
{"type":"Feature","geometry":{"type":"Polygon","coordinates":[[[0.6685,51.3931],[0.6732,51.3903],[0.6828,51.3956],[0.6781,51.397],[0.6685,51.3931]]]},"properties":null,"id":16408},
{"type":"Feature","geometry":{"type":"Polygon","coordinates":[[[-5.6618,56.0213],[-5.6585,56.0245],[-5.6588,56.028],[-5.664,56.0242],[-5.6618,56.0213]]]},"properties":null,"id":19965},
{"type":"Feature","geometry":{"type":"Polygon","coordinates":[[[-5.7307,55.9169],[-5.7346,55.9146],[-5.7351,55.9177],[-5.7395,55.9141],[-5.7375,55.9104],[-5.7348,55.9112],[-5.7307,55.9169]]]},"properties":null,"id":20048},
{"type":"Feature","geometry":{"type":"Polygon","coordinates":[[[-5.7169,55.9223],[-5.7211,55.9184],[-5.7213,55.9155],[-5.7169,55.9223]]]},"properties":null,"id":20049},
{"type":"Feature","geometry":{"type":"Polygon","coordinates":[[[-8.4821,57.8652],[-8.4849,57.8739],[-8.4916,57.8772],[-8.4997,57.8669],[-8.4874,57.8631],[-8.4821,57.8652]]]},"properties":null,"id":20050},
{"type":"Feature","geometry":{"type":"Polygon","coordinates":[[[-4.8167,54.047],[-4.8128,54.0441],[-4.801,54.0535],[-4.802,54.0616],[-4.8225,54.0589],[-4.8305,54.0543],[-4.8254,54.0446],[-4.8167,54.047]]]},"properties":null,"id":22510},
{"type":"Feature","geometry":{"type":"Polygon","coordinates":[[[-1.5395,55.3371],[-1.541,55.3338],[-1.537,55.3325],[-1.5363,55.3357],[-1.5395,55.3371]]]},"properties":null,"id":22747},
{"type":"Feature","geometry":{"type":"Polygon","coordinates":[[[-7.5954,58.2888],[-7.5904,58.2861],[-7.5848,58.2885],[-7.591,58.2885],[-7.5901,58.29],[-7.5954,58.2888]]]},"properties":null,"id":25417},
{"type":"Feature","geometry":{"type":"Polygon","coordinates":[[[-7.5887,58.2835],[-7.5846,58.2837],[-7.5863,58.2822],[-7.5763,58.2845],[-7.5857,58.2848],[-7.5887,58.2835]]]},"properties":null,"id":25418},
{"type":"Feature","geometry":{"type":"Polygon","coordinates":[[[-8.5711,57.8004],[-8.5727,57.7963],[-8.5648,57.7978],[-8.5581,57.7935],[-8.5568,57.7951],[-8.5511,57.7938],[-8.5519,57.7948],[-8.5711,57.8004]]]},"properties":null,"id":25420},
{"type":"Feature","geometry":{"type":"Polygon","coordinates":[[[-5.8249,59.1248],[-5.8278,59.1262],[-5.8284,59.1243],[-5.8356,59.1247],[-5.8337,59.123],[-5.8398,59.1196],[-5.8367,59.1184],[-5.8407,59.1188],[-5.8382,59.117],[-5.8276,59.1197],[-5.819,59.1203],[-5.8201,59.1179],[-5.813,59.1191],[-5.8124,59.1216],[-5.8177,59.122],[-5.8209,59.1251],[-5.8187,59.1307],[-5.8244,59.1333],[-5.8262,59.1307],[-5.8249,59.1248]]]},"properties":null,"id":25421},
{"type":"Feature","geometry":{"type":"Polygon","coordinates":[[[-1.6315,59.5175],[-1.6242,59.5199],[-1.6278,59.5214],[-1.6257,59.5267],[-1.6081,59.5236],[-1.6139,59.5262],[-1.6076,59.5297],[-1.6158,59.5327],[-1.6136,59.5348],[-1.6046,59.5371],[-1.6018,59.5328],[-1.5983,59.5335],[-1.5988,59.5409],[-1.6045,59.5373],[-1.6049,59.5408],[-1.6128,59.5405],[-1.6103,59.5475],[-1.6012,59.55],[-1.6061,59.5501],[-1.608,59.5537],[-1.6184,59.5504],[-1.6198,59.5521],[-1.6398,59.5522],[-1.6372,59.5426],[-1.6422,59.5447],[-1.6429,59.5398],[-1.648,59.5409],[-1.6478,59.5405],[-1.646,59.5403],[-1.6457,59.5394],[-1.6426,59.5385],[-1.6459,59.5352],[-1.6433,59.5339],[-1.6492,59.5341],[-1.6484,59.533],[-1.6463,59.5322],[-1.6504,59.5314],[-1.6437,59.5258],[-1.6493,59.5247],[-1.6499,59.5211],[-1.6559,59.5236],[-1.6582,59.5225],[-1.6554,59.5168],[-1.6515,59.5172],[-1.6556,59.5126],[-1.6499,59.5115],[-1.6441,59.515],[-1.6377,59.5114],[-1.6272,59.5152],[-1.6315,59.5175]]]},"properties":null,"id":25435},
{"type":"Feature","geometry":{"type":"Polygon","coordinates":[[[0.7392,51.6344],[0.7518,51.636],[0.7417,51.6353],[0.7485,51.6367],[0.7385,51.6387],[0.7407,51.64],[0.7464,51.64],[0.7461,51.6393],[0.7485,51.6375],[0.7495,51.6402],[0.7524,51.6415],[0.7588,51.6415],[0.7513,51.6386],[0.7498,51.6391],[0.7501,51.6381],[0.749,51.6373],[0.7494,51.6368],[0.7547,51.6382],[0.7499,51.6364],[0.7624,51.641],[0.76,51.6418],[0.7512,51.6423],[0.747,51.6392],[0.7505,51.6424],[0.7474,51.6422],[0.7393,51.6399],[0.7311,51.642],[0.7306,51.6421],[0.7303,51.642],[0.7176,51.6389],[0.7177,51.64],[0.7234,51.6414],[0.7167,51.6417],[0.7116,51.6377],[0.7241,51.6387],[0.7374,51.6343],[0.7335,51.6364],[0.7352,51.6393],[0.7288,51.6397],[0.7345,51.6395],[0.7406,51.64],[0.7357,51.6376],[0.7422,51.6362],[0.7416,51.6354],[0.7366,51.6361],[0.7392,51.6344]]]},"properties":null,"id":25739},
{"type":"Feature","geometry":{"type":"Polygon","coordinates":[[[-3.1131,51.3404],[-3.1118,51.3382],[-3.103,51.3394],[-3.1056,51.3415],[-3.1131,51.3404]]]},"properties":null,"id":26782},
{"type":"Feature","geometry":{"type":"Polygon","coordinates":[[[-7.0756,57.8752],[-7.0717,57.8788],[-7.053,57.8829],[-7.0507,57.8939],[-7.0438,57.8954],[-7.0278,57.8872],[-7.0178,57.8861],[-7.0163,57.8817],[-7.0074,57.8821],[-7.0082,57.8843],[-6.9965,57.8887],[-6.997,57.8933],[-6.9881,57.8942],[-6.9925,57.8977],[-6.9879,57.9024],[-6.9889,57.9091],[-6.9969,57.9205],[-7.0091,57.9219],[-7.0101,57.919],[-7.0182,57.9174],[-7.0309,57.9185],[-7.0308,57.9128],[-7.0414,57.9124],[-7.0475,57.8977],[-7.0518,57.897],[-7.0543,57.899],[-7.0671,57.8946],[-7.0702,57.8962],[-7.0761,57.8914],[-7.081,57.8924],[-7.0796,57.8951],[-7.0848,57.8945],[-7.0856,57.8898],[-7.0778,57.8891],[-7.0822,57.8832],[-7.0756,57.8752]]]},"properties":null,"id":26907},
{"type":"Feature","geometry":{"type":"Polygon","coordinates":[[[-5.8518,57.3512],[-5.8506,57.354],[-5.8546,57.3568],[-5.8587,57.3532],[-5.8518,57.3512]]]},"properties":null,"id":26970},
{"type":"Feature","geometry":{"type":"Polygon","coordinates":[[[-5.6495,57.3733],[-5.6473,57.3785],[-5.6518,57.3774],[-5.6495,57.3733]]]},"properties":null,"id":27040},
{"type":"Feature","geometry":{"type":"Polygon","coordinates":[[[-1.248,49.5878],[-1.2411,49.5862],[-1.2392,49.5889],[-1.2469,49.5916],[-1.248,49.5878]]]},"properties":null,"id":27269},
{"type":"Feature","geometry":{"type":"Polygon","coordinates":[[[-1.7905,55.6474],[-1.7841,55.6468],[-1.7883,55.6565],[-1.7941,55.6586],[-1.7899,55.6538],[-1.7905,55.6474]]]},"properties":null,"id":27279},
{"type":"Feature","geometry":{"type":"Polygon","coordinates":[[[0.6452,51.5382],[0.6296,51.5382],[0.6096,51.5347],[0.6267,51.5322],[0.6452,51.5382]]]},"properties":null,"id":27300},
{"type":"Feature","geometry":{"type":"Polygon","coordinates":[[[0.9536,51.8289],[0.9577,51.8278],[0.9581,51.8277],[0.9629,51.8264],[0.9596,51.8308],[0.9564,51.8286],[0.9589,51.8311],[0.9529,51.8314],[0.9536,51.8289]]]},"properties":null,"id":27332},
{"type":"Feature","geometry":{"type":"Polygon","coordinates":[[[0.8321,51.5743],[0.8248,51.5688],[0.829,51.57],[0.826,51.5646],[0.8245,51.5679],[0.8257,51.5645],[0.8319,51.5601],[0.8403,51.5609],[0.8385,51.5638],[0.835,51.5695],[0.8321,51.5743]]]},"properties":null,"id":27357},
{"type":"Feature","geometry":{"type":"Polygon","coordinates":[[[-1.3351,60.1622],[-1.3325,60.1661],[-1.3411,60.1672],[-1.3405,60.1638],[-1.3351,60.1622]]]},"properties":null,"id":27589},
{"type":"Feature","geometry":{"type":"Polygon","coordinates":[[[-1.3305,60.1337],[-1.3265,60.1358],[-1.3286,60.1416],[-1.3276,60.1381],[-1.3305,60.1337]]]},"properties":null,"id":27629},
{"type":"Feature","geometry":{"type":"Polygon","coordinates":[[[-0.7579,60.4258],[-0.7573,60.4232],[-0.7529,60.4247],[-0.7503,60.4219],[-0.7398,60.427],[-0.7485,60.4309],[-0.7579,60.4258]]]},"properties":null,"id":27646},
{"type":"Feature","geometry":{"type":"Polygon","coordinates":[[[-1.6508,60.311],[-1.6565,60.312],[-1.656,60.3094],[-1.6508,60.311]]]},"properties":null,"id":27663},
{"type":"Feature","geometry":{"type":"Polygon","coordinates":[[[-1.3032,60.6542],[-1.3062,60.652],[-1.3003,60.6512],[-1.3002,60.6533],[-1.3032,60.6542]]]},"properties":null,"id":27664},
{"type":"Feature","geometry":{"type":"Polygon","coordinates":[[[-1.3553,60.1222],[-1.3496,60.1221],[-1.351,60.1196],[-1.3446,60.119],[-1.3419,60.1208],[-1.3375,60.1189],[-1.3343,60.124],[-1.3393,60.1222],[-1.3498,60.1249],[-1.3553,60.1222]]]},"properties":null,"id":27704},
{"type":"Feature","geometry":{"type":"Polygon","coordinates":[[[-1.371,60.1125],[-1.364,60.1179],[-1.3591,60.118],[-1.3682,60.1233],[-1.3782,60.1188],[-1.3755,60.1127],[-1.371,60.1125]]]},"properties":null,"id":27705},
{"type":"Feature","geometry":{"type":"Polygon","coordinates":[[[-1.3599,60.1391],[-1.3505,60.1472],[-1.3522,60.1499],[-1.3619,60.1527],[-1.3692,60.1416],[-1.3635,60.1423],[-1.3652,60.1399],[-1.3596,60.143],[-1.3632,60.1394],[-1.3599,60.1391]]]},"properties":null,"id":27706},
{"type":"Feature","geometry":{"type":"Polygon","coordinates":[[[-7.4059,57.5598],[-7.4037,57.5618],[-7.4161,57.5617],[-7.4059,57.5598]]]},"properties":null,"id":27781},
{"type":"Feature","geometry":{"type":"Polygon","coordinates":[[[-7.4159,57.5585],[-7.417,57.5627],[-7.4189,57.5627],[-7.4216,57.5588],[-7.4159,57.5585]]]},"properties":null,"id":27782},
{"type":"Feature","geometry":{"type":"Polygon","coordinates":[[[-7.2403,57.4667],[-7.2359,57.4652],[-7.2364,57.47],[-7.2403,57.4667]]]},"properties":null,"id":27783},
{"type":"Feature","geometry":{"type":"Polygon","coordinates":[[[-6.5222,56.6108],[-6.5269,56.6088],[-6.5255,56.6035],[-6.5224,56.6057],[-6.5244,56.6073],[-6.5205,56.6078],[-6.5222,56.6108]]]},"properties":null,"id":28187},
{"type":"Feature","geometry":{"type":"Polygon","coordinates":[[[-2.9328,58.6882],[-2.9228,58.6861],[-2.9154,58.6887],[-2.919,58.6885],[-2.9182,58.6914],[-2.9247,58.6914],[-2.9328,58.6882]]]},"properties":null,"id":28610},
{"type":"Feature","geometry":{"type":"Polygon","coordinates":[[[-1.4099,60.384],[-1.4133,60.3816],[-1.429,60.3912],[-1.4318,60.3874],[-1.4334,60.3909],[-1.4389,60.3915],[-1.4374,60.39],[-1.4412,60.3901],[-1.4373,60.3891],[-1.4417,60.39],[-1.4468,60.3874],[-1.4447,60.3857],[-1.4488,60.3868],[-1.4466,60.3855],[-1.4522,60.3844],[-1.452,60.3819],[-1.4559,60.3825],[-1.4562,60.3809],[-1.4502,60.3809],[-1.4497,60.3792],[-1.4551,60.3792],[-1.4548,60.376],[-1.4629,60.376],[-1.4582,60.3738],[-1.4653,60.3728],[-1.4674,60.3782],[-1.468,60.3737],[-1.4751,60.3752],[-1.4701,60.3731],[-1.4703,60.3721],[-1.4745,60.3716],[-1.4645,60.3666],[-1.4619,60.3615],[-1.4665,60.3618],[-1.4627,60.3556],[-1.446,60.3469],[-1.435,60.3479],[-1.432,60.3449],[-1.4272,60.348],[-1.4163,60.3464],[-1.4147,60.3481],[-1.4097,60.3462],[-1.4004,60.3515],[-1.3927,60.3514],[-1.3811,60.3584],[-1.3816,60.3755],[-1.3917,60.3764],[-1.4099,60.384]]]},"properties":null,"id":28637},
{"type":"Feature","geometry":{"type":"Polygon","coordinates":[[[-1.5517,60.3101],[-1.5465,60.3101],[-1.546,60.3149],[-1.5502,60.3147],[-1.5517,60.3101]]]},"properties":null,"id":28639},
{"type":"Feature","geometry":{"type":"Polygon","coordinates":[[[-1.4921,60.3167],[-1.4919,60.3146],[-1.4847,60.3139],[-1.4848,60.3153],[-1.4921,60.3167]]]},"properties":null,"id":28640},
{"type":"Feature","geometry":{"type":"Polygon","coordinates":[[[-6.9092,58.2652],[-6.9037,58.2672],[-6.9109,58.2696],[-6.913,58.2686],[-6.9092,58.2652]]]},"properties":null,"id":28641},
{"type":"Feature","geometry":{"type":"Polygon","coordinates":[[[-6.866,58.1918],[-6.8652,58.1867],[-6.8613,58.1856],[-6.866,58.1918]]]},"properties":null,"id":28656},
{"type":"Feature","geometry":{"type":"Polygon","coordinates":[[[-5.0683,58.3923],[-5.0744,58.3942],[-5.0776,58.3926],[-5.0792,58.3918],[-5.0771,58.3911],[-5.0769,58.3911],[-5.0683,58.3923]]]},"properties":null,"id":28659},
{"type":"Feature","geometry":{"type":"Polygon","coordinates":[[[-5.0873,58.4037],[-5.0745,58.4029],[-5.0751,58.4069],[-5.0873,58.4037]]]},"properties":null,"id":28661},
{"type":"Feature","geometry":{"type":"Polygon","coordinates":[[[-6.9106,58.2248],[-6.9115,58.2306],[-6.9223,58.23],[-6.9215,58.2282],[-6.9161,58.2283],[-6.922,58.2243],[-6.9106,58.2248]]]},"properties":null,"id":28671},
{"type":"Feature","geometry":{"type":"Polygon","coordinates":[[[-6.941,58.2427],[-6.9476,58.2435],[-6.9481,58.2407],[-6.941,58.2427]]]},"properties":null,"id":28672},
{"type":"Feature","geometry":{"type":"Polygon","coordinates":[[[-6.943,58.2308],[-6.9356,58.228],[-6.9301,58.2295],[-6.9347,58.2333],[-6.9355,58.2415],[-6.9411,58.2398],[-6.9391,58.2363],[-6.9416,58.2394],[-6.9508,58.2398],[-6.943,58.2308]]]},"properties":null,"id":28673},
{"type":"Feature","geometry":{"type":"Polygon","coordinates":[[[-5.1393,58.4761],[-5.1349,58.4725],[-5.1329,58.4766],[-5.1393,58.4761]]]},"properties":null,"id":28687},
{"type":"Feature","geometry":{"type":"Polygon","coordinates":[[[-5.1222,58.4801],[-5.1293,58.4781],[-5.1328,58.4734],[-5.1167,58.4775],[-5.1222,58.4801]]]},"properties":null,"id":28688},
{"type":"Feature","geometry":{"type":"Polygon","coordinates":[[[-7.1494,58.0378],[-7.145,58.037],[-7.1411,58.0411],[-7.1472,58.0406],[-7.1494,58.0378]]]},"properties":null,"id":28705},
{"type":"Feature","geometry":{"type":"Polygon","coordinates":[[[-6.7104,57.8594],[-6.7179,57.8625],[-6.7146,57.861],[-6.7182,57.8581],[-6.7104,57.8594]]]},"properties":null,"id":28790},
{"type":"Feature","geometry":{"type":"Polygon","coordinates":[[[-6.6778,57.8769],[-6.6895,57.8762],[-6.699,57.8793],[-6.7076,57.8773],[-6.6982,57.8774],[-6.6989,57.8749],[-6.6925,57.8735],[-6.6991,57.8742],[-6.7012,57.8723],[-6.706,57.8754],[-6.7142,57.8752],[-6.7093,57.8746],[-6.7022,57.8679],[-6.7075,57.8644],[-6.7014,57.8603],[-6.7009,57.8634],[-6.7045,57.864],[-6.6982,57.8643],[-6.6995,57.8712],[-6.6835,57.8628],[-6.6898,57.8596],[-6.6882,57.8563],[-6.6805,57.856],[-6.6778,57.8533],[-6.674,57.8559],[-6.6831,57.8594],[-6.678,57.8577],[-6.6714,57.8599],[-6.677,57.8572],[-6.67,57.8557],[-6.671,57.8498],[-6.6408,57.8577],[-6.6476,57.8661],[-6.6548,57.867],[-6.6499,57.8688],[-6.6514,57.8708],[-6.6634,57.8737],[-6.6706,57.8721],[-6.6708,57.8726],[-6.6684,57.8733],[-6.6778,57.8769]]]},"properties":null,"id":28816},
{"type":"Feature","geometry":{"type":"Polygon","coordinates":[[[-5.4001,58.0168],[-5.3956,58.0158],[-5.3973,58.0196],[-5.4094,58.0242],[-5.414,58.0222],[-5.4145,58.0161],[-5.4195,58.0175],[-5.4218,58.0056],[-5.4139,58.0062],[-5.4159,58.0022],[-5.4117,57.9998],[-5.4045,58.0016],[-5.3972,58.0002],[-5.3869,58.0044],[-5.3892,58.006],[-5.383,58.0052],[-5.3863,58.0085],[-5.396,58.0075],[-5.4035,58.0099],[-5.4001,58.0168]]]},"properties":null,"id":28933},
{"type":"Feature","geometry":{"type":"Polygon","coordinates":[[[-5.5109,57.983],[-5.5066,57.989],[-5.5102,57.9874],[-5.5109,57.983]]]},"properties":null,"id":28937},
{"type":"Feature","geometry":{"type":"Polygon","coordinates":[[[-5.4457,58.0149],[-5.4488,58.0133],[-5.4515,58.0155],[-5.4583,58.0122],[-5.4496,58.0103],[-5.4515,58.0043],[-5.4422,58.0062],[-5.4381,58.0047],[-5.4352,58.007],[-5.4343,58.0095],[-5.44,58.0094],[-5.4457,58.0149]]]},"properties":null,"id":29006},
{"type":"Feature","geometry":{"type":"Polygon","coordinates":[[[-5.5096,57.9681],[-5.5183,57.9616],[-5.5257,57.9611],[-5.5182,57.9569],[-5.5154,57.9577],[-5.5195,57.9546],[-5.4975,57.9575],[-5.4985,57.9606],[-5.5073,57.9605],[-5.5039,57.9642],[-5.5077,57.965],[-5.5096,57.9681]]]},"properties":null,"id":29032},
{"type":"Feature","geometry":{"type":"Polygon","coordinates":[[[0.1459,53.6014],[0.1399,53.5937],[0.1067,53.5721],[0.1363,53.5893],[0.1451,53.5973],[0.1459,53.6014]]]},"properties":null,"id":29185},
{"type":"Feature","geometry":{"type":"Polygon","coordinates":[[[-5.8412,57.3355],[-5.844,57.348],[-5.8491,57.3503],[-5.8531,57.3475],[-5.8412,57.3355]]]},"properties":null,"id":29260},
{"type":"Feature","geometry":{"type":"Polygon","coordinates":[[[-5.837,57.3332],[-5.8273,57.333],[-5.819,57.3383],[-5.8337,57.3504],[-5.8411,57.3518],[-5.8431,57.3504],[-5.837,57.3332]]]},"properties":null,"id":29261},
{"type":"Feature","geometry":{"type":"Polygon","coordinates":[[[-6.6958,57.8568],[-6.695,57.8548],[-6.6879,57.8558],[-6.6958,57.8568]]]},"properties":null,"id":29417},
{"type":"Feature","geometry":{"type":"Polygon","coordinates":[[[-6.6866,57.8548],[-6.6907,57.8545],[-6.6908,57.8513],[-6.6866,57.8548]]]},"properties":null,"id":29418},
{"type":"Feature","geometry":{"type":"Polygon","coordinates":[[[-5.4296,57.9793],[-5.4344,57.9763],[-5.4326,57.9703],[-5.4217,57.9767],[-5.4296,57.9793]]]},"properties":null,"id":29424},
{"type":"Feature","geometry":{"type":"Polygon","coordinates":[[[-5.4702,58.0317],[-5.4731,58.0304],[-5.4727,58.0248],[-5.4643,58.029],[-5.4702,58.0317]]]},"properties":null,"id":29425},
{"type":"Feature","geometry":{"type":"Polygon","coordinates":[[[-5.4303,58.0083],[-5.4327,58.0176],[-5.4371,58.0113],[-5.432,58.0116],[-5.4303,58.0083]]]},"properties":null,"id":29426},
{"type":"Feature","geometry":{"type":"Polygon","coordinates":[[[-6.7388,57.8737],[-6.7462,57.8792],[-6.7547,57.8776],[-6.7468,57.871],[-6.7453,57.8759],[-6.7388,57.8737]]]},"properties":null,"id":29436},
{"type":"Feature","geometry":{"type":"Polygon","coordinates":[[[-6.18,57.1572],[-6.1874,57.1642],[-6.2144,57.1651],[-6.2182,57.1625],[-6.2161,57.1582],[-6.2214,57.1587],[-6.2147,57.1529],[-6.2271,57.158],[-6.2559,57.1496],[-6.2553,57.1462],[-6.2451,57.135],[-6.2226,57.129],[-6.2034,57.1365],[-6.2116,57.1448],[-6.2098,57.1509],[-6.1943,57.1475],[-6.1833,57.1516],[-6.18,57.1572]]]},"properties":null,"id":29437},
{"type":"Feature","geometry":{"type":"Polygon","coordinates":[[[-6.2765,57.0104],[-6.2813,57.0152],[-6.2476,57.0201],[-6.2546,57.0329],[-6.2703,57.0402],[-6.2833,57.0398],[-6.2918,57.0438],[-6.2939,57.0487],[-6.3012,57.0477],[-6.3074,57.0502],[-6.3101,57.0554],[-6.3237,57.0556],[-6.33,57.0604],[-6.3455,57.0563],[-6.3513,57.049],[-6.3579,57.0529],[-6.3702,57.0533],[-6.3978,57.0427],[-6.4097,57.0294],[-6.4317,57.0218],[-6.4462,57.0094],[-6.4519,57.0106],[-6.4602,57.0085],[-6.4531,57.0021],[-6.4507,57.0037],[-6.4367,56.9951],[-6.4312,56.9959],[-6.4211,56.9915],[-6.394,56.9751],[-6.3759,56.9732],[-6.3787,56.9705],[-6.3697,56.9623],[-6.3702,56.9524],[-6.3538,56.95],[-6.3492,56.9472],[-6.3443,56.9486],[-6.34,56.9419],[-6.3322,56.9414],[-6.3289,56.9356],[-6.3112,56.9349],[-6.2963,56.9398],[-6.2892,56.9454],[-6.2888,56.9514],[-6.2662,56.9569],[-6.2598,56.966],[-6.2492,56.9725],[-6.2493,56.9928],[-6.2383,57.0048],[-6.2426,57.0083],[-6.2765,57.0104]]]},"properties":null,"id":29438},
{"type":"Feature","geometry":{"type":"Polygon","coordinates":[[[-6.4419,57.7464],[-6.443,57.7443],[-6.4279,57.7384],[-6.4289,57.7408],[-6.4419,57.7464]]]},"properties":null,"id":29445},
{"type":"Feature","geometry":{"type":"Polygon","coordinates":[[[1.2373,51.8991],[1.2407,51.8965],[1.2437,51.8978],[1.2405,51.899],[1.2411,51.8997],[1.2427,51.8992],[1.2431,51.9002],[1.2373,51.8991]]]},"properties":null,"id":29483},
{"type":"Feature","geometry":{"type":"Polygon","coordinates":[[[-5.7937,57.1436],[-5.7843,57.1446],[-5.7816,57.1505],[-5.7899,57.1506],[-5.7937,57.1436]]]},"properties":null,"id":29488},
{"type":"Feature","geometry":{"type":"Polygon","coordinates":[[[1.2218,51.872],[1.2245,51.8766],[1.2246,51.8805],[1.2227,51.8799],[1.2241,51.8778],[1.2235,51.8764],[1.2214,51.8738],[1.2212,51.8731],[1.2213,51.8724],[1.2212,51.8722],[1.2201,51.8721],[1.2213,51.8723],[1.2211,51.8731],[1.2213,51.8737],[1.2215,51.8741],[1.222,51.8747],[1.2182,51.8752],[1.2152,51.8722],[1.2147,51.877],[1.2138,51.8765],[1.2125,51.875],[1.2124,51.8746],[1.213,51.8738],[1.2065,51.8711],[1.2067,51.8706],[1.2078,51.8703],[1.2082,51.871],[1.2083,51.8705],[1.2079,51.8704],[1.2082,51.8702],[1.2218,51.872]]]},"properties":null,"id":29528},
{"type":"Feature","geometry":{"type":"Polygon","coordinates":[[[1.2447,51.8695],[1.2502,51.8769],[1.2589,51.8761],[1.2587,51.8834],[1.2496,51.8825],[1.2442,51.8774],[1.2399,51.8775],[1.24,51.8787],[1.2417,51.878],[1.2417,51.8786],[1.2401,51.8788],[1.2406,51.879],[1.2415,51.8787],[1.2428,51.8809],[1.2423,51.8815],[1.2415,51.8815],[1.2428,51.8818],[1.2396,51.8814],[1.24,51.8811],[1.2404,51.8809],[1.2415,51.8815],[1.2415,51.8807],[1.2426,51.881],[1.2389,51.8789],[1.2398,51.8775],[1.2324,51.8795],[1.2326,51.8801],[1.2332,51.8797],[1.233,51.8804],[1.2341,51.8805],[1.2333,51.8805],[1.2339,51.8807],[1.2343,51.8805],[1.2346,51.8807],[1.2347,51.8803],[1.2355,51.8807],[1.235,51.882],[1.231,51.8816],[1.2318,51.8791],[1.2278,51.8806],[1.2267,51.875],[1.2341,51.874],[1.2372,51.8696],[1.2446,51.8689],[1.2459,51.8695],[1.2469,51.8709],[1.2455,51.8703],[1.2457,51.8698],[1.2447,51.8695]]]},"properties":null,"id":29538},
{"type":"Feature","geometry":{"type":"Polygon","coordinates":[[[1.2531,51.8713],[1.254,51.8699],[1.2559,51.869],[1.2593,51.8691],[1.2616,51.8675],[1.2657,51.8669],[1.2648,51.8661],[1.2669,51.8672],[1.2668,51.8676],[1.2618,51.8676],[1.2594,51.8692],[1.2541,51.8701],[1.264,51.8716],[1.2676,51.8676],[1.2646,51.8723],[1.2531,51.8734],[1.2531,51.8713]]]},"properties":null,"id":29540},
{"type":"Feature","geometry":{"type":"Polygon","coordinates":[[[-5.8973,57.1724],[-5.8905,57.1721],[-5.8948,57.1767],[-5.8976,57.175],[-5.8962,57.1747],[-5.8973,57.1724]]]},"properties":null,"id":29547},
{"type":"Feature","geometry":{"type":"Polygon","coordinates":[[[1.0323,51.7861],[1.0328,51.7855],[1.0326,51.7852],[1.033,51.7851],[1.0331,51.7848],[1.0326,51.7843],[1.0326,51.7844],[1.0325,51.7844],[1.0324,51.7845],[1.0324,51.7846],[1.033,51.785],[1.0326,51.785],[1.0325,51.7853],[1.0327,51.7856],[1.0324,51.7857],[1.0323,51.7861],[1.0304,51.7875],[1.0296,51.7897],[1.0291,51.7887],[1.0327,51.7827],[1.0339,51.7776],[1.0331,51.7785],[1.0328,51.7797],[1.0324,51.7815],[1.0326,51.7827],[1.0317,51.7828],[1.031,51.7848],[1.0308,51.7846],[1.0329,51.7784],[1.0346,51.7763],[1.0406,51.771],[1.0476,51.7703],[1.0469,51.7707],[1.0462,51.771],[1.0455,51.7713],[1.0413,51.7734],[1.036,51.7759],[1.0364,51.7764],[1.0399,51.7761],[1.0342,51.7786],[1.0334,51.7808],[1.0351,51.7835],[1.0333,51.7835],[1.0354,51.7876],[1.0323,51.7861]]]},"properties":null,"id":29578},
{"type":"Feature","geometry":{"type":"Polygon","coordinates":[[[0.958,51.8278],[0.9577,51.8278],[0.9543,51.8277],[0.9575,51.827],[0.9576,51.8266],[0.9569,51.826],[0.9562,51.8262],[0.9554,51.8244],[0.9572,51.8247],[0.9557,51.8238],[0.9633,51.8223],[0.9581,51.8277],[0.958,51.8278]]]},"properties":null,"id":29585},
{"type":"Feature","geometry":{"type":"Polygon","coordinates":[[[0.9752,51.8175],[0.9845,51.8133],[0.9823,51.8158],[0.9752,51.8175]]]},"properties":null,"id":29586},
{"type":"Feature","geometry":{"type":"Polygon","coordinates":[[[0.9031,51.7921],[0.9013,51.7893],[0.9125,51.7953],[0.9126,51.7984],[0.9035,51.7945],[0.8961,51.7826],[0.9031,51.7921]]]},"properties":null,"id":29587},
{"type":"Feature","geometry":{"type":"Polygon","coordinates":[[[-4.4483,54.166],[-4.4449,54.1698],[-4.4364,54.1675],[-4.4241,54.1704],[-4.422,54.1758],[-4.4079,54.1784],[-4.3921,54.1902],[-4.3871,54.1973],[-4.4021,54.2051],[-4.3976,54.2203],[-4.37,54.2325],[-4.3653,54.2401],[-4.3695,54.2428],[-4.3671,54.247],[-4.3429,54.2636],[-4.3419,54.2703],[-4.3229,54.2816],[-4.3255,54.2922],[-4.3158,54.2901],[-4.3148,54.2945],[-4.3079,54.2952],[-4.3162,54.3035],[-4.3449,54.3071],[-4.3502,54.3115],[-4.3551,54.3094],[-4.3694,54.3132],[-4.3749,54.3184],[-4.3655,54.3207],[-4.375,54.3185],[-4.3778,54.3234],[-4.375,54.3238],[-4.3785,54.324],[-4.3749,54.3244],[-4.3808,54.3261],[-4.383,54.3492],[-4.3626,54.3916],[-4.3612,54.415],[-4.3648,54.4179],[-4.4111,54.407],[-4.457,54.4003],[-4.5278,54.3722],[-4.5439,54.3608],[-4.5573,54.336],[-4.5694,54.3249],[-4.5947,54.2864],[-4.6113,54.2695],[-4.6494,54.2465],[-4.6608,54.2359],[-4.6805,54.2308],[-4.6919,54.2242],[-4.6983,54.2251],[-4.6945,54.228],[-4.6994,54.2275],[-4.6989,54.2251],[-4.7093,54.2208],[-4.7128,54.2145],[-4.7195,54.2117],[-4.7144,54.201],[-4.7198,54.1956],[-4.7175,54.1925],[-4.7215,54.1847],[-4.7401,54.1737],[-4.7426,54.1686],[-4.7424,54.1638],[-4.7313,54.1548],[-4.7348,54.1462],[-4.7302,54.1425],[-4.7374,54.1318],[-4.7367,54.1268],[-4.7471,54.1191],[-4.7509,54.1073],[-4.7563,54.1095],[-4.7663,54.1081],[-4.7796,54.0959],[-4.7775,54.0912],[-4.7633,54.0911],[-4.76,54.0865],[-4.7634,54.0841],[-4.7711,54.0851],[-4.7783,54.0755],[-4.7868,54.074],[-4.7939,54.0626],[-4.7844,54.0617],[-4.7798,54.0555],[-4.7714,54.0561],[-4.7692,54.0608],[-4.7593,54.0599],[-4.7527,54.062],[-4.748,54.0704],[-4.7414,54.0674],[-4.7332,54.0684],[-4.7302,54.0721],[-4.7333,54.0705],[-4.7356,54.0737],[-4.7378,54.0722],[-4.7381,54.0773],[-4.7292,54.0778],[-4.7283,54.0835],[-4.6977,54.0843],[-4.6856,54.0776],[-4.6809,54.073],[-4.6835,54.0693],[-4.6735,54.0624],[-4.6634,54.0626],[-4.663,54.0682],[-4.6492,54.0721],[-4.6533,54.0748],[-4.6496,54.0733],[-4.6488,54.0754],[-4.6364,54.0771],[-4.6256,54.0737],[-4.6202,54.0671],[-4.6272,54.0562],[-4.6334,54.0545],[-4.6241,54.0539],[-4.6074,54.0715],[-4.6095,54.0737],[-4.6037,54.0742],[-4.6061,54.0754],[-4.6167,54.0707],[-4.6224,54.0745],[-4.6222,54.0783],[-4.6059,54.0846],[-4.6043,54.0915],[-4.5767,54.1004],[-4.5769,54.103],[-4.5702,54.1003],[-4.547,54.1021],[-4.5414,54.1124],[-4.5293,54.1162],[-4.5307,54.1234],[-4.5176,54.1276],[-4.502,54.1256],[-4.4791,54.138],[-4.4732,54.1381],[-4.4637,54.1473],[-4.4694,54.1447],[-4.477,54.1469],[-4.4677,54.1475],[-4.4765,54.1502],[-4.4774,54.1561],[-4.4651,54.1655],[-4.4483,54.166]]]},"properties":null,"id":29642},
{"type":"Feature","geometry":{"type":"Polygon","coordinates":[[[-5.9771,57.5146],[-5.9756,57.5187],[-5.9709,57.5197],[-5.9737,57.5236],[-5.9688,57.5267],[-5.9735,57.531],[-5.9641,57.5425],[-5.9662,57.5504],[-5.9612,57.5526],[-5.9539,57.5685],[-5.9574,57.5688],[-5.9579,57.5805],[-5.9618,57.5826],[-5.9653,57.5802],[-5.9665,57.5836],[-5.9697,57.5823],[-5.9712,57.5838],[-5.9731,57.5807],[-5.9639,57.578],[-5.9646,57.5732],[-5.9684,57.5712],[-5.9788,57.5772],[-5.9751,57.5711],[-5.9801,57.569],[-5.9808,57.57],[-5.977,57.572],[-5.9822,57.5755],[-5.9837,57.5699],[-5.9863,57.5715],[-5.9899,57.5689],[-5.9884,57.5677],[-5.9852,57.568],[-5.9834,57.5634],[-5.9874,57.5618],[-5.9844,57.5521],[-5.9764,57.5497],[-5.9819,57.544],[-5.9875,57.5449],[-5.9914,57.5421],[-5.9992,57.5455],[-6.0011,57.5428],[-5.9977,57.5396],[-6.0009,57.5392],[-5.9939,57.5358],[-5.9898,57.5394],[-5.9805,57.5405],[-5.9862,57.5363],[-5.9847,57.5331],[-5.9879,57.5354],[-5.9903,57.533],[-5.995,57.5333],[-5.9979,57.5276],[-5.9841,57.5212],[-5.9952,57.5214],[-5.9913,57.5187],[-5.9771,57.5146]]]},"properties":null,"id":30333},
{"type":"Feature","geometry":{"type":"Polygon","coordinates":[[[-5.9764,57.5115],[-5.9757,57.5134],[-5.9839,57.5148],[-5.9812,57.5119],[-5.9764,57.5115]]]},"properties":null,"id":30334},
{"type":"Feature","geometry":{"type":"Polygon","coordinates":[[[-8.5923,54.2875],[-8.5862,54.2873],[-8.5825,54.2977],[-8.5766,54.3003],[-8.5908,54.3058],[-8.5995,54.2996],[-8.5937,54.2987],[-8.5923,54.2875]]]},"properties":null,"id":30336},
{"type":"Feature","geometry":{"type":"Polygon","coordinates":[[[-1.3306,59.8679],[-1.3279,59.8711],[-1.3308,59.873],[-1.3355,59.8687],[-1.3306,59.8679]]]},"properties":null,"id":30351},
{"type":"Feature","geometry":{"type":"Polygon","coordinates":[[[-9.7598,53.2418],[-9.761,53.244],[-9.7664,53.2427],[-9.7656,53.2405],[-9.7598,53.2418]]]},"properties":null,"id":30390},
{"type":"Feature","geometry":{"type":"Polygon","coordinates":[[[-9.8919,53.9845],[-9.8907,54.0004],[-9.8863,54.0001],[-9.885,54.0038],[-9.8961,54.0002],[-9.9145,54.0001],[-9.9249,53.9954],[-9.9169,53.9854],[-9.9078,53.9858],[-9.9123,53.9871],[-9.9137,53.9945],[-9.912,53.9943],[-9.9117,53.9916],[-9.9081,53.9921],[-9.9092,53.9871],[-9.9046,53.9861],[-9.905,53.9912],[-9.8983,53.9925],[-9.8919,53.9845]]]},"properties":null,"id":30426},
{"type":"Feature","geometry":{"type":"Polygon","coordinates":[[[-9.9437,53.8686],[-9.9502,53.8716],[-9.9681,53.8723],[-9.9631,53.8674],[-9.9665,53.8663],[-9.9533,53.8656],[-9.9597,53.8613],[-9.9438,53.8573],[-9.9437,53.8686]]]},"properties":null,"id":30427},
{"type":"Feature","geometry":{"type":"Polygon","coordinates":[[[-9.8542,53.9858],[-9.8632,53.996],[-9.8659,53.9892],[-9.8762,53.9895],[-9.8663,53.9761],[-9.8713,53.9738],[-9.8717,53.9689],[-9.8556,53.9737],[-9.8542,53.9858]]]},"properties":null,"id":30428},
{"type":"Feature","geometry":{"type":"Polygon","coordinates":[[[-9.4947,52.6216],[-9.5007,52.6226],[-9.5048,52.6217],[-9.4995,52.6183],[-9.4947,52.6216]]]},"properties":null,"id":30429},
{"type":"Feature","geometry":{"type":"Polygon","coordinates":[[[-4.6272,53.3144],[-4.6198,53.3142],[-4.6247,53.3196],[-4.6262,53.318],[-4.6272,53.3144]]]},"properties":null,"id":30438},
{"type":"Feature","geometry":{"type":"Polygon","coordinates":[[[-10.1515,54.0808],[-10.1583,54.0766],[-10.142,54.077],[-10.1515,54.0808]]]},"properties":null,"id":30439},
{"type":"Feature","geometry":{"type":"Polygon","coordinates":[[[-10.1771,54.071],[-10.1644,54.0718],[-10.1618,54.0762],[-10.1714,54.0794],[-10.1739,54.0753],[-10.1841,54.0739],[-10.1771,54.071]]]},"properties":null,"id":30440},
{"type":"Feature","geometry":{"type":"Polygon","coordinates":[[[-1.9604,50.6953],[-1.9739,50.6975],[-1.9878,50.6919],[-1.9836,50.6871],[-1.9616,50.6863],[-1.9559,50.691],[-1.9604,50.6953]]]},"properties":null,"id":30443},
{"type":"Feature","geometry":{"type":"Polygon","coordinates":[[[-10.1766,53.4318],[-10.1688,53.4344],[-10.1686,53.4358],[-10.1782,53.4334],[-10.1766,53.4318]]]},"properties":null,"id":30457},
{"type":"Feature","geometry":{"type":"Polygon","coordinates":[[[0.7104,51.72],[0.7205,51.7185],[0.7199,51.7198],[0.718,51.7207],[0.7211,51.7237],[0.7156,51.725],[0.7204,51.7305],[0.7176,51.7285],[0.7172,51.7269],[0.7164,51.7271],[0.7136,51.7222],[0.7104,51.72]]]},"properties":null,"id":30527},
{"type":"Feature","geometry":{"type":"Polygon","coordinates":[[[0.7244,51.7272],[0.7208,51.728],[0.7162,51.7254],[0.7205,51.7241],[0.7244,51.7272]]]},"properties":null,"id":30528},
{"type":"Feature","geometry":{"type":"Polygon","coordinates":[[[0.7287,51.7185],[0.7253,51.7219],[0.7225,51.7213],[0.7239,51.7176],[0.7287,51.7185]]]},"properties":null,"id":30529},
{"type":"Feature","geometry":{"type":"Polygon","coordinates":[[[0.7847,51.7222],[0.7831,51.7245],[0.766,51.7265],[0.7692,51.7269],[0.7561,51.7267],[0.7546,51.725],[0.7721,51.7187],[0.7847,51.7222]]]},"properties":null,"id":30679},
{"type":"Feature","geometry":{"type":"Polygon","coordinates":[[[-6.6757,56.9745],[-6.678,56.9737],[-6.6758,56.9684],[-6.6728,56.9693],[-6.6757,56.9745]]]},"properties":null,"id":30765},
{"type":"Feature","geometry":{"type":"Polygon","coordinates":[[[-9.5897,53.8743],[-9.5948,53.8731],[-9.5967,53.8711],[-9.5877,53.8701],[-9.5897,53.8743]]]},"properties":null,"id":30818},
{"type":"Feature","geometry":{"type":"Polygon","coordinates":[[[-6.3436,56.432],[-6.3379,56.4342],[-6.3388,56.4405],[-6.3468,56.4355],[-6.3416,56.4339],[-6.3436,56.432]]]},"properties":null,"id":30926},
{"type":"Feature","geometry":{"type":"Polygon","coordinates":[[[-3.1185,51.3752],[-3.1166,51.3776],[-3.1214,51.3802],[-3.1251,51.3769],[-3.1185,51.3752]]]},"properties":null,"id":30948},
{"type":"Feature","geometry":{"type":"Polygon","coordinates":[[[-8.2909,51.8375],[-8.2905,51.8314],[-8.2807,51.8331],[-8.2815,51.8369],[-8.2909,51.8375]]]},"properties":null,"id":30975},
{"type":"Feature","geometry":{"type":"Polygon","coordinates":[[[-6.6131,52.1156],[-6.6049,52.1176],[-6.604,52.1229],[-6.6242,52.1179],[-6.6252,52.1104],[-6.62,52.1097],[-6.6131,52.1156]]]},"properties":null,"id":30976},
{"type":"Feature","geometry":{"type":"Polygon","coordinates":[[[-6.0628,53.3865],[-6.0625,53.3918],[-6.0669,53.3942],[-6.0667,53.3929],[-6.0629,53.3917],[-6.0663,53.3885],[-6.0683,53.3917],[-6.0696,53.3907],[-6.0687,53.3888],[-6.0711,53.3899],[-6.0685,53.3931],[-6.0755,53.3894],[-6.1149,53.3965],[-6.113,53.3921],[-6.1223,53.3943],[-6.1364,53.4095],[-6.1338,53.4187],[-6.1221,53.4009],[-6.1145,53.3982],[-6.1111,53.4028],[-6.1225,53.4243],[-6.1236,53.4338],[-6.12,53.4362],[-6.1239,53.4435],[-6.1336,53.4465],[-6.1376,53.4515],[-6.1522,53.4525],[-6.1547,53.4576],[-6.1573,53.4524],[-6.168,53.4561],[-6.1751,53.4544],[-6.1744,53.4551],[-6.1728,53.4557],[-6.1728,53.4562],[-6.2031,53.4648],[-6.1999,53.4663],[-6.1916,53.464],[-6.1724,53.4696],[-6.1547,53.469],[-6.1552,53.4593],[-6.1537,53.4691],[-6.1483,53.4719],[-6.1486,53.4723],[-6.1489,53.4723],[-6.1519,53.472],[-6.1528,53.4733],[-6.1455,53.475],[-6.1336,53.4681],[-6.1476,53.4558],[-6.1374,53.4577],[-6.1389,53.4567],[-6.1462,53.4549],[-6.1337,53.4532],[-6.1175,53.477],[-6.0968,53.4916],[-6.109,53.4944],[-6.1159,53.5095],[-6.1302,53.5101],[-6.1236,53.4989],[-6.1492,53.5018],[-6.155,53.499],[-6.1655,53.5],[-6.16,53.504],[-6.1585,53.5041],[-6.1578,53.5035],[-6.1568,53.5039],[-6.1489,53.5023],[-6.1471,53.5097],[-6.1414,53.509],[-6.122,53.5142],[-6.1201,53.5109],[-6.1114,53.5097],[-6.0932,53.518],[-6.0843,53.517],[-6.0762,53.5198],[-6.0756,53.5219],[-6.0849,53.5246],[-6.0874,53.5318],[-6.0838,53.538],[-6.0768,53.5406],[-6.0847,53.5421],[-6.0831,53.5465],[-6.0792,53.5457],[-6.0797,53.5531],[-6.0838,53.5604],[-6.099,53.5658],[-6.1048,53.5805],[-6.0993,53.5856],[-6.1057,53.5861],[-6.1057,53.5828],[-6.1125,53.5814],[-6.1345,53.5865],[-6.1489,53.5864],[-6.1608,53.5983],[-6.1638,53.6073],[-6.1828,53.613],[-6.1884,53.6209],[-6.1877,53.6302],[-6.2129,53.6337],[-6.2218,53.654],[-6.2356,53.6752],[-6.2404,53.6769],[-6.2367,53.6786],[-6.2445,53.7128],[-6.2427,53.7211],[-6.2375,53.7207],[-6.2473,53.7235],[-6.2507,53.7327],[-6.2484,53.7589],[-6.2368,53.7854],[-6.2322,53.7893],[-6.2242,53.7895],[-6.2162,53.7956],[-6.2318,53.7999],[-6.2448,53.7995],[-6.2499,53.804],[-6.2595,53.8061],[-6.2607,53.8105],[-6.2606,53.8261],[-6.2527,53.8453],[-6.2381,53.8607],[-6.2461,53.8643],[-6.2572,53.8641],[-6.2683,53.871],[-6.2732,53.8691],[-6.2896,53.8714],[-6.3037,53.8788],[-6.3195,53.8754],[-6.3313,53.876],[-6.3576,53.8913],[-6.3697,53.9044],[-6.3758,53.9199],[-6.3742,53.9397],[-6.3799,53.9443],[-6.3799,53.9496],[-6.3769,53.9565],[-6.366,53.9579],[-6.3608,53.9684],[-6.36,53.9734],[-6.3664,53.9799],[-6.3411,53.9921],[-6.3397,54.0011],[-6.3491,54.0084],[-6.3855,54.0077],[-6.3924,54.0117],[-6.4027,54.0125],[-6.3559,54.0135],[-6.3617,54.0139],[-6.3606,54.0164],[-6.3685,54.0211],[-6.3655,54.0255],[-6.3712,54.0295],[-6.3649,54.0313],[-6.3614,54.0292],[-6.3652,54.0301],[-6.363,54.0256],[-6.3484,54.0141],[-6.3527,54.0115],[-6.3218,54.0142],[-6.3069,54.0115],[-6.2698,53.9949],[-6.2553,53.9921],[-6.251,53.988],[-6.2397,53.987],[-6.2399,53.9844],[-6.2286,53.9868],[-6.1996,53.98],[-6.1752,53.9803],[-6.1653,53.9771],[-6.1492,53.9816],[-6.1407,53.9805],[-6.1327,53.9873],[-6.1032,54.0002],[-6.1109,54.0089],[-6.1262,54.0168],[-6.1314,54.0345],[-6.1419,54.028],[-6.1493,54.0274],[-6.1726,54.0373],[-6.178,54.0423],[-6.1853,54.041],[-6.1898,54.0507],[-6.2021,54.061],[-6.2446,54.0767],[-6.2555,54.0901],[-6.26,54.0903],[-6.2799,54.1099],[-6.2886,54.1106],[-6.2972,54.1154],[-6.3222,54.1485],[-6.3189,54.1498],[-6.2909,54.1139],[-6.277,54.1104],[-6.2587,54.0992],[-6.2557,54.1007],[-6.2541,54.0964],[-6.2352,54.1013],[-6.2021,54.0987],[-6.1907,54.0939],[-6.183,54.0736],[-6.176,54.0733],[-6.1664,54.0669],[-6.1498,54.0657],[-6.1388,54.0616],[-6.1345,54.0648],[-6.1257,54.0658],[-6.1113,54.0621],[-6.0942,54.0623],[-6.084,54.0571],[-6.0742,54.0451],[-6.0927,54.0495],[-6.0991,54.0481],[-6.0999,54.0436],[-6.1076,54.0401],[-6.0891,54.0364],[-6.0815,54.0295],[-6.0677,54.0289],[-6.0623,54.0229],[-6.0137,54.0419],[-6.001,54.0545],[-5.9882,54.0576],[-5.9961,54.0613],[-5.9883,54.058],[-5.963,54.0627],[-5.9527,54.0771],[-5.9033,54.0996],[-5.8933,54.1089],[-5.8924,54.1179],[-5.8857,54.1215],[-5.8895,54.1327],[-5.8746,54.1551],[-5.8714,54.1672],[-5.8764,54.1891],[-5.891,54.2012],[-5.8919,54.2063],[-5.8746,54.2204],[-5.8315,54.2401],[-5.8346,54.2387],[-5.8281,54.2472],[-5.8384,54.2532],[-5.8406,54.2502],[-5.8506,54.2491],[-5.8583,54.2387],[-5.8599,54.2506],[-5.8584,54.2517],[-5.8564,54.2516],[-5.8572,54.2507],[-5.8535,54.2525],[-5.8506,54.2513],[-5.8503,54.2496],[-5.8493,54.2546],[-5.8405,54.257],[-5.8373,54.2647],[-5.829,54.27],[-5.826,54.2774],[-5.8276,54.2754],[-5.8292,54.277],[-5.8227,54.2813],[-5.8172,54.284],[-5.8157,54.2826],[-5.8201,54.2722],[-5.8156,54.2593],[-5.8196,54.2568],[-5.8336,54.2567],[-5.8213,54.2424],[-5.7564,54.2462],[-5.7516,54.2506],[-5.7297,54.2531],[-5.7235,54.2521],[-5.7211,54.2483],[-5.72,54.2504],[-5.6946,54.2514],[-5.6791,54.2491],[-5.6725,54.2403],[-5.6744,54.2383],[-5.6705,54.2386],[-5.6734,54.2347],[-5.6709,54.2333],[-5.6663,54.2352],[-5.6627,54.2261],[-5.6592,54.2255],[-5.65,54.2298],[-5.6425,54.2409],[-5.6371,54.2416],[-5.64,54.2497],[-5.6366,54.2526],[-5.6454,54.2563],[-5.6376,54.2612],[-5.6398,54.263],[-5.6364,54.2634],[-5.6361,54.2595],[-5.6297,54.2582],[-5.6295,54.2543],[-5.6341,54.2524],[-5.6286,54.2504],[-5.6284,54.2552],[-5.623,54.2555],[-5.6179,54.2505],[-5.6204,54.2468],[-5.612,54.2466],[-5.6019,54.2567],[-5.6078,54.2656],[-5.6036,54.266],[-5.5954,54.2607],[-5.5849,54.2711],[-5.5756,54.2732],[-5.559,54.2875],[-5.5492,54.3072],[-5.5414,54.3082],[-5.5376,54.3127],[-5.5245,54.3108],[-5.523,54.3146],[-5.5423,54.3199],[-5.5394,54.3299],[-5.5441,54.3326],[-5.5408,54.3388],[-5.5485,54.3451],[-5.5505,54.3695],[-5.557,54.3764],[-5.5632,54.376],[-5.5658,54.3701],[-5.561,54.3679],[-5.5676,54.3645],[-5.5691,54.3695],[-5.5777,54.3729],[-5.5709,54.3765],[-5.5724,54.383],[-5.5911,54.3839],[-5.6046,54.3769],[-5.6147,54.3794],[-5.6355,54.3704],[-5.6402,54.3729],[-5.6408,54.3691],[-5.6464,54.3691],[-5.6464,54.365],[-5.6515,54.3643],[-5.6566,54.3679],[-5.6634,54.3665],[-5.6659,54.3624],[-5.6683,54.3662],[-5.6759,54.3691],[-5.6797,54.3671],[-5.6848,54.3716],[-5.6652,54.3821],[-5.6542,54.3814],[-5.658,54.3855],[-5.6537,54.3909],[-5.6503,54.3883],[-5.6468,54.3933],[-5.65,54.3975],[-5.6462,54.3965],[-5.6413,54.4005],[-5.6417,54.4105],[-5.6497,54.4103],[-5.6488,54.4146],[-5.6473,54.4124],[-5.6437,54.4148],[-5.6473,54.4192],[-5.6417,54.4226],[-5.6442,54.4304],[-5.6376,54.4297],[-5.633,54.4348],[-5.6319,54.428],[-5.6284,54.4313],[-5.6299,54.4379],[-5.6373,54.4407],[-5.6366,54.4373],[-5.64,54.4384],[-5.6378,54.4436],[-5.644,54.4484],[-5.6403,54.4494],[-5.6365,54.4458],[-5.6335,54.4474],[-5.6348,54.4498],[-5.6286,54.4539],[-5.6266,54.4634],[-5.6327,54.4599],[-5.6293,54.4545],[-5.6366,54.4562],[-5.6343,54.4517],[-5.6505,54.4528],[-5.6515,54.4538],[-5.6493,54.4557],[-5.6438,54.454],[-5.6405,54.4555],[-5.6469,54.4593],[-5.6397,54.4586],[-5.6422,54.462],[-5.6393,54.4644],[-5.6467,54.4666],[-5.6547,54.4648],[-5.6556,54.4681],[-5.6462,54.4721],[-5.6544,54.4741],[-5.6446,54.4808],[-5.654,54.4849],[-5.6495,54.4883],[-5.6422,54.4852],[-5.6398,54.4889],[-5.6432,54.4903],[-5.6494,54.4884],[-5.6582,54.4978],[-5.6672,54.4915],[-5.6778,54.4969],[-5.6762,54.5097],[-5.6698,54.5118],[-5.6647,54.5097],[-5.6569,54.5163],[-5.6501,54.5124],[-5.6534,54.5199],[-5.6658,54.5186],[-5.6728,54.5224],[-5.6819,54.5201],[-5.6806,54.5238],[-5.6885,54.528],[-5.6858,54.5331],[-5.6954,54.5322],[-5.7079,54.5372],[-5.7177,54.5367],[-5.7236,54.5383],[-5.7224,54.5416],[-5.7374,54.5455],[-5.7339,54.5456],[-5.7207,54.542],[-5.7223,54.5393],[-5.7191,54.5388],[-5.6967,54.5468],[-5.699,54.5685],[-5.6857,54.5823],[-5.6766,54.5824],[-5.6565,54.5689],[-5.6405,54.5652],[-5.639,54.5617],[-5.6138,54.5584],[-5.6051,54.5491],[-5.5954,54.5485],[-5.5951,54.5409],[-5.5883,54.5404],[-5.5822,54.5326],[-5.5752,54.5317],[-5.5694,54.536],[-5.5572,54.529],[-5.5561,54.5201],[-5.5504,54.5181],[-5.5539,54.5131],[-5.5531,54.5107],[-5.549,54.5112],[-5.5517,54.5069],[-5.5463,54.5038],[-5.5469,54.4967],[-5.5378,54.4945],[-5.5367,54.4896],[-5.5425,54.4849],[-5.5383,54.4828],[-5.5294,54.4855],[-5.5372,54.4818],[-5.5369,54.4805],[-5.5332,54.4799],[-5.5394,54.4799],[-5.5405,54.4775],[-5.5315,54.4787],[-5.5416,54.4751],[-5.532,54.4692],[-5.5414,54.4664],[-5.5443,54.4613],[-5.5341,54.4581],[-5.5352,54.4533],[-5.5287,54.4544],[-5.5376,54.4429],[-5.5349,54.4378],[-5.548,54.4381],[-5.5439,54.4342],[-5.5412,54.4359],[-5.5341,54.4341],[-5.5358,54.4331],[-5.5378,54.4341],[-5.5346,54.4324],[-5.5401,54.4254],[-5.5468,54.427],[-5.5408,54.4295],[-5.5423,54.4311],[-5.5496,54.4285],[-5.5492,54.4311],[-5.5448,54.4335],[-5.5488,54.435],[-5.5562,54.4296],[-5.5642,54.4302],[-5.5653,54.425],[-5.5714,54.422],[-5.5769,54.4232],[-5.5726,54.4187],[-5.5792,54.4096],[-5.5796,54.4005],[-5.5742,54.3977],[-5.5749,54.3934],[-5.5614,54.3903],[-5.5569,54.3841],[-5.5481,54.3801],[-5.5392,54.3693],[-5.5407,54.365],[-5.5281,54.3594],[-5.5303,54.3496],[-5.5265,54.343],[-5.5213,54.3407],[-5.513,54.3447],[-5.5043,54.3317],[-5.4965,54.3331],[-5.4994,54.3381],[-5.4983,54.3418],[-5.4952,54.3414],[-5.4986,54.3434],[-5.4946,54.3462],[-5.4969,54.3506],[-5.4926,54.3516],[-5.4901,54.3573],[-5.4844,54.3549],[-5.4804,54.3596],[-5.4832,54.3651],[-5.4881,54.3635],[-5.4925,54.3651],[-5.4857,54.372],[-5.4898,54.3764],[-5.4829,54.3836],[-5.4734,54.385],[-5.47,54.382],[-5.4628,54.3836],[-5.4588,54.3892],[-5.4582,54.393],[-5.4657,54.4002],[-5.464,54.4145],[-5.4719,54.4188],[-5.4731,54.424],[-5.4786,54.4244],[-5.4791,54.4304],[-5.4725,54.4354],[-5.4559,54.4389],[-5.4494,54.4514],[-5.4357,54.4569],[-5.4398,54.4564],[-5.4361,54.4573],[-5.4399,54.4594],[-5.4359,54.4706],[-5.4421,54.4755],[-5.4325,54.4864],[-5.4368,54.49],[-5.4426,54.4891],[-5.4558,54.4933],[-5.4636,54.4985],[-5.4714,54.5166],[-5.4702,54.5263],[-5.4815,54.5339],[-5.4834,54.54],[-5.479,54.5441],[-5.4859,54.5465],[-5.4773,54.5639],[-5.4891,54.5777],[-5.4941,54.5765],[-5.5007,54.5788],[-5.5063,54.5915],[-5.5215,54.5975],[-5.5245,54.6085],[-5.5323,54.6172],[-5.5298,54.6209],[-5.5341,54.6229],[-5.5279,54.6364],[-5.5301,54.6448],[-5.538,54.6437],[-5.5414,54.6545],[-5.5529,54.6555],[-5.5672,54.6629],[-5.5763,54.6753],[-5.5817,54.6752],[-5.5839,54.6779],[-5.5911,54.6744],[-5.597,54.6802],[-5.5996,54.6766],[-5.6027,54.6781],[-5.6111,54.675],[-5.6217,54.6772],[-5.6202,54.6799],[-5.6248,54.6779],[-5.6287,54.6793],[-5.6244,54.6802],[-5.6313,54.6807],[-5.6379,54.6778],[-5.6342,54.6714],[-5.6389,54.6673],[-5.652,54.6658],[-5.6563,54.6709],[-5.6643,54.6662],[-5.6723,54.6673],[-5.6683,54.6656],[-5.6726,54.6629],[-5.6747,54.6656],[-5.6714,54.6663],[-5.6793,54.6688],[-5.6875,54.6683],[-5.6911,54.6651],[-5.6977,54.6684],[-5.7201,54.6673],[-5.7386,54.6742],[-5.7408,54.6777],[-5.7734,54.666],[-5.8104,54.657],[-5.8306,54.6449],[-5.8475,54.64],[-5.8547,54.6332],[-5.8727,54.6359],[-5.8863,54.6248],[-5.8871,54.6117],[-5.8792,54.6092],[-5.888,54.6104],[-5.8909,54.6134],[-5.8922,54.6096],[-5.8983,54.6103],[-5.8896,54.6172],[-5.8922,54.6227],[-5.8962,54.6159],[-5.9006,54.6165],[-5.9149,54.6065],[-5.9114,54.6056],[-5.9208,54.6032],[-5.91,54.6125],[-5.9154,54.609],[-5.9156,54.6119],[-5.896,54.6231],[-5.9188,54.6115],[-5.9164,54.6152],[-5.8892,54.6287],[-5.8774,54.6379],[-5.8799,54.6401],[-5.8987,54.63],[-5.906,54.6299],[-5.9067,54.6351],[-5.901,54.6352],[-5.8988,54.6392],[-5.9018,54.6386],[-5.9047,54.6423],[-5.915,54.643],[-5.9003,54.6598],[-5.8953,54.6743],[-5.8573,54.6943],[-5.8487,54.6963],[-5.8382,54.7063],[-5.8255,54.7096],[-5.8117,54.7098],[-5.8154,54.711],[-5.807,54.7103],[-5.8069,54.7131],[-5.8064,54.7104],[-5.8057,54.7108],[-5.8062,54.7138],[-5.8045,54.7149],[-5.7804,54.7229],[-5.7688,54.7231],[-5.7663,54.7202],[-5.7664,54.7231],[-5.7649,54.7198],[-5.7569,54.7228],[-5.7549,54.7213],[-5.7571,54.7243],[-5.7446,54.7254],[-5.7335,54.738],[-5.7265,54.7379],[-5.7102,54.7459],[-5.7061,54.7547],[-5.688,54.767],[-5.6946,54.774],[-5.6893,54.8029],[-5.7075,54.8304],[-5.725,54.848],[-5.7297,54.8475],[-5.7461,54.8554],[-5.7627,54.8593],[-5.7621,54.8537],[-5.77,54.8521],[-5.7803,54.8586],[-5.7819,54.8518],[-5.79,54.8521],[-5.7893,54.8439],[-5.777,54.839],[-5.7695,54.8318],[-5.7506,54.8253],[-5.7517,54.8207],[-5.744,54.8178],[-5.7439,54.8152],[-5.7395,54.8162],[-5.7346,54.8136],[-5.7369,54.8119],[-5.7313,54.8097],[-5.7315,54.8048],[-5.7236,54.7993],[-5.7255,54.7933],[-5.7219,54.7932],[-5.7193,54.7881],[-5.7251,54.7854],[-5.7183,54.7853],[-5.722,54.7725],[-5.7333,54.7911],[-5.738,54.7945],[-5.7352,54.7917],[-5.7403,54.7932],[-5.7367,54.7954],[-5.7543,54.8112],[-5.743,54.8078],[-5.7424,54.8123],[-5.7585,54.8181],[-5.7711,54.8154],[-5.7767,54.8188],[-5.7789,54.8164],[-5.8013,54.823],[-5.8071,54.8273],[-5.8173,54.8471],[-5.8127,54.8447],[-5.803,54.8448],[-5.8037,54.8403],[-5.8005,54.8402],[-5.7956,54.8501],[-5.7978,54.8545],[-5.8046,54.8571],[-5.8115,54.8679],[-5.8215,54.8754],[-5.8365,54.8802],[-5.8444,54.9007],[-5.8588,54.8989],[-5.8781,54.9077],[-5.8993,54.9424],[-5.9189,54.9619],[-5.9345,54.9696],[-5.9555,54.9693],[-5.9694,54.9811],[-5.9809,54.9787],[-5.9882,54.9819],[-5.9926,54.9899],[-5.9875,54.9934],[-5.987,55.0007],[-5.9772,55.0074],[-5.979,55.0116],[-5.9634,55.0491],[-5.9811,55.0581],[-5.9924,55.0592],[-6.0236,55.0572],[-6.0427,55.053],[-6.0587,55.0636],[-6.0542,55.0665],[-6.0528,55.0657],[-6.0516,55.0815],[-6.0554,55.082],[-6.0554,55.0848],[-6.0356,55.1036],[-6.0354,55.1228],[-6.0379,55.1257],[-6.0426,55.1245],[-6.0423,55.129],[-6.0254,55.1399],[-6.0253,55.1563],[-6.0314,55.1683],[-6.0465,55.1724],[-6.0524,55.1822],[-6.0641,55.1904],[-6.0616,55.1986],[-6.074,55.198],[-6.1009,55.2087],[-6.1163,55.2097],[-6.1418,55.2276],[-6.1593,55.2261],[-6.1789,55.2135],[-6.2036,55.2115],[-6.2123,55.2076],[-6.2373,55.2038],[-6.2404,55.2078],[-6.2367,55.2081],[-6.2606,55.2132],[-6.2726,55.2213],[-6.287,55.2246],[-6.2893,55.2301],[-6.2959,55.2316],[-6.3108,55.2292],[-6.3326,55.2396],[-6.3463,55.2393],[-6.3507,55.2428],[-6.3585,55.2408],[-6.3685,55.2459],[-6.3734,55.2425],[-6.3805,55.2424],[-6.3919,55.2347],[-6.4075,55.2323],[-6.4212,55.2384],[-6.4263,55.2368],[-6.4323,55.2392],[-6.4374,55.2371],[-6.4414,55.2399],[-6.4549,55.2393],[-6.4686,55.2512],[-6.4823,55.2521],[-6.4844,55.249],[-6.5041,55.2469],[-6.5061,55.2404],[-6.512,55.2419],[-6.5129,55.2389],[-6.5184,55.2395],[-6.5186,55.2354],[-6.531,55.2337],[-6.5279,55.2255],[-6.5369,55.2196],[-6.5455,55.2208],[-6.5459,55.216],[-6.5506,55.2167],[-6.5503,55.2201],[-6.5543,55.22],[-6.5571,55.2181],[-6.557,55.2174],[-6.5772,55.2135],[-6.5817,55.2092],[-6.6076,55.2058],[-6.6287,55.2085],[-6.6477,55.2039],[-6.6574,55.2129],[-6.6599,55.2111],[-6.6629,55.2127],[-6.66,55.2058],[-6.6578,55.208],[-6.6557,55.2061],[-6.6587,55.2055],[-6.6548,55.2047],[-6.6584,55.1992],[-6.6773,55.1997],[-6.6888,55.1954],[-6.6936,55.1969],[-6.7037,55.1922],[-6.7074,55.1938],[-6.7146,55.1888],[-6.7218,55.1899],[-6.7193,55.1844],[-6.7254,55.1812],[-6.7248,55.1735],[-6.7491,55.1693],[-6.7697,55.1686],[-6.7721,55.172],[-6.7737,55.1695],[-6.7907,55.168],[-6.8476,55.1669],[-6.8759,55.1691],[-6.9117,55.1747],[-6.9624,55.1952],[-6.9653,55.1909],[-6.9601,55.1778],[-6.9657,55.1536],[-6.9877,55.1175],[-6.9929,55.1143],[-6.9897,55.1095],[-6.9976,55.1106],[-6.9705,55.1031],[-6.9948,55.1053],[-6.9938,55.1073],[-7.0086,55.1069],[-7.0154,55.1042],[-7.0243,55.0907],[-7.014,55.0769],[-7.0238,55.0686],[-7.0462,55.0584],[-7.0437,55.0532],[-7.0495,55.0558],[-7.0518,55.05],[-7.0702,55.0462],[-7.1316,55.042],[-7.1447,55.045],[-7.1477,55.0497],[-7.148,55.0461],[-7.1485,55.0659],[-7.1492,55.0571],[-7.1838,55.061],[-7.2138,55.0558],[-7.2152,55.0588],[-7.226,55.0609],[-7.2341,55.054],[-7.2327,55.0482],[-7.2517,55.0441],[-7.2546,55.052],[-7.2455,55.0635],[-7.2568,55.0668],[-7.2461,55.0806],[-7.2126,55.1038],[-7.2036,55.1193],[-7.1893,55.1249],[-7.187,55.131],[-7.1658,55.1453],[-7.1482,55.1531],[-7.12,55.1583],[-7.099,55.1677],[-7.0795,55.1725],[-7.0563,55.1811],[-7.0464,55.1878],[-7.0421,55.186],[-7.0222,55.1898],[-7.0008,55.1979],[-6.9885,55.1997],[-6.9832,55.2035],[-6.9853,55.2016],[-6.9831,55.2017],[-6.9741,55.2048],[-6.9714,55.2047],[-6.9709,55.2057],[-6.9655,55.2059],[-6.9593,55.2096],[-6.9515,55.2097],[-6.9481,55.2121],[-6.9528,55.2136],[-6.9418,55.2166],[-6.9251,55.2262],[-6.9282,55.2311],[-6.9222,55.2361],[-6.9566,55.2546],[-6.9654,55.2532],[-6.9719,55.257],[-6.9946,55.2543],[-7.0083,55.2559],[-7.0127,55.259],[-7.0092,55.2665],[-7.0277,55.2667],[-7.0434,55.2754],[-7.0702,55.2718],[-7.0925,55.2815],[-7.093,55.2853],[-7.1193,55.2883],[-7.1242,55.295],[-7.1347,55.2918],[-7.1507,55.2948],[-7.1552,55.2979],[-7.156,55.2921],[-7.1676,55.2877],[-7.1573,55.2922],[-7.1599,55.296],[-7.1523,55.3031],[-7.1569,55.303],[-7.1604,55.3065],[-7.1575,55.3108],[-7.1615,55.3106],[-7.165,55.3157],[-7.1771,55.3204],[-7.1689,55.3282],[-7.1728,55.3306],[-7.1705,55.3362],[-7.1759,55.3368],[-7.1757,55.3404],[-7.1873,55.3428],[-7.196,55.3481],[-7.2323,55.3521],[-7.2398,55.3546],[-7.2423,55.3595],[-7.2694,55.3598],[-7.2773,55.366],[-7.304,55.3669],[-7.3192,55.3707],[-7.3197,55.3688],[-7.332,55.3682],[-7.3369,55.3705],[-7.3332,55.3731],[-7.3405,55.3765],[-7.3494,55.3755],[-7.3564,55.3799],[-7.3655,55.3797],[-7.3677,55.3826],[-7.3801,55.3827],[-7.3998,55.3748],[-7.3899,55.3755],[-7.3921,55.3726],[-7.3847,55.3712],[-7.3892,55.3677],[-7.3749,55.3607],[-7.3596,55.3613],[-7.3481,55.3584],[-7.3518,55.348],[-7.3497,55.3368],[-7.3536,55.3356],[-7.3507,55.3329],[-7.3535,55.3319],[-7.3329,55.3248],[-7.3295,55.311],[-7.3222,55.3138],[-7.277,55.293],[-7.2504,55.2941],[-7.2595,55.2936],[-7.2666,55.2896],[-7.2468,55.2783],[-7.2633,55.2793],[-7.2693,55.2769],[-7.27,55.2797],[-7.2664,55.2805],[-7.2718,55.2821],[-7.2899,55.2751],[-7.3133,55.2849],[-7.3224,55.2859],[-7.3328,55.2834],[-7.3373,55.2867],[-7.3398,55.2836],[-7.3485,55.2845],[-7.35,55.2896],[-7.3345,55.2915],[-7.3199,55.2885],[-7.3038,55.2925],[-7.3081,55.2977],[-7.3161,55.3004],[-7.3129,55.3064],[-7.3256,55.3072],[-7.3403,55.315],[-7.3631,55.3187],[-7.3782,55.3155],[-7.3736,55.3091],[-7.3831,55.2926],[-7.3907,55.2907],[-7.3949,55.294],[-7.4042,55.2934],[-7.4269,55.288],[-7.4303,55.2891],[-7.4353,55.2868],[-7.4301,55.2819],[-7.4473,55.282],[-7.4527,55.2861],[-7.45,55.2904],[-7.4682,55.2965],[-7.4708,55.2919],[-7.4648,55.2852],[-7.4706,55.281],[-7.4893,55.2836],[-7.4986,55.2897],[-7.5221,55.2863],[-7.5258,55.2803],[-7.5202,55.2744],[-7.5086,55.2716],[-7.5087,55.2656],[-7.5164,55.2554],[-7.5341,55.2469],[-7.5302,55.2445],[-7.5317,55.2416],[-7.5215,55.2437],[-7.5177,55.2389],[-7.5276,55.2309],[-7.5347,55.2299],[-7.5404,55.2177],[-7.5452,55.2175],[-7.5443,55.2084],[-7.5492,55.2071],[-7.5399,55.2019],[-7.5443,55.1998],[-7.549,55.2018],[-7.5477,55.1999],[-7.555,55.1975],[-7.5513,55.1947],[-7.5366,55.1935],[-7.5367,55.1909],[-7.5158,55.1825],[-7.4963,55.1606],[-7.4937,55.1588],[-7.489,55.16],[-7.4846,55.1558],[-7.4748,55.1406],[-7.4613,55.1373],[-7.4651,55.1262],[-7.4581,55.1294],[-7.4615,55.1251],[-7.4588,55.1192],[-7.4737,55.1105],[-7.474,55.1055],[-7.4847,55.0933],[-7.4801,55.0908],[-7.4832,55.0873],[-7.4813,55.0858],[-7.4806,55.0886],[-7.4803,55.0857],[-7.4745,55.0878],[-7.4577,55.0788],[-7.4545,55.0633],[-7.4624,55.0616],[-7.4694,55.0701],[-7.4654,55.0726],[-7.4794,55.0739],[-7.4802,55.0786],[-7.4871,55.0799],[-7.4902,55.0847],[-7.515,55.0845],[-7.5288,55.0769],[-7.5331,55.0722],[-7.5241,55.058],[-7.5085,55.0565],[-7.5043,55.0505],[-7.4967,55.0475],[-7.4751,55.0515],[-7.4699,55.0499],[-7.4763,55.0429],[-7.4803,55.047],[-7.4935,55.0407],[-7.5131,55.0402],[-7.5181,55.0329],[-7.5157,55.0249],[-7.5275,55.0197],[-7.5326,55.024],[-7.5389,55.0239],[-7.5572,55.0108],[-7.5692,55.0071],[-7.5827,54.9978],[-7.5937,54.9955],[-7.6255,54.9622],[-7.6348,54.9621],[-7.6394,54.959],[-7.6404,54.9569],[-7.6356,54.9558],[-7.6329,54.9516],[-7.6374,54.9472],[-7.64,54.947],[-7.6396,54.9474],[-7.6374,54.9474],[-7.6377,54.9486],[-7.6333,54.9518],[-7.6359,54.9526],[-7.6373,54.9537],[-7.636,54.9556],[-7.6383,54.9556],[-7.6412,54.9566],[-7.6411,54.9593],[-7.631,54.9644],[-7.6263,54.9646],[-7.6257,54.968],[-7.6358,54.9723],[-7.6407,54.964],[-7.6464,54.9635],[-7.6598,54.9694],[-7.6514,54.9822],[-7.6371,54.9918],[-7.6405,54.9964],[-7.6339,54.997],[-7.6196,55.0046],[-7.5984,55.0106],[-7.5858,55.0183],[-7.5807,55.0184],[-7.5823,55.0234],[-7.5594,55.035],[-7.5597,55.0448],[-7.5678,55.0534],[-7.5781,55.0547],[-7.5879,55.0482],[-7.6062,55.0452],[-7.6074,55.0428],[-7.6154,55.0473],[-7.6235,55.0472],[-7.6307,55.0421],[-7.6353,55.0429],[-7.639,55.0387],[-7.652,55.037],[-7.6439,55.0404],[-7.6385,55.0407],[-7.6409,55.0459],[-7.6322,55.0482],[-7.6246,55.0575],[-7.6117,55.0565],[-7.5965,55.0616],[-7.5997,55.0738],[-7.5983,55.0747],[-7.5925,55.0738],[-7.5858,55.0815],[-7.5731,55.0858],[-7.5588,55.0869],[-7.548,55.0928],[-7.5285,55.0947],[-7.5284,55.095],[-7.5315,55.0952],[-7.5242,55.1034],[-7.5315,55.115],[-7.5245,55.1158],[-7.518,55.1229],[-7.5209,55.1397],[-7.5233,55.1378],[-7.5239,55.1364],[-7.53,55.1425],[-7.5329,55.1416],[-7.5319,55.1436],[-7.5413,55.1417],[-7.5505,55.1553],[-7.5742,55.1668],[-7.5773,55.171],[-7.5704,55.1748],[-7.5716,55.1799],[-7.5881,55.1879],[-7.5936,55.1884],[-7.5989,55.1853],[-7.6056,55.1892],[-7.6184,55.1915],[-7.6158,55.1927],[-7.6253,55.2045],[-7.6073,55.217],[-7.6034,55.232],[-7.6094,55.2335],[-7.6082,55.2358],[-7.611,55.2336],[-7.6151,55.2367],[-7.6132,55.2448],[-7.6195,55.2496],[-7.6168,55.2558],[-7.6242,55.2589],[-7.6262,55.2698],[-7.6368,55.2716],[-7.6319,55.2777],[-7.6392,55.2765],[-7.6413,55.2788],[-7.6455,55.276],[-7.6461,55.2805],[-7.6603,55.2781],[-7.6594,55.2749],[-7.663,55.2756],[-7.675,55.264],[-7.6845,55.2616],[-7.6939,55.2637],[-7.6915,55.2541],[-7.7026,55.2477],[-7.7274,55.2473],[-7.7319,55.2551],[-7.733,55.2515],[-7.7378,55.2522],[-7.7418,55.2487],[-7.743,55.2536],[-7.7465,55.2508],[-7.7543,55.2574],[-7.7594,55.2564],[-7.7496,55.2493],[-7.7557,55.248],[-7.7534,55.2454],[-7.76,55.2422],[-7.7531,55.2374],[-7.7602,55.2374],[-7.7564,55.2351],[-7.7665,55.2335],[-7.7681,55.2281],[-7.794,55.2205],[-7.7989,55.2156],[-7.7954,55.2062],[-7.78,55.2044],[-7.7682,55.1905],[-7.7515,55.1928],[-7.752,55.1969],[-7.7464,55.199],[-7.7375,55.197],[-7.734,55.1934],[-7.7378,55.1896],[-7.7485,55.1931],[-7.7454,55.1868],[-7.7184,55.1761],[-7.7102,55.169],[-7.7126,55.1758],[-7.7044,55.1812],[-7.7102,55.1866],[-7.715,55.1876],[-7.7163,55.1845],[-7.719,55.1876],[-7.716,55.1881],[-7.7219,55.1995],[-7.7162,55.1996],[-7.7116,55.2059],[-7.7154,55.2077],[-7.72,55.2058],[-7.7229,55.2184],[-7.7199,55.2209],[-7.7235,55.2203],[-7.7187,55.2251],[-7.7143,55.2239],[-7.7093,55.2303],[-7.7059,55.2246],[-7.7007,55.2255],[-7.7035,55.215],[-7.7074,55.2153],[-7.6989,55.2104],[-7.6967,55.2028],[-7.7013,55.1997],[-7.698,55.2],[-7.6963,55.1962],[-7.7081,55.2023],[-7.713,55.2018],[-7.7162,55.1962],[-7.7119,55.191],[-7.7033,55.1884],[-7.6984,55.1888],[-7.6951,55.193],[-7.6934,55.1866],[-7.7018,55.1829],[-7.6974,55.1785],[-7.6911,55.1774],[-7.689,55.1818],[-7.6855,55.1798],[-7.6836,55.1843],[-7.6793,55.1845],[-7.6834,55.1817],[-7.6795,55.1739],[-7.6815,55.1672],[-7.6646,55.1586],[-7.6691,55.1427],[-7.6746,55.1401],[-7.6754,55.1355],[-7.6839,55.1327],[-7.6777,55.1301],[-7.6919,55.1124],[-7.6865,55.1067],[-7.6953,55.0988],[-7.6933,55.1045],[-7.696,55.1059],[-7.7,55.103],[-7.6983,55.1055],[-7.6994,55.1056],[-7.7011,55.1039],[-7.7,55.1056],[-7.6989,55.1059],[-7.7022,55.1071],[-7.7154,55.0995],[-7.7068,55.1064],[-7.7078,55.1142],[-7.6947,55.1383],[-7.6882,55.1433],[-7.6963,55.1441],[-7.6938,55.1512],[-7.7015,55.1567],[-7.7072,55.1574],[-7.7117,55.1668],[-7.7294,55.175],[-7.728,55.1679],[-7.7151,55.1624],[-7.7155,55.1594],[-7.7208,55.1598],[-7.7406,55.1814],[-7.7458,55.1803],[-7.743,55.1745],[-7.7518,55.1763],[-7.7509,55.1816],[-7.7648,55.1885],[-7.769,55.1861],[-7.7667,55.1836],[-7.7851,55.1845],[-7.7868,55.1798],[-7.7943,55.1846],[-7.7959,55.1775],[-7.8067,55.1784],[-7.8007,55.1867],[-7.8167,55.1993],[-7.8073,55.2043],[-7.8085,55.216],[-7.8066,55.2161],[-7.8066,55.2129],[-7.8043,55.2191],[-7.7886,55.2247],[-7.7934,55.2297],[-7.7885,55.2314],[-7.7869,55.2373],[-7.7921,55.2404],[-7.7811,55.2523],[-7.7874,55.2575],[-7.7909,55.2469],[-7.7942,55.2507],[-7.8022,55.2491],[-7.8055,55.2511],[-7.8039,55.248],[-7.8091,55.2455],[-7.8033,55.2426],[-7.809,55.2421],[-7.8081,55.2366],[-7.8192,55.2385],[-7.823,55.2367],[-7.8186,55.235],[-7.8197,55.2324],[-7.8135,55.2311],[-7.8164,55.2253],[-7.8277,55.2242],[-7.8346,55.2301],[-7.8455,55.2329],[-7.8508,55.2258],[-7.8527,55.2287],[-7.858,55.2258],[-7.8664,55.2299],[-7.8669,55.2224],[-7.8706,55.2204],[-7.8657,55.2164],[-7.8714,55.2136],[-7.8696,55.209],[-7.8727,55.2091],[-7.8739,55.2028],[-7.8612,55.1928],[-7.8516,55.1937],[-7.8498,55.189],[-7.8481,55.1909],[-7.8421,55.1896],[-7.8428,55.1932],[-7.8329,55.1928],[-7.8296,55.1896],[-7.8328,55.1886],[-7.8318,55.1837],[-7.8246,55.1813],[-7.831,55.1627],[-7.8513,55.1552],[-7.8379,55.1505],[-7.8598,55.14],[-7.8598,55.1357],[-7.8565,55.1356],[-7.859,55.1337],[-7.8492,55.1337],[-7.8537,55.1296],[-7.8505,55.124],[-7.855,55.1291],[-7.8686,55.1267],[-7.8609,55.1311],[-7.8695,55.1308],[-7.8636,55.1353],[-7.8747,55.1447],[-7.877,55.1383],[-7.8867,55.1369],[-7.8901,55.14],[-7.8966,55.1347],[-7.9072,55.1335],[-7.8938,55.1464],[-7.8794,55.1503],[-7.8759,55.1492],[-7.8785,55.1473],[-7.8635,55.1507],[-7.864,55.1566],[-7.8531,55.1647],[-7.8604,55.1662],[-7.8585,55.1696],[-7.8665,55.1664],[-7.8745,55.168],[-7.8781,55.1649],[-7.8845,55.1655],[-7.8867,55.1605],[-7.8921,55.1612],[-7.9144,55.1555],[-7.8775,55.1729],[-7.8817,55.176],[-7.8889,55.1723],[-7.8987,55.1736],[-7.9023,55.1776],[-7.8958,55.1825],[-7.8963,55.1882],[-7.9041,55.1878],[-7.9014,55.1894],[-7.9052,55.1913],[-7.9079,55.1888],[-7.9139,55.1916],[-7.9186,55.1869],[-7.9152,55.1863],[-7.9273,55.1834],[-7.9294,55.1811],[-7.9262,55.1806],[-7.9304,55.1785],[-7.9362,55.1788],[-7.9391,55.1827],[-7.9461,55.1801],[-7.9564,55.1878],[-7.9652,55.1839],[-7.9834,55.1857],[-7.9739,55.1915],[-7.9615,55.1904],[-7.9448,55.1965],[-7.9394,55.2085],[-7.943,55.2145],[-7.9685,55.2134],[-7.9705,55.2163],[-7.9744,55.2161],[-7.9744,55.2242],[-7.9807,55.2243],[-7.9831,55.228],[-7.9862,55.2234],[-7.9953,55.222],[-7.9962,55.2191],[-7.9925,55.2184],[-8.0024,55.2148],[-8.0036,55.2165],[-8.0172,55.2137],[-8.022,55.2074],[-8.0192,55.205],[-8.0256,55.1993],[-8.013,55.1963],[-8.0211,55.1931],[-8.0198,55.1909],[-8.0252,55.1906],[-8.0231,55.1882],[-8.0263,55.1869],[-8.0176,55.1861],[-8.0174,55.1842],[-8.0294,55.1737],[-8.0382,55.1719],[-8.0414,55.175],[-8.0458,55.1711],[-8.0483,55.1744],[-8.0516,55.1736],[-8.0687,55.1623],[-8.0824,55.1593],[-8.115,55.1596],[-8.1229,55.1574],[-8.1244,55.1537],[-8.1208,55.1561],[-8.1164,55.1516],[-8.123,55.1495],[-8.1214,55.1362],[-8.1329,55.1409],[-8.1296,55.1427],[-8.1318,55.1451],[-8.1378,55.14],[-8.1321,55.1308],[-8.1353,55.121],[-8.1389,55.1213],[-8.1359,55.1281],[-8.1399,55.1276],[-8.1451,55.1315],[-8.1534,55.1243],[-8.1575,55.127],[-8.1634,55.1262],[-8.1573,55.134],[-8.1619,55.1368],[-8.156,55.1383],[-8.171,55.1428],[-8.1694,55.1448],[-8.1608,55.1425],[-8.1621,55.1446],[-8.1449,55.1489],[-8.1483,55.153],[-8.143,55.1573],[-8.1443,55.1553],[-8.14,55.1547],[-8.1298,55.1556],[-8.1311,55.1582],[-8.1353,55.1576],[-8.137,55.163],[-8.147,55.1634],[-8.1546,55.1494],[-8.1662,55.1451],[-8.1968,55.1496],[-8.2007,55.1474],[-8.2091,55.1496],[-8.2122,55.1467],[-8.2186,55.1524],[-8.2323,55.1493],[-8.2474,55.1546],[-8.2739,55.1543],[-8.2851,55.1585],[-8.2968,55.1508],[-8.2883,55.1462],[-8.2991,55.1397],[-8.2954,55.1371],[-8.2957,55.1257],[-8.303,55.126],[-8.3023,55.1183],[-8.3108,55.1203],[-8.3117,55.1155],[-8.3171,55.1129],[-8.3138,55.1074],[-8.3177,55.1056],[-8.3137,55.1002],[-8.315,55.0924],[-8.3054,55.092],[-8.3004,55.0886],[-8.3046,55.0849],[-8.3071,55.0866],[-8.3032,55.0827],[-8.3098,55.0851],[-8.3063,55.0892],[-8.3262,55.09],[-8.3233,55.0854],[-8.3268,55.0842],[-8.317,55.0774],[-8.3173,55.0684],[-8.3246,55.065],[-8.3328,55.0673],[-8.3429,55.0625],[-8.3497,55.0642],[-8.3471,55.061],[-8.3507,55.0622],[-8.3528,55.0596],[-8.3438,55.0565],[-8.3459,55.0506],[-8.342,55.0476],[-8.3487,55.0382],[-8.3588,55.0391],[-8.3631,55.0422],[-8.3636,55.0421],[-8.3637,55.0403],[-8.3649,55.0426],[-8.3693,55.0398],[-8.3707,55.0417],[-8.3752,55.0403],[-8.37,55.0371],[-8.3731,55.0349],[-8.3832,55.034],[-8.3958,55.0436],[-8.4003,55.0412],[-8.4006,55.0358],[-8.4026,55.0372],[-8.4075,55.0342],[-8.3998,55.0263],[-8.3936,55.0253],[-8.3946,55.0221],[-8.4004,55.0216],[-8.3992,55.0189],[-8.4068,55.0196],[-8.4087,55.0174],[-8.4078,55.0116],[-8.4023,55.0123],[-8.4049,55.0091],[-8.3998,55.0031],[-8.4075,55.002],[-8.4113,55.0057],[-8.4213,55.0073],[-8.4146,55.0097],[-8.4165,55.0113],[-8.4231,55.0117],[-8.4214,55.0088],[-8.4253,55.0068],[-8.432,55.0095],[-8.4341,55.0068],[-8.4506,55.0064],[-8.4495,55.0007],[-8.454,54.9987],[-8.4476,54.9967],[-8.4396,54.9881],[-8.4356,54.9882],[-8.4434,54.9862],[-8.4406,54.9819],[-8.4439,54.9808],[-8.431,54.9782],[-8.4243,54.9693],[-8.4181,54.9689],[-8.4204,54.9673],[-8.4173,54.9628],[-8.4133,54.9627],[-8.4166,54.9615],[-8.4127,54.9582],[-8.4071,54.9613],[-8.4045,54.9581],[-8.3669,54.9512],[-8.3635,54.9479],[-8.3673,54.9482],[-8.3733,54.9423],[-8.3795,54.9434],[-8.3808,54.9391],[-8.3879,54.9447],[-8.3906,54.9417],[-8.3987,54.9417],[-8.4072,54.9368],[-8.4207,54.9389],[-8.4198,54.9351],[-8.4487,54.9368],[-8.4393,54.938],[-8.4312,54.9427],[-8.4359,54.9465],[-8.4409,54.9439],[-8.454,54.9454],[-8.4593,54.9423],[-8.4572,54.9361],[-8.4448,54.9325],[-8.444,54.9282],[-8.4497,54.9236],[-8.4587,54.9237],[-8.4585,54.9184],[-8.4561,54.9114],[-8.4503,54.9104],[-8.4435,54.9045],[-8.4106,54.8981],[-8.4106,54.8949],[-8.3891,54.8884],[-8.385,54.8828],[-8.376,54.8845],[-8.373,54.8885],[-8.3773,54.8994],[-8.3812,54.8996],[-8.3801,54.9053],[-8.3751,54.9024],[-8.3683,54.9046],[-8.3695,54.9005],[-8.362,54.8989],[-8.3616,54.9024],[-8.345,54.9077],[-8.3397,54.9028],[-8.3395,54.8944],[-8.343,54.8925],[-8.3402,54.8905],[-8.3299,54.8871],[-8.3137,54.889],[-8.313,54.8909],[-8.3099,54.8877],[-8.3049,54.8881],[-8.3079,54.887],[-8.311,54.8867],[-8.3093,54.8842],[-8.3251,54.8799],[-8.3192,54.8785],[-8.3228,54.8777],[-8.3208,54.8733],[-8.3288,54.8764],[-8.3353,54.8759],[-8.3327,54.8773],[-8.3445,54.882],[-8.3574,54.8834],[-8.3627,54.8826],[-8.3623,54.8786],[-8.369,54.8769],[-8.3815,54.8794],[-8.3904,54.8782],[-8.3835,54.8752],[-8.382,54.8512],[-8.3713,54.855],[-8.3551,54.8537],[-8.3512,54.8521],[-8.3531,54.8474],[-8.3394,54.8421],[-8.3124,54.8459],[-8.309,54.85],[-8.2754,54.8629],[-8.2389,54.8859],[-8.2242,54.8937],[-8.2111,54.8988],[-8.2063,54.9055],[-8.2051,54.904],[-8.2105,54.8989],[-8.2162,54.8959],[-8.2283,54.8913],[-8.2415,54.8821],[-8.2476,54.8798],[-8.271,54.8601],[-8.317,54.8421],[-8.3348,54.8389],[-8.3335,54.8342],[-8.3579,54.8368],[-8.3557,54.8341],[-8.3685,54.8361],[-8.3687,54.8326],[-8.3725,54.8366],[-8.3738,54.8338],[-8.3793,54.8367],[-8.3752,54.836],[-8.3756,54.8383],[-8.3696,54.84],[-8.3612,54.8383],[-8.3632,54.8427],[-8.3686,54.8445],[-8.3785,54.8381],[-8.4,54.8443],[-8.3971,54.8519],[-8.4,54.8525],[-8.4114,54.846],[-8.4219,54.8474],[-8.4191,54.8516],[-8.4256,54.8514],[-8.431,54.8445],[-8.4489,54.8386],[-8.4637,54.8407],[-8.476,54.8472],[-8.4939,54.8479],[-8.5022,54.8445],[-8.5028,54.8403],[-8.508,54.8397],[-8.5032,54.8377],[-8.5125,54.8369],[-8.5032,54.831],[-8.5096,54.831],[-8.511,54.8283],[-8.5391,54.8347],[-8.554,54.8333],[-8.5577,54.8291],[-8.5651,54.828],[-8.5601,54.8247],[-8.5499,54.8259],[-8.5437,54.8224],[-8.5327,54.823],[-8.5315,54.8252],[-8.5299,54.8229],[-8.5247,54.824],[-8.524,54.8209],[-8.5306,54.8165],[-8.5259,54.8144],[-8.5289,54.8128],[-8.5217,54.8111],[-8.5141,54.8141],[-8.5105,54.8126],[-8.5152,54.8124],[-8.4986,54.8074],[-8.496,54.8036],[-8.5006,54.7998],[-8.4899,54.7986],[-8.4869,54.8014],[-8.4759,54.8029],[-8.4651,54.7976],[-8.4546,54.7985],[-8.4509,54.7927],[-8.4585,54.7919],[-8.4441,54.7898],[-8.4477,54.7842],[-8.4454,54.782],[-8.4445,54.7842],[-8.4387,54.7826],[-8.4378,54.7781],[-8.4433,54.7775],[-8.429,54.7736],[-8.4258,54.7774],[-8.4123,54.774],[-8.4247,54.7694],[-8.4205,54.7664],[-8.4236,54.764],[-8.4202,54.7636],[-8.4302,54.7624],[-8.4452,54.7708],[-8.4508,54.7715],[-8.4518,54.7696],[-8.4565,54.7715],[-8.4539,54.772],[-8.4606,54.7813],[-8.471,54.7818],[-8.4729,54.7901],[-8.4822,54.7919],[-8.4879,54.7909],[-8.4891,54.7875],[-8.5015,54.7896],[-8.5135,54.7873],[-8.5158,54.7843],[-8.5295,54.79],[-8.5463,54.7897],[-8.5526,54.7868],[-8.5471,54.7823],[-8.5168,54.7724],[-8.5043,54.775],[-8.4939,54.7711],[-8.4839,54.7715],[-8.4677,54.766],[-8.4741,54.7641],[-8.4673,54.7638],[-8.4681,54.7597],[-8.4554,54.7572],[-8.4338,54.7575],[-8.4348,54.7553],[-8.4711,54.7559],[-8.4983,54.7625],[-8.5155,54.7599],[-8.5181,54.7621],[-8.5112,54.7648],[-8.5182,54.7682],[-8.5249,54.7641],[-8.5283,54.7666],[-8.5395,54.7654],[-8.5597,54.7734],[-8.5855,54.7778],[-8.5889,54.7766],[-8.5942,54.7791],[-8.6147,54.7771],[-8.6371,54.7713],[-8.6465,54.773],[-8.6546,54.7692],[-8.6675,54.7701],[-8.6655,54.7671],[-8.6703,54.7664],[-8.6687,54.7633],[-8.6739,54.7608],[-8.692,54.7626],[-8.6893,54.7581],[-8.7051,54.7512],[-8.7047,54.7446],[-8.7259,54.7432],[-8.7367,54.7376],[-8.746,54.7391],[-8.7462,54.7357],[-8.7419,54.7356],[-8.7406,54.7328],[-8.7512,54.7276],[-8.7519,54.7229],[-8.7444,54.721],[-8.7516,54.7193],[-8.7521,54.7168],[-8.7483,54.7167],[-8.749,54.7121],[-8.731,54.7115],[-8.7399,54.7115],[-8.7392,54.7084],[-8.7456,54.7074],[-8.7558,54.7089],[-8.7556,54.7111],[-8.7622,54.7091],[-8.7618,54.7062],[-8.7726,54.7058],[-8.7789,54.7023],[-8.7886,54.7028],[-8.7884,54.7063],[-8.7949,54.7065],[-8.8056,54.6996],[-8.8019,54.6971],[-8.8048,54.6947],[-8.8008,54.6946],[-8.7967,54.6888],[-8.7825,54.6892],[-8.788,54.6838],[-8.7842,54.6745],[-8.7905,54.6756],[-8.7903,54.6715],[-8.7942,54.6708],[-8.7908,54.66],[-8.7867,54.661],[-8.7856,54.6657],[-8.7804,54.6594],[-8.7791,54.6641],[-8.7738,54.6647],[-8.7708,54.6631],[-8.7749,54.6568],[-8.7691,54.6551],[-8.7622,54.6562],[-8.7449,54.6528],[-8.7449,54.6506],[-8.7398,54.6522],[-8.7233,54.6493],[-8.7255,54.6457],[-8.7113,54.6453],[-8.707,54.6418],[-8.6998,54.6439],[-8.6964,54.6411],[-8.6911,54.6422],[-8.6868,54.6353],[-8.6776,54.6329],[-8.6886,54.6274],[-8.6799,54.6226],[-8.6796,54.6184],[-8.6696,54.6211],[-8.6627,54.6197],[-8.6585,54.6226],[-8.6497,54.6199],[-8.6286,54.6219],[-8.639,54.6301],[-8.6429,54.6496],[-8.6308,54.6365],[-8.6353,54.6309],[-8.632,54.6282],[-8.628,54.6305],[-8.6244,54.6234],[-8.6143,54.6226],[-8.6032,54.6268],[-8.605,54.6228],[-8.6183,54.6204],[-8.6074,54.617],[-8.584,54.6168],[-8.5873,54.6109],[-8.5927,54.6102],[-8.5881,54.6064],[-8.5782,54.6091],[-8.5769,54.6145],[-8.5662,54.6135],[-8.5521,54.6206],[-8.5418,54.6171],[-8.5412,54.6193],[-8.5108,54.6273],[-8.5091,54.6239],[-8.5061,54.6295],[-8.4879,54.6353],[-8.4775,54.6333],[-8.4789,54.6363],[-8.4759,54.6347],[-8.4807,54.6282],[-8.4756,54.6259],[-8.4864,54.6204],[-8.4865,54.617],[-8.4818,54.6177],[-8.4794,54.6146],[-8.4843,54.605],[-8.4776,54.6033],[-8.4647,54.6054],[-8.4534,54.6184],[-8.4439,54.6209],[-8.4386,54.6269],[-8.4444,54.6352],[-8.4357,54.638],[-8.4282,54.6509],[-8.4245,54.647],[-8.4198,54.6507],[-8.4192,54.6497],[-8.4226,54.6473],[-8.4211,54.6442],[-8.4306,54.6341],[-8.4293,54.6257],[-8.4365,54.6238],[-8.4379,54.6212],[-8.4339,54.6201],[-8.4397,54.6138],[-8.435,54.6138],[-8.4368,54.6169],[-8.4305,54.6204],[-8.4277,54.6173],[-8.4194,54.6184],[-8.4186,54.6237],[-8.4095,54.6271],[-8.4066,54.6316],[-8.3968,54.6353],[-8.3939,54.6308],[-8.3915,54.6356],[-8.3854,54.6362],[-8.39,54.6279],[-8.3791,54.6239],[-8.3813,54.6139],[-8.3762,54.6136],[-8.3953,54.6033],[-8.3988,54.5982],[-8.4483,54.5876],[-8.4431,54.5818],[-8.4537,54.5765],[-8.4615,54.5673],[-8.4518,54.5682],[-8.4385,54.5737],[-8.4347,54.5772],[-8.4391,54.5811],[-8.4289,54.5824],[-8.4292,54.5869],[-8.393,54.5934],[-8.3776,54.6017],[-8.3778,54.6047],[-8.3535,54.6145],[-8.3423,54.6306],[-8.3001,54.6394],[-8.2884,54.6467],[-8.283,54.6467],[-8.2717,54.6358],[-8.2906,54.6227],[-8.2887,54.6189],[-8.3007,54.6091],[-8.2964,54.6055],[-8.2987,54.6013],[-8.2721,54.6068],[-8.2467,54.6179],[-8.234,54.6183],[-8.2301,54.6239],[-8.2147,54.6297],[-8.2046,54.6297],[-8.2038,54.6328],[-8.1873,54.6404],[-8.1714,54.6363],[-8.1738,54.6398],[-8.1805,54.6399],[-8.164,54.6494],[-8.1578,54.6464],[-8.1481,54.6489],[-8.1557,54.6433],[-8.1625,54.6443],[-8.1673,54.6418],[-8.1596,54.6377],[-8.162,54.6285],[-8.1603,54.6345],[-8.1524,54.6349],[-8.1338,54.6436],[-8.1366,54.6477],[-8.1302,54.6528],[-8.126,54.6518],[-8.1286,54.6477],[-8.1087,54.655],[-8.1239,54.6437],[-8.1175,54.6427],[-8.1244,54.6356],[-8.1438,54.6305],[-8.1319,54.6311],[-8.1243,54.6344],[-8.1285,54.6314],[-8.1061,54.6321],[-8.1238,54.6294],[-8.128,54.6265],[-8.1191,54.6263],[-8.1319,54.6235],[-8.1294,54.62],[-8.1178,54.6238],[-8.1166,54.6199],[-8.1064,54.6191],[-8.1063,54.6164],[-8.1133,54.6146],[-8.1085,54.6131],[-8.1102,54.6112],[-8.1185,54.6112],[-8.1184,54.6118],[-8.1137,54.6124],[-8.1142,54.6154],[-8.125,54.6155],[-8.1267,54.619],[-8.1319,54.6187],[-8.1357,54.6141],[-8.1286,54.6126],[-8.1341,54.6103],[-8.1351,54.6035],[-8.1491,54.6024],[-8.1511,54.6039],[-8.1437,54.6095],[-8.1546,54.6142],[-8.1488,54.6205],[-8.1556,54.6176],[-8.1531,54.6202],[-8.1571,54.6218],[-8.1494,54.621],[-8.1491,54.6234],[-8.1552,54.6264],[-8.1651,54.6253],[-8.1683,54.6185],[-8.1635,54.6042],[-8.166,54.5949],[-8.1721,54.5938],[-8.179,54.5865],[-8.1946,54.5828],[-8.197,54.5778],[-8.208,54.5727],[-8.2189,54.5748],[-8.2225,54.5721],[-8.2123,54.5479],[-8.2235,54.546],[-8.2407,54.5368],[-8.2509,54.5349],[-8.2529,54.5301],[-8.2692,54.525],[-8.2479,54.5088],[-8.2121,54.5064],[-8.2087,54.5087],[-8.2041,54.5075],[-8.2059,54.5028],[-8.1955,54.5009],[-8.2098,54.5005],[-8.2203,54.5031],[-8.2541,54.4994],[-8.2607,54.5046],[-8.2659,54.4952],[-8.2637,54.4908],[-8.2832,54.4877],[-8.2791,54.4832],[-8.2867,54.4804],[-8.2824,54.4776],[-8.3116,54.4788],[-8.3242,54.4724],[-8.3304,54.4734],[-8.3352,54.4702],[-8.3445,54.4716],[-8.3577,54.4675],[-8.3721,54.4677],[-8.401,54.4632],[-8.416,54.4565],[-8.4385,54.455],[-8.4402,54.4524],[-8.4403,54.455],[-8.4523,54.4614],[-8.4478,54.4663],[-8.4452,54.4651],[-8.4492,54.471],[-8.4543,54.473],[-8.4659,54.471],[-8.4702,54.4673],[-8.4656,54.4614],[-8.4735,54.4602],[-8.4749,54.4544],[-8.4893,54.4544],[-8.4818,54.4517],[-8.4748,54.4516],[-8.466,54.4404],[-8.4824,54.4316],[-8.489,54.4239],[-8.4843,54.423],[-8.498,54.4159],[-8.4968,54.4142],[-8.5152,54.4128],[-8.5267,54.4041],[-8.5507,54.3974],[-8.5482,54.3941],[-8.5441,54.3946],[-8.5459,54.3926],[-8.5621,54.3985],[-8.5616,54.4036],[-8.5508,54.4032],[-8.5345,54.4072],[-8.514,54.418],[-8.5185,54.4194],[-8.5082,54.4243],[-8.5161,54.4249],[-8.5195,54.4221],[-8.5212,54.4236],[-8.5254,54.4184],[-8.5297,54.4207],[-8.5306,54.4189],[-8.5265,54.4148],[-8.5472,54.4063],[-8.5621,54.4052],[-8.5681,54.4124],[-8.5751,54.3989],[-8.5683,54.3989],[-8.5705,54.3918],[-8.5817,54.3911],[-8.5917,54.3849],[-8.6165,54.3802],[-8.6259,54.3682],[-8.6406,54.3712],[-8.6641,54.3625],[-8.6728,54.3637],[-8.6727,54.3572],[-8.6809,54.3564],[-8.682,54.3548],[-8.6723,54.3556],[-8.6696,54.3525],[-8.6705,54.3502],[-8.6803,54.3488],[-8.6605,54.3444],[-8.649,54.3358],[-8.6519,54.3334],[-8.6481,54.3307],[-8.6571,54.3291],[-8.6576,54.3249],[-8.643,54.3213],[-8.6472,54.3314],[-8.6424,54.3339],[-8.6197,54.3348],[-8.6141,54.3385],[-8.6022,54.3386],[-8.5959,54.3428],[-8.5772,54.3441],[-8.5553,54.3421],[-8.5489,54.3378],[-8.538,54.3374],[-8.5363,54.3354],[-8.5391,54.3366],[-8.5501,54.3326],[-8.5443,54.3287],[-8.5355,54.3328],[-8.5153,54.328],[-8.5091,54.3295],[-8.5011,54.3283],[-8.501,54.3281],[-8.5037,54.3277],[-8.5084,54.3286],[-8.5099,54.327],[-8.5,54.321],[-8.5076,54.3155],[-8.5279,54.3148],[-8.5601,54.3238],[-8.5637,54.3352],[-8.5651,54.3341],[-8.566,54.3321],[-8.5668,54.3242],[-8.5761,54.3201],[-8.572,54.3183],[-8.5706,54.3109],[-8.5771,54.3066],[-8.5721,54.3045],[-8.5494,54.3059],[-8.5519,54.3045],[-8.5362,54.302],[-8.5265,54.3034],[-8.5149,54.3003],[-8.4916,54.2921],[-8.4907,54.2851],[-8.4907,54.29],[-8.4789,54.2863],[-8.4766,54.2831],[-8.4867,54.2812],[-8.4754,54.2787],[-8.4785,54.2765],[-8.4742,54.2724],[-8.4953,54.2858],[-8.497,54.283],[-8.5075,54.2827],[-8.5171,54.2764],[-8.545,54.2803],[-8.5678,54.2756],[-8.5782,54.2789],[-8.5849,54.2764],[-8.5915,54.2839],[-8.601,54.2815],[-8.6113,54.2844],[-8.6072,54.2736],[-8.6252,54.256],[-8.6201,54.253],[-8.6168,54.2598],[-8.6027,54.2609],[-8.5999,54.2534],[-8.5882,54.2524],[-8.5857,54.2463],[-8.5807,54.2464],[-8.5733,54.2413],[-8.5731,54.2328],[-8.5643,54.2297],[-8.5445,54.2302],[-8.5424,54.2268],[-8.5464,54.2259],[-8.5411,54.224],[-8.5458,54.2235],[-8.5409,54.2213],[-8.5372,54.2221],[-8.5387,54.225],[-8.5378,54.2249],[-8.5361,54.222],[-8.5353,54.2226],[-8.5347,54.228],[-8.5378,54.2283],[-8.5322,54.2294],[-8.5304,54.2223],[-8.5184,54.2206],[-8.5124,54.2238],[-8.5082,54.2232],[-8.5052,54.2215],[-8.5036,54.222],[-8.5017,54.2214],[-8.5026,54.2213],[-8.5036,54.222],[-8.5035,54.2213],[-8.5054,54.2215],[-8.5072,54.2221],[-8.5081,54.2231],[-8.5088,54.2232],[-8.509,54.2228],[-8.5102,54.2226],[-8.5118,54.2235],[-8.512,54.2215],[-8.5156,54.2213],[-8.512,54.2187],[-8.5056,54.2193],[-8.5125,54.2146],[-8.517,54.2183],[-8.5207,54.2172],[-8.5177,54.2158],[-8.5373,54.2154],[-8.5472,54.2183],[-8.5771,54.2169],[-8.5748,54.209],[-8.5845,54.2076],[-8.5904,54.2233],[-8.6044,54.2228],[-8.605,54.2297],[-8.6126,54.2311],[-8.6147,54.2353],[-8.628,54.2378],[-8.6257,54.2421],[-8.632,54.2422],[-8.637,54.2386],[-8.6349,54.2434],[-8.6276,54.2454],[-8.6438,54.2497],[-8.6468,54.2481],[-8.6491,54.2513],[-8.644,54.2531],[-8.6413,54.2514],[-8.6428,54.2544],[-8.6383,54.2522],[-8.6415,54.2507],[-8.6331,54.2506],[-8.6279,54.2477],[-8.632,54.2505],[-8.6401,54.2541],[-8.6599,54.2719],[-8.6867,54.2728],[-8.7256,54.2627],[-8.7408,54.2675],[-8.7563,54.2689],[-8.7534,54.2777],[-8.7611,54.2794],[-8.7843,54.2719],[-8.7858,54.2665],[-8.7934,54.2611],[-8.8053,54.2572],[-8.8129,54.2583],[-8.815,54.2549],[-8.8268,54.2529],[-8.8454,54.2575],[-8.8558,54.2664],[-8.8568,54.2639],[-8.8652,54.2622],[-8.8745,54.2702],[-8.8786,54.2675],[-8.8939,54.2723],[-8.9085,54.2846],[-8.9325,54.2909],[-8.9317,54.2933],[-8.9389,54.291],[-8.947,54.2951],[-8.9522,54.2919],[-8.9636,54.294],[-8.9737,54.2912],[-8.9893,54.2947],[-8.9998,54.2916],[-9.0042,54.2942],[-9.0097,54.2926],[-9.0237,54.2965],[-9.0372,54.2935],[-9.0536,54.2944],[-9.0513,54.2868],[-9.059,54.2801],[-9.0541,54.2737],[-9.0644,54.2666],[-9.0645,54.2617],[-9.0841,54.2356],[-9.0966,54.2253],[-9.0985,54.2203],[-9.0948,54.2143],[-9.0995,54.2116],[-9.1295,54.2089],[-9.1352,54.2049],[-9.1135,54.2003],[-9.1097,54.204],[-9.1049,54.2036],[-9.1095,54.2039],[-9.1095,54.2027],[-9.1108,54.2009],[-9.1148,54.1986],[-9.1203,54.1994],[-9.1276,54.1957],[-9.1242,54.182],[-9.1337,54.1809],[-9.1366,54.1778],[-9.1295,54.168],[-9.1336,54.1674],[-9.133,54.1624],[-9.1412,54.162],[-9.1433,54.1685],[-9.1394,54.169],[-9.1461,54.1763],[-9.1428,54.1829],[-9.166,54.1912],[-9.1569,54.1957],[-9.1607,54.2019],[-9.1685,54.2004],[-9.1823,54.2083],[-9.1942,54.2074],[-9.2066,54.2121],[-9.2089,54.2088],[-9.2189,54.2125],[-9.2132,54.2175],[-9.2154,54.2187],[-9.2248,54.2171],[-9.2176,54.2216],[-9.2162,54.2193],[-9.2131,54.2206],[-9.2106,54.2238],[-9.2152,54.2228],[-9.2149,54.227],[-9.2185,54.2265],[-9.2105,54.2316],[-9.2017,54.2337],[-9.2094,54.2271],[-9.207,54.2242],[-9.1977,54.2294],[-9.1917,54.2401],[-9.196,54.2475],[-9.2171,54.247],[-9.2165,54.2404],[-9.2339,54.2321],[-9.2372,54.2336],[-9.2355,54.2354],[-9.2417,54.236],[-9.2519,54.2301],[-9.254,54.2317],[-9.2559,54.2277],[-9.2644,54.2277],[-9.2683,54.2251],[-9.2659,54.2284],[-9.2587,54.2296],[-9.2572,54.2336],[-9.25,54.2334],[-9.2422,54.2382],[-9.2319,54.2375],[-9.2352,54.2395],[-9.2199,54.2458],[-9.2137,54.2541],[-9.2162,54.261],[-9.2067,54.2756],[-9.2134,54.2872],[-9.22,54.2876],[-9.2273,54.2789],[-9.2456,54.2801],[-9.2414,54.2769],[-9.2424,54.2712],[-9.2543,54.2695],[-9.2558,54.2803],[-9.254,54.2835],[-9.2509,54.2815],[-9.2526,54.287],[-9.2479,54.2961],[-9.264,54.3099],[-9.3285,54.3184],[-9.3458,54.328],[-9.3489,54.3267],[-9.3466,54.3185],[-9.3617,54.3124],[-9.3613,54.3079],[-9.3675,54.309],[-9.3721,54.3063],[-9.3767,54.2958],[-9.3813,54.2943],[-9.3913,54.2991],[-9.3901,54.3062],[-9.3941,54.3087],[-9.4187,54.3098],[-9.4202,54.312],[-9.4301,54.3106],[-9.4322,54.3125],[-9.4416,54.3074],[-9.449,54.3117],[-9.4539,54.3072],[-9.4663,54.3106],[-9.4801,54.3185],[-9.4809,54.3159],[-9.4868,54.3178],[-9.4899,54.3157],[-9.4984,54.3183],[-9.4982,54.3209],[-9.5049,54.3182],[-9.5038,54.3166],[-9.5003,54.3173],[-9.5055,54.3114],[-9.5167,54.3091],[-9.523,54.3119],[-9.5299,54.3099],[-9.5315,54.3125],[-9.533,54.3128],[-9.535,54.312],[-9.5337,54.3181],[-9.5466,54.3161],[-9.5511,54.311],[-9.5607,54.3128],[-9.5615,54.3233],[-9.5657,54.3229],[-9.5638,54.3209],[-9.5697,54.3226],[-9.5739,54.3209],[-9.5758,54.3247],[-9.5803,54.3205],[-9.5885,54.3203],[-9.5916,54.3248],[-9.5996,54.3207],[-9.5975,54.325],[-9.6089,54.3229],[-9.6158,54.3271],[-9.6254,54.3235],[-9.626,54.3265],[-9.6356,54.3208],[-9.6365,54.324],[-9.6425,54.3251],[-9.6474,54.3192],[-9.6449,54.3177],[-9.658,54.3169],[-9.6616,54.3135],[-9.6632,54.318],[-9.6671,54.3168],[-9.6717,54.3214],[-9.6759,54.3166],[-9.6849,54.319],[-9.6863,54.3175],[-9.6859,54.3169],[-9.6882,54.3172],[-9.6891,54.3207],[-9.691,54.3198],[-9.6892,54.3185],[-9.6939,54.3183],[-9.6968,54.3219],[-9.7034,54.3206],[-9.7049,54.3236],[-9.7098,54.3164],[-9.7116,54.319],[-9.7108,54.3236],[-9.7132,54.322],[-9.7201,54.3255],[-9.7208,54.3287],[-9.7253,54.3301],[-9.7299,54.3265],[-9.7334,54.3296],[-9.7393,54.3272],[-9.7406,54.3299],[-9.7434,54.3287],[-9.7531,54.341],[-9.7724,54.3345],[-9.7755,54.3393],[-9.7795,54.3316],[-9.7844,54.3315],[-9.779,54.3423],[-9.7806,54.3438],[-9.7845,54.341],[-9.7867,54.3454],[-9.7922,54.3384],[-9.8031,54.3439],[-9.8086,54.3404],[-9.813,54.3421],[-9.8146,54.338],[-9.8225,54.3392],[-9.8239,54.3338],[-9.8378,54.3305],[-9.8379,54.3246],[-9.8449,54.3268],[-9.8476,54.323],[-9.8554,54.3258],[-9.8607,54.3234],[-9.8576,54.3181],[-9.8619,54.3175],[-9.8555,54.3136],[-9.8548,54.3073],[-9.8625,54.3062],[-9.8634,54.3038],[-9.8452,54.3037],[-9.8464,54.2962],[-9.8433,54.2971],[-9.8423,54.3009],[-9.8375,54.3009],[-9.8184,54.2907],[-9.8119,54.291],[-9.8035,54.2974],[-9.7908,54.2973],[-9.7739,54.2856],[-9.7668,54.2841],[-9.7663,54.2876],[-9.764,54.2805],[-9.7647,54.2807],[-9.7651,54.2811],[-9.7652,54.282],[-9.7673,54.2831],[-9.7849,54.2855],[-9.7959,54.2941],[-9.804,54.2934],[-9.8084,54.2873],[-9.8027,54.2825],[-9.8042,54.2779],[-9.7858,54.2703],[-9.7717,54.2683],[-9.7568,54.2603],[-9.7503,54.261],[-9.7535,54.2584],[-9.7503,54.2552],[-9.7448,54.26],[-9.7405,54.2577],[-9.7353,54.2605],[-9.7362,54.2582],[-9.7441,54.2569],[-9.7517,54.2515],[-9.7789,54.2644],[-9.8037,54.2697],[-9.8102,54.2856],[-9.8132,54.2857],[-9.832,54.2801],[-9.8413,54.2807],[-9.8559,54.2742],[-9.8685,54.2736],[-9.8666,54.268],[-9.8721,54.2666],[-9.8717,54.2583],[-9.8797,54.2569],[-9.878,54.2526],[-9.8721,54.2506],[-9.8804,54.2459],[-9.8767,54.2415],[-9.8609,54.2275],[-9.8523,54.2271],[-9.8473,54.2232],[-9.866,54.2253],[-9.8666,54.2296],[-9.8817,54.2337],[-9.8929,54.2288],[-9.8772,54.2268],[-9.8748,54.2195],[-9.8897,54.2145],[-9.9451,54.2124],[-9.9638,54.2159],[-9.9881,54.2255],[-9.9876,54.2256],[-9.9858,54.2248],[-9.9787,54.225],[-9.9669,54.2216],[-9.963,54.2228],[-9.9851,54.2512],[-9.9771,54.2501],[-9.9582,54.2223],[-9.9442,54.2203],[-9.9494,54.2248],[-9.9468,54.2274],[-9.9352,54.225],[-9.9143,54.2279],[-9.9225,54.2339],[-9.9151,54.24],[-9.9118,54.237],[-9.9102,54.24],[-9.9018,54.239],[-9.8973,54.2508],[-9.8901,54.2545],[-9.8953,54.2586],[-9.8875,54.2689],[-9.9082,54.261],[-9.9154,54.2621],[-9.9198,54.2636],[-9.9174,54.2667],[-9.923,54.275],[-9.9305,54.2595],[-9.9269,54.2573],[-9.9288,54.2486],[-9.9393,54.2481],[-9.9398,54.2489],[-9.9345,54.25],[-9.9335,54.2584],[-9.9355,54.2623],[-9.9382,54.2617],[-9.9355,54.2643],[-9.9284,54.2658],[-9.9303,54.2703],[-9.9452,54.2678],[-9.9464,54.2725],[-9.9516,54.2701],[-9.9621,54.2727],[-9.9625,54.2806],[-9.9698,54.2804],[-9.9744,54.2894],[-9.9883,54.2894],[-9.9902,54.2947],[-9.9835,54.3007],[-9.9891,54.2992],[-9.9898,54.3024],[-9.999,54.306],[-10.0086,54.3012],[-10.0045,54.3003],[-10.0071,54.2977],[-10,54.2952],[-10.0088,54.2959],[-10.0064,54.2936],[-10.0109,54.2915],[-10.0214,54.2933],[-10.0283,54.2876],[-10.0241,54.2854],[-10.0305,54.2836],[-10.0266,54.2824],[-10.0529,54.2851],[-10.0492,54.2783],[-10.0703,54.2765],[-10.0742,54.2737],[-10.0704,54.2715],[-10.0823,54.2698],[-10.0759,54.2669],[-10.0796,54.2631],[-10.0736,54.2609],[-10.0835,54.2605],[-10.0752,54.2553],[-10.0829,54.2572],[-10.084,54.2491],[-10.093,54.2509],[-10.0919,54.2491],[-10.0961,54.249],[-10.0927,54.2458],[-10.0734,54.246],[-10.0718,54.2341],[-10.0775,54.2349],[-10.079,54.2387],[-10.0877,54.2428],[-10.0957,54.2438],[-10.0986,54.2418],[-10.1061,54.2455],[-10.11,54.2415],[-10.0734,54.2296],[-10.0671,54.2322],[-10.0576,54.2291],[-10.0551,54.2194],[-10.0633,54.2092],[-10.0713,54.2116],[-10.0832,54.2094],[-10.0838,54.206],[-10.0955,54.1995],[-10.0861,54.1809],[-10.096,54.1707],[-10.0926,54.1678],[-10.1026,54.1533],[-10.1077,54.1481],[-10.1182,54.1459],[-10.1263,54.1265],[-10.123,54.1114],[-10.1363,54.1089],[-10.1323,54.1082],[-10.1229,54.0949],[-10.1128,54.0968],[-10.094,54.0877],[-10.0812,54.0865],[-10.0714,54.0897],[-10.0595,54.0991],[-10.0689,54.1014],[-10.0712,54.1055],[-10.067,54.1097],[-10.092,54.1127],[-10.0931,54.1153],[-10.089,54.1191],[-10.0912,54.1228],[-10.0855,54.1228],[-10.0871,54.1268],[-10.0753,54.1286],[-10.0725,54.1265],[-10.0754,54.1225],[-10.0665,54.1242],[-10.0684,54.1336],[-10.0755,54.1391],[-10.0705,54.1433],[-10.0564,54.1442],[-10.0566,54.1464],[-10.0641,54.1508],[-10.0893,54.1538],[-10.0933,54.158],[-10.0874,54.1621],[-10.0709,54.1628],[-10.0703,54.1683],[-10.0656,54.1704],[-10.0494,54.1708],[-10.0427,54.1677],[-10.0362,54.1769],[-10.042,54.1866],[-10.0507,54.1889],[-10.0488,54.1919],[-10.0389,54.1938],[-10.026,54.1909],[-10.011,54.1817],[-10.0067,54.1859],[-10.014,54.1898],[-10.0138,54.193],[-10.0021,54.1956],[-10.0083,54.2051],[-10.0244,54.2111],[-10.0262,54.2151],[-10.0087,54.213],[-10.0039,54.2156],[-10.0137,54.2254],[-10.0117,54.2272],[-9.9995,54.2244],[-9.9976,54.2279],[-9.9924,54.2277],[-9.9881,54.2139],[-9.9729,54.2082],[-9.9696,54.2033],[-9.9619,54.2022],[-9.952,54.195],[-9.9483,54.1992],[-9.9319,54.1941],[-9.9153,54.1971],[-9.9181,54.1946],[-9.9232,54.194],[-9.9197,54.1851],[-9.9237,54.1868],[-9.9274,54.1928],[-9.9302,54.1927],[-9.9368,54.1885],[-9.9342,54.181],[-9.9421,54.1751],[-9.9437,54.1758],[-9.944,54.1765],[-9.9454,54.1769],[-9.9463,54.1782],[-9.9476,54.1781],[-9.9502,54.1733],[-9.9669,54.1779],[-9.9694,54.1824],[-9.9851,54.1823],[-9.982,54.1775],[-9.9697,54.1783],[-9.9538,54.1715],[-9.9444,54.1636],[-9.939,54.1523],[-9.936,54.1587],[-9.9355,54.1581],[-9.9359,54.1561],[-9.9323,54.1572],[-9.9294,54.1542],[-9.9217,54.1545],[-9.9246,54.1484],[-9.9304,54.1464],[-9.9573,54.1538],[-9.9549,54.1475],[-9.9603,54.1433],[-9.9476,54.14],[-9.9326,54.1254],[-9.923,54.1333],[-9.9145,54.1318],[-9.913,54.1239],[-9.9083,54.1247],[-9.897,54.1176],[-9.9124,54.1167],[-9.9207,54.1204],[-9.9221,54.1174],[-9.9225,54.1199],[-9.9291,54.1212],[-9.9411,54.1105],[-9.9462,54.1112],[-9.9548,54.107],[-9.9661,54.1087],[-9.9748,54.105],[-9.9846,54.1066],[-9.9846,54.1038],[-9.9907,54.1032],[-9.9758,54.0954],[-9.9666,54.0831],[-9.9628,54.0712],[-9.9704,54.0623],[-9.9535,54.0633],[-9.9479,54.0669],[-9.9305,54.0612],[-9.9225,54.0677],[-9.8932,54.0722],[-9.8959,54.0786],[-9.9,54.0789],[-9.8912,54.0808],[-9.891,54.0841],[-9.9004,54.0898],[-9.9007,54.0969],[-9.8917,54.0957],[-9.8891,54.0986],[-9.8856,54.0935],[-9.8895,54.0889],[-9.8821,54.0877],[-9.8838,54.0914],[-9.8788,54.0936],[-9.8821,54.0982],[-9.8744,54.0973],[-9.872,54.1007],[-9.8762,54.108],[-9.8647,54.1108],[-9.8763,54.1122],[-9.8771,54.118],[-9.8727,54.1212],[-9.8725,54.1197],[-9.8733,54.1186],[-9.8739,54.1182],[-9.8754,54.1184],[-9.877,54.1175],[-9.8719,54.1127],[-9.8615,54.1113],[-9.8526,54.1149],[-9.8499,54.1113],[-9.8394,54.1098],[-9.8342,54.113],[-9.8383,54.1187],[-9.8336,54.1193],[-9.8345,54.1262],[-9.8183,54.1306],[-9.8159,54.1356],[-9.8176,54.1306],[-9.8336,54.1253],[-9.8298,54.1229],[-9.8332,54.1203],[-9.8277,54.1203],[-9.8363,54.1168],[-9.8302,54.1136],[-9.8302,54.1102],[-9.8234,54.1072],[-9.82,54.1082],[-9.8226,54.1068],[-9.8237,54.1068],[-9.8345,54.1103],[-9.8401,54.1078],[-9.8619,54.1064],[-9.8549,54.1016],[-9.8505,54.1032],[-9.8516,54.0991],[-9.8474,54.0975],[-9.8505,54.0953],[-9.8372,54.093],[-9.8451,54.0889],[-9.845,54.084],[-9.8465,54.0842],[-9.8473,54.0848],[-9.8485,54.087],[-9.8662,54.0856],[-9.8708,54.0824],[-9.8671,54.0805],[-9.8687,54.0736],[-9.8773,54.0709],[-9.8618,54.0693],[-9.8477,54.0734],[-9.8348,54.0668],[-9.8404,54.0681],[-9.8466,54.0716],[-9.8566,54.0694],[-9.8564,54.0636],[-9.8664,54.0614],[-9.8618,54.0564],[-9.868,54.052],[-9.8681,54.0531],[-9.8673,54.055],[-9.8676,54.0557],[-9.8772,54.0571],[-9.8869,54.0704],[-9.8906,54.0654],[-9.8876,54.0567],[-9.8921,54.0501],[-9.908,54.046],[-9.9068,54.037],[-9.8988,54.0325],[-9.8928,54.0112],[-9.8904,54.0141],[-9.8913,54.016],[-9.8884,54.0183],[-9.8957,54.023],[-9.895,54.0257],[-9.8836,54.0223],[-9.88,54.0174],[-9.8732,54.0209],[-9.8677,54.0194],[-9.8769,54.0172],[-9.8796,54.0138],[-9.884,54.0144],[-9.88,54.0084],[-9.8744,54.009],[-9.8693,54.0044],[-9.8523,54.002],[-9.8547,54.0113],[-9.8482,54.0144],[-9.8503,54.0068],[-9.8259,53.9904],[-9.8358,53.9849],[-9.8321,53.9913],[-9.8483,53.9953],[-9.849,53.9648],[-9.8394,53.962],[-9.8382,53.9679],[-9.8289,53.9674],[-9.828,53.9657],[-9.8331,53.9652],[-9.8213,53.9578],[-9.8221,53.9511],[-9.8174,53.9494],[-9.8132,53.9544],[-9.8186,53.9618],[-9.8163,53.9631],[-9.8238,53.9632],[-9.8266,53.9673],[-9.8113,53.9634],[-9.8057,53.9682],[-9.8106,53.9754],[-9.8034,53.9725],[-9.7984,53.9757],[-9.7981,53.9756],[-9.7975,53.9753],[-9.7974,53.9751],[-9.7971,53.973],[-9.7941,53.975],[-9.7954,53.9734],[-9.7968,53.9729],[-9.7988,53.973],[-9.7986,53.9712],[-9.8022,53.9719],[-9.7976,53.9628],[-9.801,53.9608],[-9.7933,53.956],[-9.7977,53.9497],[-9.7881,53.947],[-9.7934,53.946],[-9.7893,53.9452],[-9.7921,53.9452],[-9.7902,53.9411],[-9.7909,53.941],[-9.7923,53.9426],[-9.7919,53.9431],[-9.793,53.9433],[-9.795,53.9409],[-9.7905,53.9271],[-9.7971,53.9237],[-9.7906,53.9116],[-9.8048,53.9135],[-9.8087,53.9237],[-9.8149,53.9274],[-9.8145,53.9313],[-9.8038,53.9262],[-9.7961,53.9311],[-9.8003,53.9311],[-9.8017,53.9376],[-9.7969,53.9389],[-9.8023,53.9508],[-9.8103,53.9495],[-9.8137,53.9438],[-9.8163,53.9473],[-9.8174,53.9456],[-9.8228,53.9486],[-9.8304,53.9473],[-9.8295,53.9508],[-9.8382,53.9608],[-9.8454,53.9568],[-9.8707,53.9584],[-9.8766,53.9555],[-9.8848,53.9581],[-9.895,53.9502],[-9.8951,53.9544],[-9.9034,53.9532],[-9.9079,53.9577],[-9.9063,53.9435],[-9.9115,53.9406],[-9.9157,53.9444],[-9.9158,53.9362],[-9.9209,53.9331],[-9.9126,53.9317],[-9.9047,53.9336],[-9.9048,53.9361],[-9.9034,53.9334],[-9.9002,53.934],[-9.9138,53.9232],[-9.9156,53.9176],[-9.93,53.9129],[-9.931,53.9052],[-9.9225,53.8918],[-9.9244,53.8871],[-9.9314,53.8851],[-9.9284,53.8787],[-9.9336,53.8786],[-9.9347,53.8759],[-9.9418,53.8778],[-9.9356,53.8725],[-9.944,53.8738],[-9.9439,53.871],[-9.9222,53.8701],[-9.9051,53.862],[-9.8972,53.8657],[-9.8775,53.8645],[-9.8429,53.8727],[-9.8331,53.8724],[-9.8106,53.8803],[-9.7935,53.8959],[-9.776,53.8972],[-9.7851,53.9001],[-9.7817,53.9024],[-9.7851,53.902],[-9.7841,53.9048],[-9.7799,53.9054],[-9.7546,53.8976],[-9.7444,53.8913],[-9.7296,53.8948],[-9.7417,53.8947],[-9.7487,53.9009],[-9.7463,53.9016],[-9.7324,53.8989],[-9.72,53.9003],[-9.7167,53.899],[-9.7248,53.8968],[-9.7188,53.8957],[-9.701,53.9018],[-9.6988,53.9014],[-9.7051,53.8995],[-9.698,53.8979],[-9.6784,53.9005],[-9.683,53.8974],[-9.6641,53.8977],[-9.6639,53.897],[-9.6701,53.895],[-9.6671,53.8904],[-9.6627,53.8926],[-9.6658,53.8947],[-9.6543,53.8998],[-9.6499,53.8964],[-9.6546,53.8949],[-9.6505,53.8935],[-9.6588,53.8906],[-9.6499,53.8868],[-9.6482,53.8887],[-9.6556,53.8912],[-9.6447,53.8921],[-9.6381,53.896],[-9.6259,53.8958],[-9.6343,53.8918],[-9.6337,53.889],[-9.62,53.8932],[-9.6205,53.8956],[-9.6106,53.8942],[-9.6145,53.8903],[-9.6081,53.8874],[-9.6026,53.8886],[-9.6083,53.8911],[-9.6006,53.8922],[-9.6032,53.8941],[-9.587,53.8974],[-9.5862,53.8932],[-9.5939,53.8887],[-9.587,53.8885],[-9.5798,53.8937],[-9.5822,53.8975],[-9.5743,53.8994],[-9.5745,53.9042],[-9.5712,53.9024],[-9.5711,53.8991],[-9.5777,53.8937],[-9.5647,53.8918],[-9.5655,53.8889],[-9.5545,53.8909],[-9.554,53.8891],[-9.5602,53.888],[-9.5539,53.8869],[-9.5566,53.8855],[-9.5538,53.884],[-9.5601,53.8858],[-9.5766,53.8847],[-9.5762,53.8828],[-9.5875,53.8805],[-9.5706,53.881],[-9.5668,53.884],[-9.5601,53.8814],[-9.5659,53.8823],[-9.5629,53.879],[-9.5679,53.8774],[-9.5783,53.8796],[-9.5787,53.8768],[-9.5867,53.8749],[-9.5518,53.8767],[-9.5575,53.8744],[-9.5615,53.8746],[-9.5639,53.873],[-9.5748,53.8735],[-9.583,53.8709],[-9.5773,53.8691],[-9.5629,53.8718],[-9.5623,53.8701],[-9.5826,53.8678],[-9.5871,53.8696],[-9.5865,53.8678],[-9.5945,53.8685],[-9.6018,53.8658],[-9.562,53.8667],[-9.5584,53.8642],[-9.5738,53.8658],[-9.5772,53.8622],[-9.5595,53.8615],[-9.554,53.8565],[-9.5672,53.8614],[-9.5909,53.859],[-9.5621,53.8575],[-9.5628,53.8554],[-9.5732,53.8552],[-9.5626,53.8529],[-9.5667,53.8508],[-9.5612,53.8496],[-9.5658,53.8498],[-9.5792,53.8532],[-9.5862,53.8514],[-9.5707,53.8507],[-9.5737,53.8489],[-9.5877,53.8504],[-9.5875,53.8527],[-9.5796,53.8542],[-9.5946,53.8577],[-9.5918,53.8546],[-9.6011,53.8516],[-9.5635,53.8471],[-9.5896,53.8458],[-9.5962,53.8483],[-9.6175,53.8448],[-9.6186,53.8406],[-9.6104,53.8377],[-9.6201,53.8326],[-9.6113,53.8313],[-9.6022,53.8355],[-9.5956,53.8336],[-9.6043,53.8304],[-9.6187,53.8304],[-9.6163,53.8266],[-9.6078,53.8257],[-9.6143,53.8255],[-9.6037,53.8235],[-9.6129,53.8231],[-9.6084,53.8207],[-9.623,53.8264],[-9.6267,53.8266],[-9.6269,53.8231],[-9.5976,53.815],[-9.598,53.8124],[-9.6206,53.8178],[-9.6188,53.8154],[-9.6227,53.8152],[-9.6172,53.8115],[-9.6041,53.8091],[-9.6082,53.8122],[-9.5967,53.8099],[-9.594,53.8119],[-9.5868,53.8088],[-9.5984,53.8056],[-9.5955,53.8028],[-9.5875,53.8027],[-9.5933,53.8055],[-9.5859,53.8062],[-9.5642,53.8031],[-9.5744,53.8071],[-9.5675,53.8094],[-9.5492,53.8055],[-9.5542,53.8029],[-9.5468,53.8009],[-9.5442,53.8042],[-9.5436,53.8009],[-9.5468,53.8003],[-9.5607,53.8029],[-9.5594,53.8006],[-9.5508,53.8009],[-9.5519,53.7975],[-9.565,53.7997],[-9.5685,53.7964],[-9.5671,53.7964],[-9.5654,53.7976],[-9.5602,53.7943],[-9.5691,53.7914],[-9.5794,53.7928],[-9.5696,53.7886],[-9.5845,53.7854],[-9.5822,53.7804],[-9.6078,53.7833],[-9.6082,53.7793],[-9.6292,53.7785],[-9.6129,53.7828],[-9.62,53.7863],[-9.627,53.7837],[-9.6291,53.7874],[-9.6366,53.7883],[-9.6418,53.7874],[-9.6407,53.782],[-9.6578,53.7817],[-9.6632,53.7874],[-9.6581,53.7897],[-9.6535,53.7969],[-9.6484,53.7969],[-9.6484,53.8006],[-9.652,53.799],[-9.6619,53.7881],[-9.6894,53.7841],[-9.7068,53.7777],[-9.7376,53.7737],[-9.7626,53.7744],[-9.7704,53.7766],[-9.7703,53.7821],[-9.7815,53.7826],[-9.8031,53.7786],[-9.8254,53.7695],[-9.8633,53.7687],[-9.8817,53.7636],[-9.9051,53.7629],[-9.9099,53.7525],[-9.8999,53.751],[-9.9028,53.7436],[-9.897,53.7409],[-9.8961,53.7356],[-9.9032,53.7216],[-9.9135,53.7131],[-9.9142,53.7001],[-9.9203,53.6968],[-9.9172,53.6932],[-9.92,53.6899],[-9.9091,53.682],[-9.9064,53.6755],[-9.9142,53.6653],[-9.9153,53.6573],[-9.9118,53.6538],[-9.9147,53.6528],[-9.8853,53.6482],[-9.8814,53.6498],[-9.879,53.6479],[-9.8871,53.6446],[-9.8722,53.6375],[-9.8772,53.6388],[-9.8791,53.6338],[-9.8598,53.6285],[-9.8584,53.6257],[-9.8401,53.6237],[-9.8138,53.6156],[-9.7842,53.6027],[-9.7726,53.6014],[-9.7521,53.6064],[-9.749,53.6056],[-9.7514,53.6035],[-9.7421,53.6022],[-9.6981,53.6045],[-9.6714,53.6163],[-9.6716,53.6077],[-9.6783,53.6101],[-9.6875,53.6068],[-9.6942,53.596],[-9.7028,53.5948],[-9.7307,53.6004],[-9.7841,53.5959],[-9.7855,53.5931],[-9.7962,53.5999],[-9.8038,53.6006],[-9.8107,53.6065],[-9.8301,53.6109],[-9.8431,53.6179],[-9.8596,53.6201],[-9.8743,53.6269],[-9.873,53.6244],[-9.8799,53.6248],[-9.8726,53.6205],[-9.8598,53.6192],[-9.8678,53.6178],[-9.8479,53.6132],[-9.8489,53.6089],[-9.8542,53.613],[-9.8757,53.6174],[-9.8777,53.6147],[-9.8924,53.6124],[-9.899,53.6146],[-9.9034,53.6134],[-9.9046,53.6089],[-9.8925,53.6069],[-9.9059,53.6074],[-9.9094,53.6017],[-9.9174,53.6006],[-9.9186,53.5981],[-9.9327,53.5975],[-9.9473,53.6008],[-9.965,53.5998],[-9.9761,53.6035],[-9.976,53.6073],[-9.9876,53.6068],[-9.9968,53.611],[-10.007,53.6113],[-10.0116,53.6073],[-10.0186,53.6064],[-10.0281,53.6069],[-10.035,53.6106],[-10.048,53.6107],[-10.0472,53.6052],[-10.0507,53.6033],[-10.0436,53.6012],[-10.0444,53.5938],[-10.0223,53.5783],[-9.9977,53.5732],[-9.9631,53.5714],[-9.9678,53.5668],[-9.9781,53.5678],[-9.9718,53.5612],[-9.9865,53.5644],[-9.9907,53.5586],[-9.9918,53.5587],[-9.993,53.5604],[-9.9927,53.5614],[-10.0004,53.5616],[-9.9993,53.5566],[-9.9836,53.5563],[-9.9852,53.5578],[-9.9789,53.5598],[-9.9671,53.5583],[-9.9538,53.5522],[-9.9694,53.5493],[-9.981,53.5566],[-9.9834,53.5522],[-9.9913,53.551],[-9.9818,53.5467],[-10.0033,53.5487],[-9.9976,53.5443],[-10.0018,53.5441],[-10.0055,53.5498],[-10.0112,53.5513],[-10.0101,53.5543],[-10.0206,53.56],[-10.019,53.5624],[-10.0108,53.5615],[-10.0109,53.5665],[-10.0458,53.5726],[-10.0515,53.5694],[-10.0621,53.5705],[-10.0653,53.5678],[-10.0686,53.5727],[-10.0764,53.5757],[-10.0893,53.5746],[-10.0899,53.5727],[-10.1025,53.5776],[-10.1078,53.5752],[-10.1094,53.5776],[-10.1161,53.5771],[-10.1178,53.5731],[-10.122,53.5766],[-10.1312,53.5749],[-10.0931,53.5574],[-10.0955,53.5541],[-10.1244,53.5615],[-10.1348,53.5576],[-10.1452,53.5629],[-10.1445,53.565],[-10.152,53.5662],[-10.155,53.5639],[-10.1501,53.5627],[-10.1573,53.5598],[-10.1545,53.5585],[-10.1579,53.5552],[-10.1655,53.5617],[-10.1903,53.5561],[-10.1932,53.5523],[-10.1884,53.5495],[-10.1959,53.5484],[-10.2015,53.5436],[-10.1891,53.5437],[-10.1777,53.5389],[-10.1678,53.5428],[-10.1454,53.5423],[-10.1452,53.5317],[-10.135,53.5271],[-10.1378,53.5233],[-10.1016,53.5203],[-10.0805,53.5129],[-10.076,53.5153],[-10.0597,53.5099],[-10.0548,53.5121],[-10.0522,53.508],[-10.0471,53.5114],[-10.0408,53.5087],[-10.0444,53.5073],[-10.0413,53.5057],[-10.0618,53.5029],[-10.0856,53.5071],[-10.0727,53.5093],[-10.0972,53.5123],[-10.0971,53.5126],[-10.0933,53.5132],[-10.0919,53.5145],[-10.0975,53.5174],[-10.1365,53.5223],[-10.1378,53.5203],[-10.1216,53.5162],[-10.1293,53.5173],[-10.127,53.5164],[-10.1048,53.5125],[-10.1069,53.5111],[-10.1382,53.5146],[-10.1353,53.5085],[-10.1275,53.5079],[-10.1298,53.5105],[-10.1245,53.5104],[-10.1109,53.5017],[-10.1242,53.5057],[-10.1264,53.5037],[-10.1243,53.5008],[-10.1128,53.5011],[-10.1078,53.4958],[-10.0913,53.4967],[-10.0695,53.4907],[-10.0631,53.4914],[-10.05,53.485],[-10.0307,53.4845],[-10.0223,53.4874],[-10.0285,53.4829],[-10.0456,53.4817],[-10.045,53.4784],[-10.0343,53.4731],[-10.0257,53.4731],[-10.0243,53.4759],[-10.0198,53.4738],[-10.0167,53.4799],[-10.006,53.4797],[-10.0136,53.478],[-10.0128,53.4721],[-10.0194,53.4735],[-10.0182,53.4654],[-10.0206,53.4687],[-10.051,53.4748],[-10.0529,53.4788],[-10.0632,53.48],[-10.06,53.4816],[-10.0571,53.4795],[-10.0569,53.4816],[-10.0834,53.4894],[-10.0908,53.4862],[-10.0883,53.4845],[-10.0912,53.4829],[-10.1002,53.4812],[-10.0798,53.4729],[-10.0914,53.4702],[-10.0928,53.4677],[-10.0879,53.4659],[-10.0847,53.4681],[-10.0792,53.4655],[-10.0708,53.4699],[-10.0645,53.4672],[-10.0729,53.468],[-10.0701,53.4643],[-10.0585,53.4618],[-10.0485,53.4644],[-10.0345,53.4602],[-10.058,53.4582],[-10.0629,53.443],[-10.07,53.4427],[-10.0729,53.439],[-10.0835,53.447],[-10.0916,53.4474],[-10.0916,53.4459],[-10.0881,53.4454],[-10.0877,53.4439],[-10.0847,53.446],[-10.0825,53.4426],[-10.0878,53.4368],[-10.091,53.4391],[-10.0885,53.4449],[-10.0937,53.4441],[-10.0973,53.4502],[-10.1218,53.4519],[-10.1271,53.4576],[-10.1318,53.4573],[-10.136,53.4557],[-10.1337,53.4516],[-10.14,53.4426],[-10.1532,53.443],[-10.1545,53.4342],[-10.1664,53.4315],[-10.1621,53.4299],[-10.1636,53.4278],[-10.1856,53.4128],[-10.1817,53.4121],[-10.1829,53.4085],[-10.1791,53.4066],[-10.1754,53.4118],[-10.1489,53.4193],[-10.1403,53.4148],[-10.138,53.4096],[-10.1193,53.401],[-10.1158,53.4058],[-10.1205,53.4072],[-10.1155,53.4123],[-10.1103,53.4138],[-10.1051,53.4096],[-10.0926,53.4113],[-10.0948,53.4126],[-10.0871,53.4151],[-10.0845,53.411],[-10.0883,53.4075],[-10.084,53.4078],[-10.0739,53.4222],[-10.0686,53.4198],[-10.0678,53.4219],[-10.062,53.4148],[-10.0532,53.4134],[-10.0548,53.4155],[-10.0359,53.4094],[-10.0332,53.4046],[-10.0382,53.3912],[-10.0321,53.3904],[-10.0314,53.3857],[-10.0193,53.3856],[-10.0104,53.3799],[-10.0051,53.3829],[-9.9886,53.3791],[-9.974,53.3837],[-9.9657,53.3823],[-9.9649,53.3778],[-9.9749,53.3774],[-9.9772,53.3741],[-9.9729,53.371],[-9.9675,53.3735],[-9.9604,53.3694],[-9.9627,53.367],[-9.9575,53.3672],[-9.9506,53.3701],[-9.9621,53.3738],[-9.9556,53.3804],[-9.9356,53.3784],[-9.9299,53.3836],[-9.9255,53.3831],[-9.9145,53.3886],[-9.9196,53.406],[-9.9142,53.416],[-9.9098,53.4149],[-9.91,53.4182],[-9.9002,53.4209],[-9.9033,53.423],[-9.8899,53.4249],[-9.8976,53.4208],[-9.8874,53.4146],[-9.8729,53.4217],[-9.8626,53.4226],[-9.8545,53.4299],[-9.8599,53.4326],[-9.8624,53.4316],[-9.8585,53.4301],[-9.8621,53.4298],[-9.8705,53.438],[-9.8619,53.433],[-9.8521,53.4339],[-9.8434,53.428],[-9.8379,53.43],[-9.8364,53.4265],[-9.8268,53.4256],[-9.8336,53.4232],[-9.8314,53.4211],[-9.8397,53.4217],[-9.8506,53.4282],[-9.8563,53.4233],[-9.8507,53.4229],[-9.8495,53.4195],[-9.8622,53.4208],[-9.8603,53.4152],[-9.8704,53.4184],[-9.8857,53.4128],[-9.8876,53.4079],[-9.8794,53.4041],[-9.8824,53.3932],[-9.863,53.388],[-9.8582,53.3939],[-9.8627,53.4015],[-9.8535,53.4038],[-9.855,53.3942],[-9.8451,53.395],[-9.8431,53.4024],[-9.8482,53.4014],[-9.8452,53.4061],[-9.8406,53.404],[-9.8353,53.4065],[-9.8345,53.4116],[-9.8249,53.4179],[-9.8123,53.4164],[-9.8098,53.419],[-9.8005,53.418],[-9.7976,53.4146],[-9.8216,53.4112],[-9.8228,53.4063],[-9.8156,53.401],[-9.7999,53.4067],[-9.7847,53.4069],[-9.7848,53.4052],[-9.7964,53.4029],[-9.8027,53.393],[-9.7991,53.393],[-9.7948,53.3956],[-9.7881,53.392],[-9.7936,53.3888],[-9.7812,53.3902],[-9.8074,53.3862],[-9.8205,53.3807],[-9.8161,53.3786],[-9.8212,53.3739],[-9.8236,53.3768],[-9.8231,53.3788],[-9.8342,53.3804],[-9.8424,53.3741],[-9.8564,53.3742],[-9.8665,53.3682],[-9.8764,53.3703],[-9.8903,53.3682],[-9.8919,53.3602],[-9.8849,53.3596],[-9.8935,53.3564],[-9.8941,53.3528],[-9.8865,53.3519],[-9.8775,53.3582],[-9.8796,53.3554],[-9.8754,53.3561],[-9.8749,53.3526],[-9.8773,53.3495],[-9.886,53.3488],[-9.8814,53.3429],[-9.8835,53.3407],[-9.8928,53.3419],[-9.8995,53.3376],[-9.8965,53.3289],[-9.9057,53.3301],[-9.9087,53.3278],[-9.899,53.3184],[-9.8935,53.3177],[-9.8856,53.322],[-9.8871,53.3143],[-9.8841,53.3154],[-9.8836,53.3124],[-9.8784,53.3118],[-9.8747,53.3169],[-9.8728,53.3148],[-9.8749,53.3128],[-9.8707,53.312],[-9.8648,53.3148],[-9.8621,53.3218],[-9.869,53.3312],[-9.869,53.3313],[-9.8685,53.3312],[-9.8675,53.3306],[-9.8635,53.3314],[-9.855,53.3246],[-9.8566,53.3193],[-9.8386,53.324],[-9.8395,53.3198],[-9.8338,53.3171],[-9.836,53.3132],[-9.83,53.3099],[-9.8271,53.3148],[-9.8233,53.3078],[-9.8166,53.3119],[-9.8225,53.3216],[-9.8193,53.3193],[-9.8152,53.3224],[-9.8118,53.3185],[-9.8157,53.3148],[-9.8119,53.3146],[-9.8132,53.3084],[-9.8077,53.309],[-9.8044,53.3061],[-9.7924,53.3039],[-9.7922,53.3068],[-9.7861,53.2992],[-9.78,53.302],[-9.7829,53.2959],[-9.7731,53.2918],[-9.7702,53.2946],[-9.774,53.3022],[-9.7695,53.3012],[-9.767,53.3046],[-9.7533,53.3054],[-9.7488,53.3081],[-9.7432,53.3083],[-9.7437,53.3053],[-9.7344,53.3081],[-9.7299,53.313],[-9.7337,53.3252],[-9.7212,53.3273],[-9.7177,53.3335],[-9.7136,53.3316],[-9.7085,53.3332],[-9.7085,53.3361],[-9.7141,53.3371],[-9.713,53.3407],[-9.7053,53.3407],[-9.7073,53.3436],[-9.6958,53.3555],[-9.7086,53.3563],[-9.7138,53.3592],[-9.7047,53.3566],[-9.6947,53.3576],[-9.6947,53.3614],[-9.6804,53.3645],[-9.6828,53.3695],[-9.6783,53.3663],[-9.6654,53.3691],[-9.6605,53.3724],[-9.6625,53.3781],[-9.6548,53.3829],[-9.6585,53.3861],[-9.6438,53.3866],[-9.6388,53.3901],[-9.6356,53.3852],[-9.633,53.3884],[-9.643,53.3741],[-9.6475,53.372],[-9.6463,53.3711],[-9.6293,53.3806],[-9.629,53.3767],[-9.622,53.3743],[-9.6287,53.3761],[-9.6381,53.3729],[-9.6346,53.3716],[-9.6347,53.3652],[-9.6262,53.3623],[-9.6465,53.3531],[-9.6434,53.3527],[-9.644,53.348],[-9.6265,53.3492],[-9.6244,53.3466],[-9.6424,53.3401],[-9.6522,53.344],[-9.6662,53.3413],[-9.6662,53.3393],[-9.6486,53.336],[-9.6432,53.3309],[-9.631,53.3329],[-9.6296,53.3299],[-9.6229,53.3307],[-9.6187,53.3354],[-9.6175,53.3332],[-9.6131,53.3349],[-9.6123,53.3321],[-9.6022,53.3366],[-9.5964,53.335],[-9.5941,53.3403],[-9.6005,53.3465],[-9.615,53.3468],[-9.6125,53.3501],[-9.6068,53.3484],[-9.6026,53.352],[-9.6029,53.3636],[-9.5985,53.3676],[-9.6077,53.3697],[-9.6144,53.3794],[-9.6063,53.383],[-9.6028,53.3762],[-9.599,53.3789],[-9.5965,53.3775],[-9.5982,53.3795],[-9.5942,53.3816],[-9.5814,53.3808],[-9.5774,53.3782],[-9.5757,53.3808],[-9.5784,53.3824],[-9.5771,53.3859],[-9.5882,53.387],[-9.5771,53.3876],[-9.5756,53.3897],[-9.5798,53.3901],[-9.5737,53.3931],[-9.5784,53.395],[-9.5685,53.3951],[-9.5626,53.4009],[-9.5565,53.4023],[-9.5467,53.4022],[-9.5453,53.3993],[-9.5517,53.3993],[-9.5534,53.3966],[-9.5623,53.3985],[-9.5623,53.4007],[-9.5633,53.3978],[-9.564,53.3971],[-9.5655,53.3964],[-9.5525,53.3951],[-9.5506,53.3915],[-9.5595,53.39],[-9.5606,53.3922],[-9.5724,53.3929],[-9.5764,53.3911],[-9.5727,53.3862],[-9.5763,53.3866],[-9.576,53.3855],[-9.5774,53.3833],[-9.5708,53.3795],[-9.5656,53.3842],[-9.5542,53.3831],[-9.549,53.3751],[-9.5555,53.3808],[-9.5599,53.3764],[-9.5626,53.3787],[-9.5739,53.3785],[-9.5804,53.3738],[-9.5958,53.3725],[-9.5938,53.3678],[-9.5989,53.3622],[-9.5847,53.3522],[-9.5796,53.3571],[-9.579,53.3463],[-9.5709,53.3512],[-9.5619,53.3477],[-9.5599,53.3439],[-9.5481,53.3454],[-9.5606,53.3372],[-9.5615,53.3288],[-9.5648,53.3286],[-9.5571,53.3191],[-9.5495,53.3216],[-9.5549,53.3175],[-9.5558,53.3055],[-9.5593,53.3059],[-9.5555,53.3115],[-9.5561,53.3116],[-9.556,53.3122],[-9.5568,53.3125],[-9.558,53.32],[-9.5665,53.3237],[-9.5672,53.3284],[-9.5631,53.3298],[-9.5616,53.3357],[-9.5698,53.3469],[-9.5763,53.3421],[-9.5678,53.3342],[-9.5781,53.3324],[-9.583,53.3286],[-9.5757,53.3256],[-9.5768,53.317],[-9.5793,53.3215],[-9.5867,53.323],[-9.5851,53.3258],[-9.5893,53.3295],[-9.5964,53.3294],[-9.6007,53.3261],[-9.6078,53.3281],[-9.6226,53.3254],[-9.6228,53.3148],[-9.6098,53.312],[-9.6148,53.3094],[-9.6073,53.2992],[-9.6101,53.2938],[-9.5993,53.2948],[-9.6001,53.2913],[-9.5962,53.2904],[-9.6023,53.2852],[-9.5985,53.2859],[-9.5979,53.2798],[-9.6074,53.2765],[-9.6055,53.2722],[-9.611,53.2726],[-9.6122,53.2692],[-9.6201,53.2675],[-9.6319,53.2505],[-9.6254,53.2416],[-9.6276,53.2384],[-9.6157,53.2343],[-9.6152,53.2312],[-9.6019,53.2398],[-9.5943,53.2405],[-9.5916,53.2343],[-9.5857,53.2359],[-9.585,53.2412],[-9.577,53.2468],[-9.5783,53.2542],[-9.5731,53.2609],[-9.5815,53.2685],[-9.5799,53.2709],[-9.5838,53.2715],[-9.5635,53.2822],[-9.5488,53.2805],[-9.55,53.2831],[-9.5641,53.2864],[-9.5594,53.2869],[-9.5588,53.2911],[-9.5578,53.2904],[-9.5586,53.2891],[-9.5574,53.2882],[-9.5432,53.2848],[-9.5399,53.2792],[-9.5444,53.2763],[-9.5535,53.2766],[-9.5551,53.2686],[-9.5679,53.2643],[-9.5591,53.2504],[-9.554,53.2511],[-9.5514,53.2615],[-9.5475,53.2621],[-9.5506,53.2459],[-9.5452,53.2465],[-9.5433,53.2431],[-9.5517,53.2443],[-9.5551,53.2367],[-9.5485,53.2375],[-9.5472,53.2336],[-9.5321,53.2295],[-9.5313,53.2219],[-9.5214,53.2211],[-9.5209,53.2235],[-9.5095,53.2211],[-9.5003,53.225],[-9.4892,53.2244],[-9.4898,53.2283],[-9.4854,53.2291],[-9.4653,53.2263],[-9.454,53.2329],[-9.4284,53.2318],[-9.4084,53.235],[-9.4015,53.2327],[-9.3734,53.2373],[-9.3643,53.2415],[-9.3351,53.2379],[-9.3298,53.2399],[-9.314,53.2383],[-9.3087,53.2432],[-9.2621,53.2432],[-9.2299,53.247],[-9.2266,53.2493],[-9.219,53.2448],[-9.2095,53.2472],[-9.1628,53.2459],[-9.1473,53.2502],[-9.1201,53.2502],[-9.1163,53.2525],[-9.1156,53.2546],[-9.1191,53.2509],[-9.1196,53.2539],[-9.1247,53.2513],[-9.1299,53.2564],[-9.1117,53.2598],[-9.1092,53.2588],[-9.1147,53.2542],[-9.1112,53.2523],[-9.1062,53.2566],[-9.1131,53.2485],[-9.1068,53.2553],[-9.0787,53.2571],[-9.069,53.2632],[-9.0569,53.2628],[-9.0561,53.2541],[-9.0522,53.2532],[-9.0562,53.2627],[-9.0466,53.2668],[-9.0541,53.2674],[-9.0557,53.27],[-9.0494,53.2682],[-9.0498,53.2714],[-9.0462,53.2683],[-9.0387,53.2772],[-9.0322,53.2808],[-9.0295,53.2776],[-9.0359,53.2746],[-9.0336,53.2726],[-9.0426,53.272],[-9.0443,53.267],[-9.022,53.27],[-9.0167,53.2664],[-8.9936,53.2709],[-8.9923,53.2685],[-8.9968,53.2667],[-8.9943,53.2623],[-8.9798,53.2646],[-8.9722,53.2617],[-8.9723,53.2649],[-8.9766,53.2665],[-8.9705,53.2708],[-8.9636,53.2692],[-8.9534,53.2725],[-8.9526,53.2701],[-8.9445,53.2735],[-8.9313,53.2709],[-8.9397,53.2643],[-8.9441,53.2651],[-8.9479,53.2623],[-8.9423,53.2625],[-8.9372,53.259],[-8.943,53.261],[-8.9425,53.2575],[-8.9603,53.2573],[-8.9666,53.2549],[-8.971,53.2562],[-8.9663,53.2571],[-8.977,53.2563],[-8.9846,53.2481],[-8.9909,53.2462],[-8.967,53.2436],[-8.963,53.2457],[-8.9638,53.2406],[-8.9731,53.2372],[-8.975,53.2398],[-8.97,53.2397],[-8.9746,53.2406],[-8.9787,53.2402],[-9.0068,53.233],[-9.0015,53.2328],[-8.9843,53.2371],[-8.9724,53.2359],[-8.9611,53.2407],[-8.954,53.238],[-8.9447,53.2388],[-8.9493,53.2353],[-8.9613,53.2371],[-8.9766,53.2349],[-8.9851,53.2326],[-8.9857,53.2289],[-9.0031,53.2262],[-8.998,53.2254],[-9.0037,53.2218],[-8.9973,53.2213],[-8.9779,53.2255],[-8.9924,53.2185],[-8.9749,53.2169],[-8.9768,53.2137],[-8.997,53.214],[-8.9992,53.212],[-8.9735,53.2131],[-8.9612,53.2082],[-8.9297,53.2143],[-8.9327,53.212],[-8.9295,53.2117],[-8.91,53.2216],[-8.8904,53.2247],[-8.8848,53.2283],[-8.8884,53.2236],[-8.9017,53.2217],[-8.8991,53.2185],[-8.9131,53.2124],[-8.8874,53.2099],[-8.8734,53.2134],[-8.8798,53.2093],[-8.8904,53.2085],[-8.8872,53.2076],[-8.8907,53.2078],[-8.8911,53.21],[-8.8968,53.209],[-8.9064,53.2108],[-8.9229,53.2089],[-8.9314,53.2049],[-8.9282,53.2017],[-8.9554,53.1915],[-8.9309,53.1973],[-8.9359,53.1937],[-8.9475,53.1919],[-8.9432,53.1908],[-8.9466,53.1858],[-8.9405,53.1846],[-8.9483,53.1842],[-8.9494,53.1868],[-8.9501,53.1849],[-8.948,53.1832],[-8.9561,53.1769],[-8.9467,53.1759],[-8.9542,53.1719],[-8.939,53.1646],[-8.9427,53.1628],[-8.9349,53.1455],[-8.9222,53.1447],[-8.9283,53.1405],[-8.9397,53.141],[-8.9565,53.156],[-8.9765,53.1585],[-8.9863,53.1625],[-8.9962,53.1624],[-8.9958,53.1631],[-8.9937,53.1632],[-8.9912,53.1625],[-8.9896,53.1651],[-8.9898,53.1632],[-8.9777,53.1649],[-8.9742,53.1684],[-8.9677,53.1668],[-8.9685,53.1768],[-8.9867,53.1738],[-8.9916,53.1696],[-9.0224,53.1709],[-9.0548,53.1652],[-9.0669,53.1689],[-9.0824,53.1676],[-9.0875,53.164],[-9.0722,53.1575],[-9.0553,53.1623],[-9.0608,53.1632],[-9.0576,53.1656],[-9.0531,53.1646],[-9.0476,53.166],[-9.0428,53.16],[-9.0214,53.158],[-9.0161,53.1547],[-9.0072,53.1578],[-9.0093,53.1519],[-9.0072,53.1518],[-8.9976,53.1556],[-8.991,53.1505],[-8.9969,53.1482],[-9.0052,53.1503],[-9.0097,53.1454],[-9.006,53.142],[-9.0096,53.1407],[-9.0314,53.146],[-9.0242,53.1513],[-9.0419,53.1504],[-9.0527,53.1584],[-9.0725,53.1558],[-9.1019,53.1592],[-9.1139,53.1573],[-9.1219,53.151],[-9.136,53.1499],[-9.1264,53.149],[-9.1221,53.1446],[-9.1165,53.1493],[-9.1096,53.149],[-9.1191,53.1462],[-9.117,53.14],[-9.109,53.1441],[-9.1122,53.146],[-9.1091,53.1487],[-9.1048,53.1434],[-9.0895,53.1476],[-9.0813,53.1399],[-9.0741,53.139],[-9.0771,53.1388],[-9.0728,53.1362],[-9.0757,53.1278],[-9.0726,53.1275],[-9.0717,53.1218],[-9.0874,53.1379],[-9.1017,53.1384],[-9.0937,53.1438],[-9.1024,53.1419],[-9.1028,53.1391],[-9.1087,53.1407],[-9.1206,53.1369],[-9.1318,53.1305],[-9.129,53.1274],[-9.134,53.1277],[-9.1328,53.125],[-9.1391,53.1206],[-9.1459,53.1196],[-9.1482,53.1223],[-9.1518,53.1169],[-9.1527,53.1205],[-9.1668,53.1231],[-9.1871,53.1345],[-9.1714,53.1353],[-9.1611,53.1314],[-9.1714,53.1358],[-9.1769,53.1365],[-9.1889,53.1352],[-9.2202,53.1395],[-9.2389,53.1486],[-9.2633,53.1545],[-9.2827,53.1447],[-9.2931,53.1306],[-9.2884,53.1188],[-9.3012,53.1038],[-9.3096,53.0996],[-9.3108,53.0924],[-9.3172,53.0876],[-9.3303,53.0862],[-9.3585,53.0726],[-9.3658,53.0627],[-9.3649,53.0511],[-9.383,53.0428],[-9.3954,53.0263],[-9.4093,53.0188],[-9.4043,53.0165],[-9.4079,53.014],[-9.393,53.0109],[-9.3922,53.0078],[-9.4103,52.9985],[-9.4178,52.9893],[-9.4303,52.9848],[-9.4309,52.9802],[-9.4265,52.9805],[-9.4262,52.9768],[-9.4328,52.9734],[-9.4282,52.9703],[-9.4316,52.9663],[-9.4494,52.9582],[-9.4541,52.9526],[-9.4718,52.9485],[-9.4664,52.9448],[-9.4765,52.9413],[-9.4763,52.9407],[-9.4698,52.9381],[-9.4753,52.932],[-9.4669,52.9303],[-9.4597,52.934],[-9.4286,52.9375],[-9.4246,52.9314],[-9.4003,52.9326],[-9.3745,52.9433],[-9.358,52.9438],[-9.3477,52.9513],[-9.3402,52.9434],[-9.3433,52.944],[-9.3478,52.9484],[-9.3586,52.9422],[-9.3465,52.9312],[-9.3518,52.9179],[-9.3691,52.9146],[-9.3701,52.9086],[-9.3783,52.9069],[-9.3904,52.8967],[-9.4147,52.8918],[-9.4336,52.8831],[-9.4365,52.8717],[-9.444,52.8663],[-9.4282,52.8686],[-9.4266,52.8665],[-9.4341,52.8613],[-9.4297,52.8601],[-9.4519,52.8493],[-9.4335,52.8437],[-9.434,52.8336],[-9.4554,52.8339],[-9.457,52.8284],[-9.4516,52.8255],[-9.457,52.8235],[-9.4558,52.8175],[-9.4837,52.8075],[-9.4893,52.8082],[-9.4887,52.8102],[-9.4928,52.8091],[-9.4853,52.7909],[-9.5022,52.7872],[-9.4882,52.7894],[-9.4813,52.7775],[-9.483,52.7745],[-9.5034,52.7696],[-9.4927,52.7631],[-9.4967,52.7503],[-9.5103,52.7451],[-9.5282,52.746],[-9.5248,52.739],[-9.5324,52.7352],[-9.5394,52.7373],[-9.5361,52.7405],[-9.5425,52.7462],[-9.5499,52.7468],[-9.5474,52.7521],[-9.5698,52.7521],[-9.593,52.747],[-9.5923,52.7448],[-9.6071,52.7441],[-9.6081,52.7332],[-9.6288,52.7323],[-9.6229,52.7289],[-9.6236,52.7255],[-9.6349,52.7286],[-9.6289,52.7233],[-9.6192,52.7216],[-9.6211,52.7181],[-9.6157,52.7159],[-9.6268,52.7121],[-9.6329,52.7128],[-9.6517,52.7052],[-9.6461,52.7046],[-9.6546,52.6974],[-9.6493,52.6969],[-9.6601,52.6923],[-9.6527,52.6917],[-9.6535,52.686],[-9.6467,52.6828],[-9.6493,52.6792],[-9.6535,52.6779],[-9.6558,52.6812],[-9.665,52.6822],[-9.6637,52.6859],[-9.6676,52.6863],[-9.6689,52.6814],[-9.6783,52.6804],[-9.6744,52.6776],[-9.6854,52.6725],[-9.6893,52.674],[-9.6963,52.6713],[-9.6928,52.6683],[-9.6988,52.6667],[-9.6979,52.6634],[-9.7055,52.662],[-9.7071,52.6589],[-9.7233,52.6579],[-9.7234,52.6514],[-9.7401,52.6455],[-9.7339,52.6424],[-9.743,52.6436],[-9.7442,52.6401],[-9.7729,52.6341],[-9.7798,52.6283],[-9.7799,52.6311],[-9.7847,52.6262],[-9.7841,52.6279],[-9.7983,52.6223],[-9.7919,52.6194],[-9.8041,52.617],[-9.8058,52.6118],[-9.8029,52.6112],[-9.8062,52.6101],[-9.8027,52.6098],[-9.8066,52.6045],[-9.8283,52.5977],[-9.8302,52.6],[-9.8362,52.599],[-9.8368,52.5962],[-9.8573,52.5953],[-9.8596,52.5912],[-9.8612,52.5941],[-9.8675,52.5904],[-9.8694,52.593],[-9.8803,52.591],[-9.8763,52.5912],[-9.8813,52.5884],[-9.8701,52.588],[-9.8712,52.5844],[-9.8801,52.5844],[-9.8819,52.5795],[-9.8961,52.5815],[-9.902,52.5776],[-9.9109,52.5769],[-9.9205,52.5648],[-9.9385,52.5591],[-9.9287,52.5561],[-9.9234,52.5581],[-9.8902,52.5576],[-9.8917,52.5545],[-9.8693,52.5606],[-9.8612,52.5658],[-9.8608,52.5706],[-9.8368,52.572],[-9.8117,52.5648],[-9.7412,52.5802],[-9.7456,52.5833],[-9.7402,52.5872],[-9.7323,52.5867],[-9.7273,52.5833],[-9.7227,52.5871],[-9.7124,52.5797],[-9.6974,52.5825],[-9.6962,52.5848],[-9.7054,52.5906],[-9.6986,52.6011],[-9.7052,52.6013],[-9.7096,52.6047],[-9.707,52.6037],[-9.7079,52.6071],[-9.7011,52.6123],[-9.6825,52.6158],[-9.6652,52.6133],[-9.6353,52.6197],[-9.6196,52.6172],[-9.6034,52.6181],[-9.5872,52.6235],[-9.5993,52.6218],[-9.6021,52.6203],[-9.6048,52.6219],[-9.5959,52.6264],[-9.5545,52.6358],[-9.5464,52.6408],[-9.56,52.6486],[-9.5646,52.6549],[-9.5885,52.6588],[-9.5812,52.6619],[-9.583,52.664],[-9.5868,52.6626],[-9.5874,52.6664],[-9.5998,52.6655],[-9.607,52.6687],[-9.558,52.665],[-9.5525,52.6664],[-9.5462,52.6637],[-9.5415,52.6725],[-9.5384,52.668],[-9.5428,52.6685],[-9.5374,52.6629],[-9.5468,52.6531],[-9.5456,52.6527],[-9.546,52.6531],[-9.5447,52.6535],[-9.5442,52.654],[-9.5435,52.655],[-9.5449,52.6526],[-9.5416,52.6521],[-9.5431,52.6434],[-9.5347,52.6368],[-9.5288,52.6379],[-9.5259,52.6357],[-9.5304,52.6314],[-9.5114,52.6318],[-9.5081,52.6293],[-9.5033,52.6327],[-9.4995,52.6273],[-9.4957,52.628],[-9.4925,52.6243],[-9.4826,52.6221],[-9.4794,52.6168],[-9.4712,52.6173],[-9.4585,52.6114],[-9.4516,52.6149],[-9.4428,52.6147],[-9.4348,52.6063],[-9.4103,52.6035],[-9.4006,52.6042],[-9.3818,52.6145],[-9.3503,52.6146],[-9.3415,52.6226],[-9.3491,52.6239],[-9.3327,52.6283],[-9.3115,52.6299],[-9.296,52.6386],[-9.2997,52.6396],[-9.2983,52.6423],[-9.2956,52.6418],[-9.2984,52.6395],[-9.286,52.6381],[-9.2672,52.6398],[-9.2704,52.6428],[-9.2656,52.6393],[-9.2754,52.6387],[-9.2734,52.6351],[-9.2825,52.6313],[-9.2814,52.6296],[-9.3236,52.6115],[-9.3389,52.6004],[-9.3334,52.5945],[-9.3129,52.5873],[-9.2904,52.5893],[-9.2616,52.6025],[-9.258,52.6075],[-9.2603,52.6113],[-9.2545,52.6137],[-9.2576,52.619],[-9.2493,52.621],[-9.2467,52.6194],[-9.2463,52.6229],[-9.2433,52.6223],[-9.2421,52.6198],[-9.2219,52.6224],[-9.2166,52.6218],[-9.2194,52.6202],[-9.2112,52.6222],[-9.2014,52.6195],[-9.1752,52.6229],[-9.1694,52.622],[-9.1679,52.6185],[-9.163,52.619],[-9.141,52.6323],[-9.1341,52.6416],[-9.1194,52.6446],[-9.1132,52.6486],[-9.1108,52.6559],[-9.1025,52.6596],[-9.1005,52.6691],[-9.101,52.6693],[-9.1019,52.6692],[-9.104,52.6672],[-9.1086,52.6668],[-9.1071,52.6683],[-9.1025,52.6697],[-9.0965,52.6702],[-9.0876,52.6753],[-9.0813,52.6714],[-9.0774,52.6725],[-9.0801,52.6817],[-9.063,52.6932],[-9.0623,52.7057],[-9.0661,52.7106],[-9.0398,52.7205],[-9.0326,52.7308],[-9.0345,52.7447],[-9.0438,52.7463],[-9.0424,52.7487],[-9.0471,52.7443],[-9.0541,52.7432],[-9.0543,52.7391],[-9.0592,52.7356],[-9.0571,52.7384],[-9.0614,52.737],[-9.0598,52.7386],[-9.0557,52.7387],[-9.0547,52.7437],[-9.0488,52.7442],[-9.0429,52.7501],[-9.0399,52.7497],[-9.0397,52.7522],[-9.0389,52.7482],[-9.0357,52.7483],[-9.028,52.7575],[-9.0237,52.7565],[-9.0182,52.7605],[-9.0089,52.7613],[-9.0059,52.7649],[-8.9882,52.7629],[-8.9608,52.7705],[-8.9489,52.7794],[-8.9475,52.7858],[-8.9588,52.7878],[-8.9653,52.7962],[-8.9546,52.8014],[-8.9597,52.8045],[-8.9564,52.812],[-8.9612,52.8145],[-8.9598,52.8159],[-8.9565,52.8132],[-8.9579,52.8163],[-8.957,52.8159],[-8.9551,52.8128],[-8.9545,52.8127],[-8.9549,52.8083],[-8.9578,52.8048],[-8.9533,52.8018],[-8.9605,52.7963],[-8.9575,52.7927],[-8.9529,52.7934],[-8.9533,52.7889],[-8.9418,52.7874],[-8.9386,52.7905],[-8.9451,52.7786],[-8.9451,52.768],[-8.9636,52.7615],[-8.975,52.7605],[-8.9782,52.7553],[-8.9595,52.7521],[-8.9468,52.7394],[-8.9408,52.7396],[-8.9421,52.7326],[-8.9482,52.733],[-8.9521,52.7302],[-8.9565,52.7317],[-8.9572,52.7298],[-8.9496,52.7198],[-8.9334,52.7128],[-8.9516,52.7006],[-8.9532,52.7011],[-8.9536,52.7012],[-8.9627,52.7038],[-8.9651,52.6993],[-8.9573,52.6903],[-8.9661,52.6881],[-8.9654,52.6841],[-8.9584,52.6831],[-8.9567,52.6867],[-8.9443,52.6889],[-8.9204,52.6799],[-8.9197,52.6839],[-8.9252,52.6868],[-8.9188,52.6901],[-8.9123,52.6863],[-8.9138,52.6807],[-8.912,52.6856],[-8.912,52.6862],[-8.9132,52.6874],[-8.9113,52.6894],[-8.9002,52.6921],[-8.8951,52.6977],[-8.8892,52.6941],[-8.8861,52.6984],[-8.8737,52.6985],[-8.8703,52.6939],[-8.8628,52.6998],[-8.8567,52.6985],[-8.8579,52.6923],[-8.8519,52.6951],[-8.8445,52.6947],[-8.843,52.6901],[-8.8385,52.69],[-8.835,52.6854],[-8.8313,52.6898],[-8.8262,52.6852],[-8.8227,52.6887],[-8.8087,52.6919],[-8.8094,52.6863],[-8.7945,52.6825],[-8.7891,52.6782],[-8.748,52.6794],[-8.7106,52.674],[-8.7035,52.669],[-8.7026,52.6578],[-8.6963,52.6542],[-8.6799,52.6585],[-8.6551,52.6587],[-8.6271,52.6659],[-8.6442,52.6583],[-8.6802,52.6555],[-8.695,52.6517],[-8.6964,52.6517],[-8.7002,52.6532],[-8.7006,52.6528],[-8.7014,52.6535],[-8.7027,52.653],[-8.7055,52.6563],[-8.7105,52.6702],[-8.7507,52.6745],[-8.7899,52.6636],[-8.7961,52.664],[-8.8027,52.6583],[-8.809,52.6602],[-8.816,52.6697],[-8.8319,52.6701],[-8.8356,52.6725],[-8.8587,52.6677],[-8.8787,52.6698],[-8.8799,52.6674],[-8.8858,52.6679],[-8.8884,52.6609],[-8.8979,52.6592],[-8.9033,52.6626],[-8.9267,52.658],[-8.9287,52.6602],[-8.9349,52.6547],[-8.9498,52.6612],[-8.9574,52.6606],[-8.9673,52.6561],[-8.9658,52.6537],[-8.9725,52.6538],[-8.97,52.6509],[-8.9814,52.6477],[-8.9839,52.6441],[-8.9893,52.6454],[-8.991,52.638],[-8.9992,52.6385],[-8.9941,52.6306],[-8.9902,52.6308],[-8.9885,52.6229],[-8.9827,52.6237],[-8.9907,52.6213],[-8.9965,52.6255],[-9.0003,52.6237],[-9.0062,52.6258],[-9.0069,52.6216],[-9.0008,52.6151],[-9.0032,52.6173],[-9.0085,52.6144],[-9.0102,52.6193],[-9.0207,52.6205],[-9.0251,52.6248],[-9.0238,52.6295],[-9.0275,52.6297],[-9.03,52.6278],[-9.026,52.6224],[-9.0339,52.6232],[-9.0342,52.6184],[-9.0373,52.624],[-9.04,52.6225],[-9.0436,52.6259],[-9.0597,52.6125],[-9.0566,52.6171],[-9.0477,52.6236],[-9.0479,52.6298],[-9.0578,52.6371],[-9.0649,52.6361],[-9.0645,52.6287],[-9.0696,52.6245],[-9.0753,52.6205],[-9.0856,52.6189],[-9.072,52.6048],[-9.065,52.6023],[-9.0617,52.604],[-9.0597,52.5988],[-9.0544,52.5994],[-9.0544,52.5973],[-9.0616,52.5967],[-9.0681,52.6019],[-9.0717,52.597],[-9.0756,52.5967],[-9.0764,52.6005],[-9.07,52.6004],[-9.0693,52.6024],[-9.0897,52.6158],[-9.1108,52.6123],[-9.1144,52.6151],[-9.124,52.6157],[-9.1468,52.6074],[-9.1906,52.6017],[-9.194,52.5949],[-9.1967,52.5985],[-9.2023,52.5975],[-9.2012,52.5945],[-9.213,52.5943],[-9.2067,52.5925],[-9.2308,52.5942],[-9.2576,52.5821],[-9.2835,52.5756],[-9.2851,52.5723],[-9.3043,52.5708],[-9.3405,52.5739],[-9.3654,52.572],[-9.3702,52.5747],[-9.3715,52.5723],[-9.3749,52.5739],[-9.3655,52.5791],[-9.3647,52.5867],[-9.3579,52.5868],[-9.3627,52.5918],[-9.3718,52.5895],[-9.3725,52.5917],[-9.3755,52.5911],[-9.3768,52.5904],[-9.3654,52.5875],[-9.3741,52.5883],[-9.4066,52.5792],[-9.4211,52.5807],[-9.4306,52.5847],[-9.4459,52.5808],[-9.452,52.5816],[-9.4662,52.57],[-9.4811,52.5666],[-9.4722,52.5653],[-9.4663,52.5602],[-9.4763,52.5574],[-9.4733,52.5534],[-9.4762,52.5478],[-9.4825,52.5489],[-9.4777,52.5525],[-9.479,52.5579],[-9.4675,52.56],[-9.474,52.5627],[-9.4836,52.5603],[-9.494,52.5701],[-9.5051,52.5711],[-9.4963,52.5723],[-9.486,52.5686],[-9.4864,52.5708],[-9.4903,52.5743],[-9.4878,52.5756],[-9.4956,52.5803],[-9.5104,52.5787],[-9.5015,52.5737],[-9.5035,52.5717],[-9.5188,52.5735],[-9.5328,52.5667],[-9.5417,52.5656],[-9.6182,52.581],[-9.6629,52.5622],[-9.6613,52.5565],[-9.678,52.5482],[-9.6786,52.5442],[-9.6681,52.5391],[-9.6736,52.5342],[-9.6701,52.5337],[-9.6711,52.5298],[-9.6778,52.5315],[-9.6822,52.53],[-9.6732,52.5267],[-9.6841,52.5229],[-9.6765,52.5193],[-9.6804,52.5168],[-9.6761,52.5143],[-9.6814,52.5093],[-9.6823,52.4924],[-9.6936,52.4805],[-9.71,52.4812],[-9.7176,52.4761],[-9.7312,52.4738],[-9.7314,52.4709],[-9.7459,52.4693],[-9.7511,52.4574],[-9.7701,52.4484],[-9.78,52.4503],[-9.7824,52.4459],[-9.7961,52.446],[-9.8028,52.4408],[-9.81,52.4412],[-9.821,52.4364],[-9.8257,52.4375],[-9.8262,52.434],[-9.8439,52.4335],[-9.8637,52.4269],[-9.8746,52.4319],[-9.8827,52.429],[-9.8869,52.4325],[-9.8935,52.4308],[-9.8987,52.4331],[-9.9008,52.4311],[-9.9069,52.4339],[-9.9084,52.4309],[-9.9191,52.431],[-9.9279,52.4259],[-9.9331,52.4279],[-9.9367,52.4233],[-9.9453,52.4208],[-9.9425,52.4167],[-9.9479,52.4125],[-9.9431,52.4056],[-9.918,52.4],[-9.9144,52.3964],[-9.9014,52.3971],[-9.872,52.3917],[-9.8544,52.3923],[-9.8361,52.389],[-9.8324,52.3761],[-9.8412,52.3593],[-9.8373,52.3587],[-9.8361,52.3369],[-9.8495,52.311],[-9.8462,52.3084],[-9.8424,52.32],[-9.8315,52.3241],[-9.8241,52.3198],[-9.8281,52.3165],[-9.8253,52.3119],[-9.8302,52.311],[-9.8338,52.3145],[-9.8431,52.3133],[-9.8418,52.3072],[-9.8534,52.3096],[-9.8693,52.3029],[-9.8645,52.2974],[-9.8295,52.3014],[-9.8382,52.2914],[-9.8595,52.2894],[-9.8608,52.2837],[-9.8705,52.2802],[-9.8741,52.2872],[-9.8642,52.2902],[-9.8631,52.2948],[-9.8706,52.2956],[-9.8767,52.3029],[-9.8852,52.302],[-9.8903,52.2964],[-9.8734,52.2837],[-9.8752,52.2741],[-9.8684,52.2759],[-9.8643,52.2738],[-9.851,52.2803],[-9.839,52.2763],[-9.8257,52.2769],[-9.8162,52.2729],[-9.8036,52.2718],[-9.7757,52.2751],[-9.7665,52.2697],[-9.7535,52.2681],[-9.7496,52.2621],[-9.7535,52.2616],[-9.747,52.2594],[-9.7355,52.258],[-9.7215,52.2597],[-9.7226,52.2621],[-9.7209,52.2603],[-9.7216,52.259],[-9.7544,52.2546],[-9.759,52.2573],[-9.7614,52.2556],[-9.7571,52.2523],[-9.764,52.249],[-9.7822,52.2526],[-9.805,52.244],[-9.8245,52.2428],[-9.8393,52.2496],[-9.8248,52.2555],[-9.8098,52.2565],[-9.8131,52.2585],[-9.8108,52.26],[-9.8253,52.2589],[-9.8284,52.2614],[-9.8537,52.2398],[-9.8632,52.2358],[-9.9022,52.2288],[-9.9125,52.2291],[-9.9234,52.234],[-9.9331,52.2317],[-9.9565,52.2327],[-9.9742,52.2395],[-9.9808,52.246],[-9.9964,52.249],[-10.0052,52.2534],[-10.0055,52.2503],[-10.0057,52.2538],[-10.0038,52.2543],[-9.9962,52.2494],[-10.0267,52.2707],[-10.0248,52.2805],[-10.0148,52.2815],[-10.0133,52.2841],[-10.0181,52.3011],[-10.0048,52.3095],[-10.0163,52.3167],[-10.0158,52.3085],[-10.0261,52.3043],[-10.0354,52.3068],[-10.0332,52.3122],[-10.0385,52.3092],[-10.0584,52.3098],[-10.061,52.3051],[-10.0551,52.3068],[-10.0502,52.3028],[-10.0421,52.3037],[-10.0342,52.2968],[-10.0328,52.2837],[-10.0483,52.2683],[-10.0855,52.2481],[-10.1152,52.2436],[-10.1408,52.2458],[-10.1437,52.2424],[-10.1391,52.2439],[-10.1305,52.2412],[-10.14,52.2357],[-10.1519,52.2399],[-10.172,52.2357],[-10.1773,52.23],[-10.1825,52.2308],[-10.18,52.2371],[-10.1602,52.2469],[-10.1593,52.2522],[-10.1459,52.262],[-10.1617,52.2648],[-10.1553,52.2755],[-10.1597,52.279],[-10.1569,52.2878],[-10.1764,52.2916],[-10.2098,52.2814],[-10.2098,52.2727],[-10.2156,52.272],[-10.2279,52.2774],[-10.243,52.2757],[-10.2615,52.2701],[-10.2674,52.2603],[-10.2941,52.2578],[-10.2957,52.2491],[-10.3036,52.2449],[-10.306,52.2393],[-10.311,52.241],[-10.3108,52.237],[-10.3145,52.2413],[-10.3317,52.2343],[-10.3401,52.2386],[-10.3466,52.2321],[-10.3511,52.2347],[-10.354,52.233],[-10.3567,52.2366],[-10.3636,52.2335],[-10.3726,52.2248],[-10.374,52.2172],[-10.3567,52.2182],[-10.354,52.2163],[-10.3614,52.2075],[-10.3797,52.197],[-10.379,52.1906],[-10.3642,52.1845],[-10.3731,52.1749],[-10.3801,52.1734],[-10.386,52.1819],[-10.3891,52.1785],[-10.4024,52.1791],[-10.4159,52.1848],[-10.4102,52.1878],[-10.4148,52.1902],[-10.4148,52.1947],[-10.4039,52.2039],[-10.4077,52.2091],[-10.4141,52.2037],[-10.4218,52.2037],[-10.4322,52.1991],[-10.4344,52.194],[-10.4483,52.1922],[-10.4725,52.1808],[-10.4725,52.1775],[-10.454,52.1786],[-10.4571,52.1761],[-10.4531,52.1772],[-10.4567,52.1754],[-10.4535,52.1755],[-10.4618,52.1721],[-10.4454,52.1766],[-10.4398,52.1738],[-10.4418,52.1713],[-10.4494,52.1721],[-10.4562,52.1632],[-10.4619,52.1624],[-10.4598,52.1611],[-10.4656,52.1576],[-10.4598,52.156],[-10.4671,52.1511],[-10.4785,52.1512],[-10.4659,52.1442],[-10.4698,52.1322],[-10.4588,52.123],[-10.4651,52.1136],[-10.474,52.113],[-10.4799,52.1086],[-10.4599,52.1079],[-10.4563,52.1058],[-10.4568,52.0981],[-10.4513,52.0968],[-10.4299,52.1005],[-10.4239,52.0986],[-10.387,52.1079],[-10.3775,52.1049],[-10.3719,52.1085],[-10.3677,52.1053],[-10.3561,52.1051],[-10.3486,52.1101],[-10.3593,52.1109],[-10.3647,52.1159],[-10.3729,52.1144],[-10.3794,52.1181],[-10.3704,52.1307],[-10.3624,52.1329],[-10.3381,52.1254],[-10.3367,52.1212],[-10.3269,52.122],[-10.3292,52.1201],[-10.3242,52.1132],[-10.3183,52.1155],[-10.3047,52.1149],[-10.291,52.1106],[-10.284,52.1139],[-10.2645,52.1144],[-10.2608,52.1193],[-10.267,52.1235],[-10.3119,52.1284],[-10.3006,52.1364],[-10.2949,52.1343],[-10.287,52.1367],[-10.2881,52.1423],[-10.2769,52.1364],[-10.278,52.1389],[-10.272,52.1384],[-10.2749,52.1351],[-10.2669,52.1329],[-10.2614,52.1281],[-10.2627,52.1239],[-10.2586,52.1212],[-10.2507,52.1214],[-10.2485,52.1164],[-10.237,52.1196],[-10.2219,52.118],[-10.2219,52.1212],[-10.2136,52.1262],[-10.2146,52.1313],[-10.2215,52.1317],[-10.2253,52.1358],[-10.2045,52.1363],[-10.2035,52.1347],[-10.2111,52.132],[-10.2125,52.1265],[-10.2156,52.122],[-10.2054,52.1203],[-10.204,52.1124],[-10.1946,52.1126],[-10.1999,52.1087],[-10.1953,52.1076],[-10.1652,52.1166],[-10.1591,52.1215],[-10.1408,52.1188],[-10.1484,52.1127],[-10.1375,52.1122],[-10.116,52.1184],[-10.1092,52.1264],[-10.0957,52.123],[-10.0502,52.1364],[-10.0406,52.1355],[-9.9869,52.1434],[-9.9813,52.1416],[-9.9592,52.1144],[-9.9355,52.1062],[-9.9293,52.109],[-9.9463,52.1204],[-9.9433,52.1274],[-9.9511,52.1311],[-9.9512,52.1345],[-9.9618,52.1358],[-9.9698,52.1422],[-9.9572,52.1428],[-9.951,52.1466],[-9.9229,52.1481],[-9.8998,52.1538],[-9.8889,52.1531],[-9.8832,52.1565],[-9.8704,52.1554],[-9.8648,52.1596],[-9.8402,52.1571],[-9.821,52.1607],[-9.8172,52.1592],[-9.8193,52.1555],[-9.8131,52.1535],[-9.8004,52.163],[-9.8023,52.1601],[-9.7972,52.1613],[-9.7966,52.1577],[-9.7998,52.16],[-9.7975,52.1575],[-9.7937,52.1574],[-9.7919,52.1519],[-9.78,52.1518],[-9.7603,52.1598],[-9.7503,52.1545],[-9.755,52.1511],[-9.7525,52.1471],[-9.7459,52.1488],[-9.7455,52.1527],[-9.7366,52.1529],[-9.7404,52.1566],[-9.7353,52.1598],[-9.7148,52.1662],[-9.7012,52.167],[-9.7102,52.165],[-9.7143,52.166],[-9.7213,52.1622],[-9.7366,52.1589],[-9.7398,52.1567],[-9.7359,52.1537],[-9.7361,52.1526],[-9.7413,52.1516],[-9.7455,52.1521],[-9.7452,52.1486],[-9.7509,52.1469],[-9.7549,52.147],[-9.7563,52.1509],[-9.7518,52.1552],[-9.758,52.1575],[-9.7711,52.1495],[-9.786,52.1501],[-9.7879,52.1467],[-9.7962,52.146],[-9.799,52.1428],[-9.7983,52.1373],[-9.7896,52.1346],[-9.7946,52.1306],[-9.8036,52.1294],[-9.8121,52.1323],[-9.8159,52.1302],[-9.8111,52.1299],[-9.8173,52.1277],[-9.8172,52.1294],[-9.8205,52.1256],[-9.8337,52.1241],[-9.8362,52.126],[-9.8481,52.1207],[-9.8454,52.1197],[-9.8495,52.1169],[-9.8401,52.1137],[-9.8499,52.1147],[-9.8477,52.1124],[-9.8551,52.1171],[-9.8505,52.1188],[-9.853,52.1186],[-9.8575,52.1157],[-9.8562,52.1182],[-9.8606,52.1189],[-9.8609,52.1149],[-9.8895,52.1106],[-9.8951,52.1203],[-9.8904,52.1332],[-9.8955,52.1335],[-9.8937,52.136],[-9.899,52.139],[-9.8996,52.1217],[-9.9094,52.102],[-9.9257,52.0949],[-9.9355,52.0847],[-9.9298,52.0814],[-9.9296,52.0747],[-9.9244,52.0777],[-9.9205,52.0757],[-9.9255,52.0723],[-9.9158,52.0691],[-9.9164,52.0671],[-9.9045,52.0691],[-9.915,52.066],[-9.9239,52.0689],[-9.925,52.0652],[-9.9336,52.0698],[-9.9346,52.0787],[-9.9486,52.0718],[-9.9516,52.0656],[-9.9747,52.0556],[-9.9745,52.0562],[-9.9697,52.0586],[-9.9686,52.06],[-9.9713,52.0649],[-9.9652,52.0715],[-9.9684,52.0816],[-9.9788,52.0523],[-10.031,52.0366],[-10.0662,52.04],[-10.0703,52.0367],[-10.0926,52.0326],[-10.1011,52.0247],[-10.1063,52.0256],[-10.1077,52.0295],[-10.1192,52.0252],[-10.1244,52.0267],[-10.1302,52.0248],[-10.1315,52.0294],[-10.1423,52.0259],[-10.1456,52.0218],[-10.15,52.024],[-10.1615,52.0147],[-10.1901,52.0102],[-10.2063,52.0029],[-10.2131,51.9885],[-10.2236,51.9931],[-10.2244,51.9965],[-10.2302,51.9932],[-10.2401,51.9935],[-10.2546,51.9891],[-10.2572,51.9916],[-10.2664,51.9795],[-10.2682,51.9718],[-10.2644,51.9648],[-10.2674,51.9672],[-10.2739,51.9654],[-10.2799,51.9706],[-10.318,51.9574],[-10.3203,51.9522],[-10.3002,51.9519],[-10.301,51.9497],[-10.2792,51.952],[-10.2774,51.9492],[-10.2838,51.947],[-10.2746,51.9441],[-10.275,51.9388],[-10.2634,51.9423],[-10.2614,51.9502],[-10.2543,51.9458],[-10.2428,51.9501],[-10.2284,51.9501],[-10.2142,51.9594],[-10.1998,51.962],[-10.1929,51.9662],[-10.1842,51.9656],[-10.1834,51.9615],[-10.2018,51.9574],[-10.2042,51.9501],[-10.2111,51.9564],[-10.2263,51.9488],[-10.2426,51.9457],[-10.2468,51.9397],[-10.2783,51.9298],[-10.2783,51.9276],[-10.2533,51.9221],[-10.2519,51.9177],[-10.2534,51.9177],[-10.2532,51.9192],[-10.2572,51.9135],[-10.2488,51.9104],[-10.2535,51.9091],[-10.2506,51.8981],[-10.2544,51.9051],[-10.2657,51.9138],[-10.2704,51.9137],[-10.2792,51.9122],[-10.2841,51.9023],[-10.2946,51.901],[-10.2943,51.896],[-10.2979,51.8949],[-10.3094,51.8981],[-10.323,51.8912],[-10.3386,51.8916],[-10.3505,51.885],[-10.3635,51.8865],[-10.3853,51.8832],[-10.3894,51.8861],[-10.3944,51.8855],[-10.399,51.8764],[-10.3917,51.8786],[-10.3952,51.8766],[-10.3915,51.8773],[-10.3933,51.8721],[-10.3869,51.8722],[-10.3913,51.8685],[-10.386,51.8689],[-10.3928,51.8628],[-10.3836,51.864],[-10.3869,51.8612],[-10.3821,51.8604],[-10.3979,51.8436],[-10.3914,51.8437],[-10.3903,51.8412],[-10.3752,51.8416],[-10.3559,51.8475],[-10.3594,51.8445],[-10.3366,51.8461],[-10.3325,51.8399],[-10.3378,51.8266],[-10.3313,51.8218],[-10.3391,51.8138],[-10.333,51.8048],[-10.3541,51.7976],[-10.3416,51.7887],[-10.3436,51.7837],[-10.3075,51.7948],[-10.2873,51.809],[-10.2892,51.8031],[-10.2731,51.8065],[-10.2714,51.8096],[-10.2749,51.812],[-10.2718,51.8237],[-10.2542,51.8316],[-10.254,51.8379],[-10.2467,51.8435],[-10.2418,51.8439],[-10.2406,51.8417],[-10.2322,51.8452],[-10.2117,51.844],[-10.2036,51.8509],[-10.1963,51.8508],[-10.1975,51.855],[-10.1964,51.8531],[-10.189,51.8575],[-10.1856,51.8531],[-10.19,51.8478],[-10.2063,51.8463],[-10.2072,51.8442],[-10.1735,51.8273],[-10.1788,51.8092],[-10.1716,51.805],[-10.18,51.7989],[-10.1773,51.7938],[-10.1806,51.788],[-10.1885,51.7855],[-10.193,51.7867],[-10.202,51.7813],[-10.2236,51.7831],[-10.2237,51.7777],[-10.2099,51.7745],[-10.2017,51.7785],[-10.1793,51.7659],[-10.1656,51.7678],[-10.1636,51.7628],[-10.1667,51.7615],[-10.1602,51.7621],[-10.151,51.7656],[-10.1457,51.7637],[-10.1434,51.7586],[-10.1345,51.7599],[-10.1332,51.7578],[-10.1276,51.7602],[-10.1214,51.7563],[-10.1215,51.7638],[-10.1127,51.7638],[-10.1124,51.7608],[-10.133,51.7485],[-10.1361,51.743],[-10.1406,51.7428],[-10.1297,51.7373],[-10.1222,51.7458],[-10.0998,51.749],[-10.1044,51.7522],[-10.1004,51.756],[-10.0813,51.756],[-10.0799,51.7603],[-10.0673,51.7585],[-10.0548,51.7618],[-10.0531,51.7678],[-10.0668,51.7668],[-10.0547,51.7719],[-10.0535,51.77],[-10.0513,51.7737],[-10.0446,51.7705],[-10.0351,51.7775],[-10.0335,51.7736],[-10.0121,51.7712],[-9.993,51.7815],[-9.9919,51.7852],[-9.9794,51.7862],[-9.9766,51.7911],[-9.9749,51.7883],[-9.9702,51.7888],[-9.9495,51.801],[-9.937,51.8002],[-9.9283,51.8052],[-9.9081,51.8042],[-9.9014,51.8098],[-9.9017,51.8204],[-9.9063,51.8197],[-9.9046,51.8237],[-9.9104,51.8293],[-9.9027,51.837],[-9.904,51.8332],[-9.9,51.8334],[-9.9045,51.8254],[-9.898,51.8277],[-9.9013,51.8231],[-9.8945,51.8239],[-9.9009,51.8163],[-9.8971,51.8127],[-9.8916,51.8165],[-9.8899,51.8142],[-9.8853,51.8161],[-9.8783,51.8218],[-9.8792,51.8139],[-9.872,51.816],[-9.8741,51.8139],[-9.8694,51.8134],[-9.8574,51.8167],[-9.8621,51.8089],[-9.8541,51.8075],[-9.8301,51.8153],[-9.8326,51.8166],[-9.8275,51.8233],[-9.8389,51.8201],[-9.8385,51.8149],[-9.846,51.8124],[-9.8387,51.8172],[-9.8428,51.8164],[-9.8414,51.8191],[-9.8293,51.8256],[-9.8071,51.8323],[-9.8058,51.8324],[-9.8116,51.8288],[-9.7907,51.8328],[-9.7742,51.8413],[-9.7523,51.8455],[-9.744,51.8551],[-9.7446,51.8499],[-9.741,51.8488],[-9.7308,51.8529],[-9.6765,51.8628],[-9.6788,51.8652],[-9.6531,51.8712],[-9.6522,51.8679],[-9.6357,51.8718],[-9.635,51.871],[-9.6379,51.8699],[-9.6309,51.8701],[-9.6334,51.8685],[-9.6296,51.8663],[-9.6098,51.8693],[-9.6095,51.8718],[-9.6047,51.8709],[-9.598,51.8739],[-9.5891,51.8721],[-9.5857,51.8741],[-9.5823,51.8714],[-9.5809,51.8762],[-9.5708,51.8773],[-9.578,51.8774],[-9.573,51.88],[-9.5482,51.8849],[-9.5554,51.8829],[-9.553,51.8816],[-9.562,51.8743],[-9.6033,51.8655],[-9.6232,51.8583],[-9.6331,51.8514],[-9.6437,51.8495],[-9.6407,51.8477],[-9.645,51.8446],[-9.7169,51.8398],[-9.7318,51.8333],[-9.7294,51.8356],[-9.7337,51.8348],[-9.7429,51.8288],[-9.7398,51.8239],[-9.7445,51.8212],[-9.7789,51.8085],[-9.7794,51.7997],[-9.7745,51.7997],[-9.7769,51.7978],[-9.7891,51.7985],[-9.8237,51.7859],[-9.8248,51.7838],[-9.8189,51.779],[-9.8067,51.7806],[-9.805,51.7756],[-9.7941,51.7772],[-9.7964,51.7747],[-9.7903,51.7754],[-9.785,51.7738],[-9.7866,51.772],[-9.7807,51.7718],[-9.7879,51.7703],[-9.784,51.7656],[-9.776,51.7656],[-9.7799,51.765],[-9.7808,51.7562],[-9.7865,51.7583],[-9.7823,51.7648],[-9.8045,51.7609],[-9.7932,51.7672],[-9.8035,51.768],[-9.821,51.7624],[-9.8211,51.7658],[-9.8159,51.7653],[-9.8101,51.7696],[-9.8458,51.7655],[-9.8341,51.7714],[-9.8349,51.7745],[-9.841,51.7751],[-9.8405,51.7778],[-9.8479,51.7775],[-9.8543,51.7714],[-9.8495,51.7698],[-9.8558,51.7665],[-9.8555,51.7635],[-9.8514,51.7636],[-9.853,51.7602],[-9.8463,51.7583],[-9.8614,51.749],[-9.8758,51.7469],[-9.8816,51.7408],[-9.8892,51.7417],[-9.8972,51.739],[-9.8954,51.7402],[-9.8941,51.7403],[-9.8929,51.7414],[-9.8896,51.7421],[-9.883,51.7472],[-9.8786,51.758],[-9.8699,51.7572],[-9.8713,51.7582],[-9.8791,51.7588],[-9.8831,51.7604],[-9.8833,51.7637],[-9.9026,51.7547],[-9.9059,51.7501],[-9.9156,51.7476],[-9.9152,51.7507],[-9.9196,51.7487],[-9.9186,51.7466],[-9.9314,51.7436],[-9.9235,51.7432],[-9.9298,51.7402],[-9.9395,51.7388],[-9.9433,51.7417],[-9.9663,51.7335],[-9.9735,51.7358],[-9.9818,51.7325],[-9.979,51.7327],[-9.9806,51.7298],[-10.0065,51.7159],[-9.9827,51.7151],[-9.9835,51.7108],[-9.9699,51.7141],[-9.9617,51.713],[-9.9577,51.7171],[-9.9448,51.7149],[-9.9512,51.7135],[-9.9482,51.7121],[-9.9532,51.708],[-9.9581,51.7085],[-9.9645,51.7046],[-9.9635,51.7003],[-9.9723,51.6952],[-9.9669,51.6929],[-9.9751,51.6887],[-9.9696,51.6884],[-9.9717,51.6852],[-9.9845,51.6821],[-9.9974,51.6852],[-10.0044,51.678],[-9.9977,51.6759],[-10.0052,51.6766],[-10.0176,51.6717],[-10.0306,51.6784],[-10.0561,51.6679],[-10.0709,51.673],[-10.0719,51.6769],[-10.0774,51.6711],[-10.0922,51.6738],[-10.0972,51.6706],[-10.0962,51.6673],[-10.1052,51.6655],[-10.106,51.6635],[-10.1,51.6639],[-10.1014,51.6617],[-10.0971,51.6624],[-10.1007,51.6591],[-10.0845,51.6606],[-10.0818,51.6569],[-10.0751,51.6582],[-10.0791,51.655],[-10.0713,51.6511],[-10.0678,51.6542],[-10.0576,51.6541],[-10.0562,51.6484],[-10.063,51.6444],[-10.0591,51.6407],[-10.0697,51.6343],[-10.0584,51.6325],[-10.0641,51.6275],[-10.0622,51.6251],[-10.0763,51.6198],[-10.0903,51.6243],[-10.0961,51.6187],[-10.106,51.6188],[-10.1191,51.6131],[-10.12,51.6148],[-10.1307,51.6133],[-10.1337,51.6192],[-10.1426,51.6209],[-10.1476,51.6151],[-10.1582,51.6135],[-10.1561,51.6096],[-10.1409,51.6058],[-10.1448,51.6025],[-10.1429,51.5968],[-10.1499,51.596],[-10.1556,51.5913],[-10.1613,51.5816],[-10.153,51.5841],[-10.1417,51.5948],[-10.1251,51.5966],[-10.1208,51.6024],[-10.1097,51.6014],[-10.1068,51.5974],[-10.0916,51.6014],[-10.0828,51.5991],[-10.0711,51.6049],[-10.0609,51.6011],[-10.0564,51.6037],[-10.0522,51.6019],[-10.0457,51.6037],[-10.0417,51.6011],[-10.0522,51.5969],[-10.0542,51.5928],[-10.0349,51.5977],[-10.0481,51.5912],[-10.0389,51.5888],[-10.0285,51.5955],[-10.0219,51.5944],[-10.0046,51.5995],[-9.9997,51.6042],[-9.9914,51.6057],[-9.9849,51.6125],[-9.9797,51.6116],[-9.9695,51.6164],[-9.9653,51.6214],[-9.9649,51.615],[-9.9399,51.6169],[-9.9377,51.6141],[-9.9315,51.6203],[-9.9251,51.6212],[-9.9241,51.624],[-9.9296,51.6275],[-9.923,51.6335],[-9.9297,51.6341],[-9.9265,51.6363],[-9.9354,51.6343],[-9.9396,51.6364],[-9.9289,51.6364],[-9.9218,51.6406],[-9.9175,51.6395],[-9.9221,51.6383],[-9.9203,51.6368],[-9.9154,51.6377],[-9.9159,51.6419],[-9.909,51.6485],[-9.9148,51.649],[-9.9043,51.6547],[-9.9027,51.651],[-9.8968,51.6523],[-9.8806,51.6494],[-9.8659,51.6567],[-9.8608,51.6525],[-9.8548,51.6558],[-9.8485,51.6534],[-9.8369,51.6588],[-9.8204,51.6595],[-9.8133,51.6544],[-9.8003,51.6558],[-9.8003,51.6583],[-9.7908,51.6593],[-9.7941,51.6606],[-9.7783,51.659],[-9.7736,51.6622],[-9.7627,51.6622],[-9.7466,51.671],[-9.7463,51.6684],[-9.7379,51.6705],[-9.7386,51.6674],[-9.7316,51.6667],[-9.7243,51.675],[-9.7264,51.6808],[-9.7334,51.6824],[-9.7299,51.6846],[-9.7361,51.6854],[-9.7265,51.6924],[-9.7145,51.6816],[-9.7201,51.6779],[-9.7182,51.6763],[-9.7066,51.676],[-9.7031,51.6791],[-9.6831,51.6766],[-9.6678,51.6836],[-9.6744,51.6761],[-9.6683,51.6748],[-9.6761,51.67],[-9.6456,51.6743],[-9.6341,51.68],[-9.623,51.681],[-9.6145,51.6885],[-9.5968,51.6926],[-9.595,51.6975],[-9.5842,51.701],[-9.5815,51.7094],[-9.5726,51.7072],[-9.5726,51.705],[-9.5591,51.7129],[-9.5492,51.7127],[-9.5499,51.7188],[-9.5426,51.7218],[-9.5541,51.7298],[-9.5483,51.735],[-9.5591,51.7331],[-9.5522,51.7381],[-9.5557,51.7388],[-9.5447,51.7404],[-9.5507,51.7441],[-9.549,51.7458],[-9.5544,51.7469],[-9.5419,51.7492],[-9.5384,51.7525],[-9.5382,51.7498],[-9.5313,51.7488],[-9.5343,51.7454],[-9.5272,51.7446],[-9.5296,51.7358],[-9.5266,51.7346],[-9.5323,51.73],[-9.5045,51.7251],[-9.5057,51.7181],[-9.5018,51.7164],[-9.4915,51.7187],[-9.4903,51.7139],[-9.4694,51.721],[-9.4489,51.7363],[-9.4488,51.7339],[-9.4521,51.7317],[-9.451,51.7308],[-9.4547,51.728],[-9.4492,51.7263],[-9.4629,51.7157],[-9.46,51.7151],[-9.4496,51.7194],[-9.4467,51.7186],[-9.4394,51.7232],[-9.4384,51.7205],[-9.4452,51.7192],[-9.4561,51.7084],[-9.4538,51.7034],[-9.4398,51.7093],[-9.4604,51.6981],[-9.4578,51.6959],[-9.4521,51.698],[-9.4474,51.6934],[-9.4407,51.6947],[-9.452,51.6895],[-9.4592,51.6895],[-9.4554,51.6869],[-9.4613,51.6812],[-9.4552,51.6806],[-9.4711,51.6773],[-9.4863,51.6787],[-9.4931,51.6726],[-9.5081,51.6693],[-9.5093,51.6635],[-9.5633,51.6527],[-9.5634,51.655],[-9.5685,51.6542],[-9.5762,51.6504],[-9.5707,51.6521],[-9.5737,51.6498],[-9.5687,51.6502],[-9.5855,51.6458],[-9.5813,51.6456],[-9.5997,51.642],[-9.6335,51.6299],[-9.6598,51.6269],[-9.6875,51.6145],[-9.7015,51.6129],[-9.6986,51.612],[-9.7157,51.6051],[-9.719,51.6007],[-9.741,51.5957],[-9.7415,51.5936],[-9.7477,51.5939],[-9.77,51.5824],[-9.7846,51.5797],[-9.7844,51.5761],[-9.7919,51.5739],[-9.7858,51.5716],[-9.7911,51.5669],[-9.8065,51.5636],[-9.8152,51.5569],[-9.8486,51.5437],[-9.8516,51.5409],[-9.8377,51.5402],[-9.8234,51.5435],[-9.8155,51.5419],[-9.7939,51.5509],[-9.7746,51.5502],[-9.7604,51.5596],[-9.7551,51.5576],[-9.7373,51.5637],[-9.7326,51.5632],[-9.7358,51.5594],[-9.7305,51.5596],[-9.7274,51.5612],[-9.7308,51.5649],[-9.7248,51.5698],[-9.6972,51.5727],[-9.6914,51.58],[-9.6878,51.5788],[-9.69,51.5773],[-9.6836,51.5768],[-9.676,51.5828],[-9.6603,51.5845],[-9.6617,51.581],[-9.6544,51.5834],[-9.6516,51.5875],[-9.6387,51.5922],[-9.6349,51.5969],[-9.6392,51.5971],[-9.6341,51.6],[-9.6249,51.5989],[-9.6218,51.5956],[-9.6153,51.5981],[-9.6215,51.5978],[-9.6169,51.6005],[-9.6051,51.6004],[-9.6044,51.6061],[-9.5843,51.6115],[-9.5799,51.6098],[-9.5669,51.6128],[-9.5603,51.6111],[-9.5635,51.6086],[-9.5607,51.609],[-9.5487,51.6175],[-9.5255,51.6197],[-9.5439,51.6146],[-9.5332,51.61],[-9.5417,51.6079],[-9.539,51.6052],[-9.5582,51.6004],[-9.554,51.6023],[-9.5602,51.6048],[-9.5746,51.6007],[-9.585,51.595],[-9.5828,51.5883],[-9.5882,51.589],[-9.603,51.5819],[-9.6212,51.5782],[-9.6149,51.5744],[-9.6195,51.5716],[-9.6449,51.5667],[-9.6484,51.5604],[-9.6453,51.5527],[-9.6524,51.5521],[-9.6633,51.5449],[-9.6602,51.5427],[-9.6535,51.5441],[-9.6536,51.5423],[-9.6646,51.5399],[-9.6663,51.5447],[-9.6692,51.5445],[-9.692,51.5298],[-9.7101,51.5256],[-9.711,51.5281],[-9.7217,51.5251],[-9.7361,51.5266],[-9.7332,51.5254],[-9.742,51.5211],[-9.7508,51.5228],[-9.76,51.5156],[-9.7727,51.512],[-9.7766,51.5084],[-9.7736,51.5062],[-9.7876,51.501],[-9.7867,51.4988],[-9.837,51.4829],[-9.84,51.4809],[-9.8301,51.4817],[-9.8326,51.478],[-9.8186,51.4787],[-9.8157,51.4756],[-9.807,51.4747],[-9.8184,51.4626],[-9.8197,51.4593],[-9.8148,51.4591],[-9.82,51.4564],[-9.8173,51.4573],[-9.8179,51.4536],[-9.8148,51.4533],[-9.8215,51.4491],[-9.8165,51.4514],[-9.8088,51.4507],[-9.8099,51.4481],[-9.7953,51.4505],[-9.7856,51.4572],[-9.78,51.4689],[-9.772,51.4692],[-9.7778,51.4716],[-9.7777,51.4744],[-9.7638,51.4803],[-9.7592,51.4791],[-9.7733,51.4758],[-9.7771,51.4721],[-9.7707,51.4703],[-9.7726,51.4644],[-9.7623,51.4635],[-9.76,51.4611],[-9.7749,51.4523],[-9.7695,51.4529],[-9.7719,51.4475],[-9.758,51.4521],[-9.7505,51.459],[-9.7466,51.4592],[-9.7466,51.4566],[-9.7411,51.4576],[-9.7438,51.4618],[-9.73,51.4616],[-9.7198,51.4676],[-9.7015,51.4699],[-9.7002,51.472],[-9.7186,51.4708],[-9.7427,51.4627],[-9.7516,51.4637],[-9.74,51.4672],[-9.739,51.4706],[-9.7143,51.4781],[-9.7112,51.4781],[-9.7131,51.4759],[-9.7204,51.473],[-9.7041,51.4764],[-9.7028,51.479],[-9.7095,51.4796],[-9.7005,51.4843],[-9.7061,51.4845],[-9.7038,51.4932],[-9.7097,51.4957],[-9.6988,51.495],[-9.6813,51.5036],[-9.6719,51.5033],[-9.6701,51.5066],[-9.6669,51.506],[-9.6697,51.5],[-9.6632,51.4996],[-9.6561,51.5104],[-9.662,51.5116],[-9.6644,51.5177],[-9.6567,51.5164],[-9.6596,51.5142],[-9.6507,51.5142],[-9.6491,51.5198],[-9.6435,51.5208],[-9.6463,51.5142],[-9.6439,51.511],[-9.6332,51.5122],[-9.6362,51.5048],[-9.6299,51.5029],[-9.6304,51.4985],[-9.618,51.4983],[-9.6326,51.4919],[-9.6151,51.4918],[-9.5853,51.4974],[-9.5841,51.5006],[-9.5931,51.5026],[-9.6116,51.4991],[-9.5908,51.5049],[-9.5872,51.5167],[-9.5831,51.5127],[-9.5895,51.5049],[-9.5851,51.5034],[-9.5786,51.5063],[-9.5734,51.5034],[-9.5472,51.5088],[-9.5412,51.5132],[-9.5445,51.5251],[-9.5355,51.5302],[-9.532,51.5275],[-9.5285,51.5307],[-9.5254,51.5293],[-9.5298,51.513],[-9.5262,51.5139],[-9.5181,51.5182],[-9.5022,51.518],[-9.4989,51.522],[-9.4885,51.5242],[-9.4759,51.5229],[-9.4718,51.5274],[-9.4767,51.5302],[-9.4677,51.531],[-9.4697,51.5272],[-9.4648,51.5239],[-9.4552,51.5251],[-9.4377,51.5345],[-9.4387,51.5389],[-9.4343,51.5419],[-9.4357,51.5439],[-9.4474,51.5427],[-9.4422,51.5496],[-9.4502,51.5535],[-9.4545,51.5515],[-9.4496,51.556],[-9.4581,51.5581],[-9.4582,51.5632],[-9.4488,51.5592],[-9.4462,51.5529],[-9.4354,51.5527],[-9.4292,51.5434],[-9.4243,51.5444],[-9.4259,51.5514],[-9.4135,51.5526],[-9.4143,51.5469],[-9.4194,51.5448],[-9.4137,51.5399],[-9.406,51.5443],[-9.4023,51.5424],[-9.3933,51.5519],[-9.3919,51.544],[-9.3975,51.5391],[-9.3947,51.5361],[-9.406,51.5222],[-9.4312,51.5107],[-9.426,51.5104],[-9.4295,51.506],[-9.4245,51.5038],[-9.4122,51.5154],[-9.4094,51.5131],[-9.4144,51.5113],[-9.4183,51.5001],[-9.413,51.4961],[-9.4034,51.4976],[-9.4028,51.503],[-9.3969,51.5064],[-9.3722,51.5133],[-9.3727,51.5238],[-9.3681,51.5276],[-9.3596,51.528],[-9.3537,51.5315],[-9.354,51.5296],[-9.3454,51.5288],[-9.3363,51.5305],[-9.3278,51.5372],[-9.3219,51.5346],[-9.3233,51.5456],[-9.2854,51.5517],[-9.3203,51.5447],[-9.3192,51.5334],[-9.3297,51.5322],[-9.338,51.5215],[-9.3495,51.5162],[-9.3505,51.5123],[-9.3546,51.5137],[-9.3497,51.509],[-9.3579,51.4964],[-9.3526,51.4923],[-9.3575,51.486],[-9.3718,51.4882],[-9.3768,51.4795],[-9.3846,51.4798],[-9.3827,51.4779],[-9.389,51.4746],[-9.3866,51.4725],[-9.3809,51.4755],[-9.3802,51.4694],[-9.367,51.4697],[-9.3631,51.4746],[-9.3628,51.4702],[-9.3503,51.4715],[-9.3488,51.4682],[-9.3446,51.4682],[-9.3426,51.4714],[-9.3207,51.4785],[-9.3086,51.4862],[-9.303,51.4858],[-9.2916,51.4904],[-9.2966,51.4943],[-9.2958,51.4987],[-9.2933,51.4953],[-9.2855,51.4983],[-9.2869,51.4945],[-9.2815,51.4956],[-9.2776,51.4932],[-9.2754,51.4968],[-9.2787,51.4979],[-9.2656,51.5026],[-9.2673,51.4946],[-9.2642,51.4953],[-9.2711,51.4895],[-9.2649,51.4884],[-9.2705,51.4873],[-9.2717,51.484],[-9.2511,51.4927],[-9.2405,51.4923],[-9.2365,51.4968],[-9.2363,51.4923],[-9.2309,51.4915],[-9.2429,51.4824],[-9.2349,51.4836],[-9.2287,51.4808],[-9.2214,51.4862],[-9.2093,51.4873],[-9.2163,51.4979],[-9.2054,51.5079],[-9.1892,51.5074],[-9.1909,51.511],[-9.1832,51.5154],[-9.1882,51.5197],[-9.1693,51.5299],[-9.1691,51.5462],[-9.1791,51.5468],[-9.171,51.5522],[-9.1703,51.5522],[-9.1713,51.5506],[-9.1701,51.5506],[-9.1714,51.5493],[-9.1661,51.5492],[-9.1634,51.5346],[-9.1651,51.5319],[-9.1682,51.5331],[-9.1654,51.5295],[-9.1751,51.516],[-9.1554,51.5205],[-9.157,51.5242],[-9.1619,51.5247],[-9.1596,51.5281],[-9.1392,51.5306],[-9.1536,51.5257],[-9.148,51.5209],[-9.1362,51.5268],[-9.1306,51.5267],[-9.1363,51.5315],[-9.1199,51.5357],[-9.1238,51.5399],[-9.1178,51.537],[-9.1091,51.5381],[-9.118,51.5463],[-9.1188,51.5492],[-9.1133,51.5524],[-9.1169,51.5561],[-9.1412,51.5598],[-9.1385,51.5694],[-9.1476,51.5717],[-9.1517,51.578],[-9.1449,51.58],[-9.1318,51.5625],[-9.1253,51.5627],[-9.1209,51.5663],[-9.0973,51.5485],[-9.0909,51.5493],[-9.0855,51.546],[-9.0621,51.5516],[-9.0705,51.5568],[-9.0694,51.5602],[-9.0523,51.5514],[-9.0426,51.5554],[-9.0519,51.5618],[-9.0428,51.558],[-9.0377,51.5531],[-9.0288,51.5597],[-9.0143,51.5589],[-9.0119,51.5616],[-9.0218,51.5658],[-9.0298,51.5739],[-9.0216,51.5755],[-9.0185,51.5651],[-9.0121,51.5664],[-9.0071,51.5642],[-8.9995,51.5669],[-8.9567,51.552],[-8.952,51.5346],[-8.9575,51.5309],[-8.9519,51.5295],[-8.95,51.5348],[-8.9424,51.5365],[-8.9399,51.5461],[-8.9262,51.5478],[-8.9247,51.5401],[-8.9179,51.5395],[-8.9056,51.5473],[-8.8987,51.5467],[-8.8988,51.5521],[-8.8894,51.5512],[-8.8899,51.5597],[-8.8959,51.5606],[-8.8954,51.5679],[-8.8917,51.5674],[-8.893,51.5702],[-8.8843,51.5744],[-8.8693,51.576],[-8.8732,51.5797],[-8.8668,51.5921],[-8.8947,51.5965],[-8.8924,51.6041],[-8.8711,51.597],[-8.8716,51.5948],[-8.861,51.5955],[-8.8513,51.6007],[-8.856,51.6079],[-8.8662,51.6072],[-8.8719,51.604],[-8.8763,51.6053],[-8.8752,51.6139],[-8.8802,51.616],[-8.8806,51.6214],[-8.8863,51.6218],[-8.8817,51.6233],[-8.8675,51.6127],[-8.8534,51.6105],[-8.8489,51.6126],[-8.849,51.5928],[-8.8129,51.593],[-8.8071,51.5956],[-8.8058,51.5926],[-8.7928,51.5882],[-8.7886,51.5899],[-8.7812,51.5879],[-8.7756,51.5819],[-8.7626,51.5859],[-8.7599,51.5909],[-8.7642,51.5957],[-8.7555,51.5911],[-8.7564,51.5845],[-8.7513,51.5815],[-8.7586,51.5727],[-8.7518,51.5733],[-8.749,51.5695],[-8.7443,51.5768],[-8.7415,51.5724],[-8.7353,51.5715],[-8.729,51.575],[-8.7125,51.5694],[-8.7063,51.5724],[-8.708,51.5765],[-8.7017,51.576],[-8.697,51.5824],[-8.7056,51.5898],[-8.7045,51.5943],[-8.6991,51.5991],[-8.6905,51.5999],[-8.6908,51.6058],[-8.6764,51.6087],[-8.6919,51.6099],[-8.6856,51.6136],[-8.698,51.614],[-8.7022,51.6179],[-8.7007,51.6214],[-8.6918,51.6222],[-8.6826,51.6363],[-8.6973,51.6361],[-8.7021,51.6331],[-8.7104,51.6359],[-8.7261,51.635],[-8.7551,51.6432],[-8.7634,51.6421],[-8.7686,51.6334],[-8.7684,51.6363],[-8.7665,51.6388],[-8.7705,51.6376],[-8.7577,51.6487],[-8.7616,51.6525],[-8.7603,51.6571],[-8.7742,51.6624],[-8.7709,51.6628],[-8.7613,51.6601],[-8.7591,51.6555],[-8.7608,51.6521],[-8.7581,51.6506],[-8.7571,51.6488],[-8.7617,51.6438],[-8.7284,51.6473],[-8.7116,51.6392],[-8.6974,51.6496],[-8.6932,51.6456],[-8.6806,51.6442],[-8.6786,51.6502],[-8.6718,51.653],[-8.6785,51.6597],[-8.673,51.6661],[-8.6735,51.6625],[-8.676,51.6593],[-8.6647,51.6547],[-8.6695,51.6543],[-8.6699,51.6512],[-8.6592,51.6346],[-8.6439,51.6357],[-8.6426,51.6394],[-8.6386,51.6363],[-8.6275,51.6354],[-8.5799,51.644],[-8.575,51.6403],[-8.5702,51.6414],[-8.5629,51.6385],[-8.5587,51.6265],[-8.5634,51.6236],[-8.5496,51.6222],[-8.5427,51.6182],[-8.5457,51.6104],[-8.5334,51.604],[-8.5282,51.6101],[-8.5305,51.6134],[-8.5384,51.6143],[-8.5407,51.6187],[-8.5384,51.6235],[-8.5279,51.6274],[-8.5413,51.6317],[-8.5387,51.6339],[-8.5518,51.6432],[-8.5301,51.6568],[-8.5325,51.6622],[-8.5197,51.6788],[-8.5253,51.6855],[-8.5329,51.6856],[-8.5264,51.687],[-8.5253,51.6869],[-8.5192,51.6835],[-8.5178,51.6792],[-8.51,51.6781],[-8.5091,51.6823],[-8.5026,51.6846],[-8.5028,51.6871],[-8.5123,51.6908],[-8.5082,51.7001],[-8.5126,51.7008],[-8.5168,51.6945],[-8.5321,51.6897],[-8.5466,51.6966],[-8.5498,51.6954],[-8.5514,51.6999],[-8.5752,51.6895],[-8.5717,51.6931],[-8.5763,51.6953],[-8.599,51.6941],[-8.605,51.7072],[-8.6085,51.7053],[-8.6263,51.7107],[-8.6242,51.7112],[-8.6185,51.71],[-8.6126,51.7067],[-8.6076,51.7078],[-8.6172,51.7199],[-8.616,51.7261],[-8.63,51.7285],[-8.6326,51.7328],[-8.6384,51.7333],[-8.6339,51.7336],[-8.6354,51.7397],[-8.6281,51.7425],[-8.6499,51.7596],[-8.6586,51.7642],[-8.6639,51.7638],[-8.6681,51.7662],[-8.6639,51.7641],[-8.6586,51.7645],[-8.6522,51.7619],[-8.6284,51.7456],[-8.6268,51.7421],[-8.6336,51.7389],[-8.6326,51.7352],[-8.6262,51.7297],[-8.6148,51.728],[-8.6099,51.7185],[-8.5895,51.7167],[-8.5962,51.7154],[-8.6047,51.7164],[-8.5968,51.6993],[-8.594,51.7023],[-8.5921,51.698],[-8.5709,51.6972],[-8.5574,51.7018],[-8.5545,51.705],[-8.5633,51.707],[-8.5676,51.7132],[-8.5574,51.7074],[-8.5541,51.7094],[-8.5558,51.7072],[-8.5467,51.7004],[-8.5387,51.6996],[-8.5294,51.6943],[-8.5175,51.6995],[-8.5218,51.7052],[-8.5079,51.7048],[-8.4917,51.6889],[-8.4907,51.684],[-8.4975,51.6781],[-8.4932,51.6742],[-8.4848,51.677],[-8.4755,51.6743],[-8.4726,51.6802],[-8.4578,51.6827],[-8.4553,51.6871],[-8.4591,51.6867],[-8.4508,51.6929],[-8.4596,51.6964],[-8.4736,51.7107],[-8.4816,51.7095],[-8.4986,51.7196],[-8.5163,51.7214],[-8.5037,51.7213],[-8.498,51.7203],[-8.4937,51.7178],[-8.4885,51.7211],[-8.4928,51.7267],[-8.4836,51.7308],[-8.484,51.7352],[-8.4822,51.7328],[-8.4838,51.7296],[-8.4921,51.7268],[-8.4878,51.7217],[-8.4905,51.7174],[-8.4814,51.7125],[-8.4729,51.7147],[-8.4593,51.7086],[-8.4611,51.7035],[-8.4548,51.6973],[-8.4436,51.7045],[-8.444,51.7167],[-8.4431,51.7166],[-8.442,51.7145],[-8.4427,51.7163],[-8.4382,51.7162],[-8.4422,51.7141],[-8.4382,51.7016],[-8.4471,51.6898],[-8.441,51.6854],[-8.4317,51.6887],[-8.428,51.6875],[-8.4231,51.693],[-8.4275,51.6968],[-8.4186,51.7036],[-8.4083,51.7049],[-8.3901,51.7014],[-8.3924,51.7049],[-8.3858,51.7143],[-8.3589,51.7162],[-8.3548,51.7129],[-8.3533,51.7164],[-8.3399,51.7162],[-8.3376,51.7279],[-8.3288,51.7263],[-8.3319,51.7289],[-8.3299,51.7342],[-8.3204,51.7342],[-8.3167,51.7304],[-8.311,51.7314],[-8.3125,51.7445],[-8.3091,51.7416],[-8.3003,51.7442],[-8.3046,51.7477],[-8.296,51.7577],[-8.3001,51.7623],[-8.2962,51.7671],[-8.3065,51.7716],[-8.3326,51.7626],[-8.3393,51.7649],[-8.3268,51.7668],[-8.3109,51.7754],[-8.2928,51.7796],[-8.294,51.784],[-8.2817,51.7883],[-8.2799,51.795],[-8.2734,51.7982],[-8.2773,51.8052],[-8.2747,51.809],[-8.2868,51.8101],[-8.2953,51.8026],[-8.2979,51.8047],[-8.3219,51.8056],[-8.328,51.8013],[-8.3507,51.8099],[-8.3886,51.8137],[-8.3735,51.8137],[-8.3594,51.8183],[-8.3289,51.8028],[-8.3206,51.8083],[-8.2972,51.8072],[-8.293,51.8106],[-8.2968,51.8131],[-8.3101,51.8126],[-8.3141,51.819],[-8.3231,51.8178],[-8.3254,51.8226],[-8.3189,51.8207],[-8.3105,51.8231],[-8.3083,51.819],[-8.3042,51.8192],[-8.3042,51.8236],[-8.2994,51.8262],[-8.2994,51.8357],[-8.3165,51.8342],[-8.3222,51.837],[-8.3244,51.8309],[-8.3344,51.8371],[-8.3301,51.8392],[-8.3316,51.8391],[-8.3342,51.8382],[-8.3345,51.8371],[-8.3373,51.8369],[-8.3599,51.8377],[-8.3414,51.8407],[-8.3313,51.8496],[-8.331,51.8672],[-8.3459,51.8784],[-8.3809,51.8777],[-8.3833,51.8816],[-8.383,51.8778],[-8.4,51.8802],[-8.3995,51.8773],[-8.4076,51.8768],[-8.4074,51.8788],[-8.421,51.8818],[-8.4355,51.8793],[-8.432,51.8822],[-8.4358,51.8826],[-8.4245,51.8841],[-8.4151,51.8806],[-8.4041,51.8826],[-8.3921,51.8809],[-8.3894,51.8907],[-8.3927,51.8976],[-8.3992,51.8993],[-8.3968,51.9059],[-8.3956,51.9029],[-8.3884,51.902],[-8.3687,51.8913],[-8.3588,51.8934],[-8.3405,51.8911],[-8.3395,51.8855],[-8.3358,51.8852],[-8.3176,51.9045],[-8.3444,51.9102],[-8.3277,51.9113],[-8.3167,51.9086],[-8.3174,51.9093],[-8.3198,51.9105],[-8.3122,51.9105],[-8.3029,51.9068],[-8.3078,51.9056],[-8.3055,51.9043],[-8.2966,51.9067],[-8.2769,51.902],[-8.2959,51.9034],[-8.297,51.9047],[-8.3006,51.904],[-8.3057,51.8998],[-8.3227,51.8963],[-8.3194,51.8921],[-8.3186,51.8947],[-8.3103,51.889],[-8.3064,51.8892],[-8.2896,51.8902],[-8.2799,51.898],[-8.2735,51.8877],[-8.2678,51.895],[-8.2647,51.8904],[-8.2537,51.8889],[-8.2624,51.8862],[-8.2585,51.8818],[-8.2434,51.8834],[-8.2419,51.8849],[-8.2518,51.8857],[-8.247,51.8877],[-8.2363,51.884],[-8.2219,51.8835],[-8.2219,51.885],[-8.2262,51.884],[-8.2357,51.8872],[-8.2339,51.8871],[-8.2289,51.8857],[-8.2222,51.8892],[-8.2094,51.8885],[-8.1993,51.8841],[-8.1901,51.8861],[-8.1927,51.8955],[-8.1839,51.8941],[-8.1833,51.8969],[-8.1721,51.8991],[-8.1745,51.9052],[-8.1672,51.8986],[-8.1816,51.8952],[-8.1834,51.8916],[-8.1788,51.8893],[-8.18,51.8854],[-8.1701,51.8829],[-8.199,51.879],[-8.2097,51.8602],[-8.198,51.8579],[-8.1675,51.8619],[-8.1774,51.8575],[-8.1871,51.8578],[-8.1936,51.8514],[-8.1954,51.846],[-8.1791,51.8455],[-8.2083,51.8437],[-8.2096,51.8459],[-8.2307,51.8379],[-8.2403,51.837],[-8.2434,51.8345],[-8.233,51.8306],[-8.2342,51.8244],[-8.2498,51.8251],[-8.2456,51.8285],[-8.253,51.8294],[-8.2497,51.8228],[-8.2642,51.8156],[-8.2596,51.8097],[-8.2527,51.809],[-8.2493,51.8054],[-8.2544,51.7926],[-8.2445,51.7921],[-8.2366,51.795],[-8.2307,51.7926],[-8.2222,51.795],[-8.2088,51.7922],[-8.1805,51.7957],[-8.1732,51.7847],[-8.1566,51.789],[-8.1347,51.8046],[-8.1121,51.8086],[-8.0608,51.8088],[-8.0491,51.8176],[-8.0387,51.815],[-8.0328,51.8203],[-8.0254,51.8189],[-8.0144,51.8237],[-8.0013,51.8255],[-8.0005,51.8284],[-8.0204,51.8324],[-8.0223,51.837],[-8.0308,51.8358],[-8.0316,51.8376],[-8.0264,51.8411],[-8.0277,51.8387],[-8.023,51.8382],[-8.0208,51.8448],[-7.9953,51.8612],[-7.9638,51.8698],[-7.935,51.8704],[-7.9294,51.873],[-7.8985,51.875],[-7.8906,51.8787],[-7.8729,51.8775],[-7.8697,51.8809],[-7.8664,51.8801],[-7.8644,51.8841],[-7.8862,51.8922],[-7.8868,51.895],[-7.9036,51.894],[-7.9074,51.8999],[-7.9045,51.9109],[-7.9085,51.9021],[-7.9147,51.9028],[-7.922,51.8992],[-7.9275,51.9012],[-7.9321,51.9086],[-7.9307,51.9177],[-7.9288,51.9136],[-7.9316,51.9094],[-7.9232,51.9075],[-7.9244,51.9033],[-7.9271,51.9036],[-7.9239,51.9026],[-7.9221,51.9026],[-7.9141,51.9063],[-7.916,51.9097],[-7.9092,51.9124],[-7.9119,51.9146],[-7.9069,51.9201],[-7.905,51.9133],[-7.8958,51.911],[-7.9027,51.9111],[-7.9004,51.9069],[-7.8862,51.9115],[-7.8648,51.931],[-7.8416,51.9404],[-7.8535,51.9759],[-7.8596,51.9717],[-7.865,51.9756],[-7.8762,51.9711],[-7.8869,51.9726],[-7.8845,51.9762],[-7.8892,51.977],[-7.8688,51.9754],[-7.8542,51.9815],[-7.8357,51.9759],[-7.832,51.9719],[-7.8126,51.9719],[-7.8186,51.9691],[-7.8087,51.9639],[-7.8182,51.965],[-7.8194,51.9682],[-7.8286,51.9709],[-7.8267,51.967],[-7.8242,51.9669],[-7.825,51.959],[-7.8317,51.9554],[-7.8404,51.955],[-7.832,51.9532],[-7.8333,51.9433],[-7.8298,51.9408],[-7.814,51.9388],[-7.7945,51.9416],[-7.7924,51.9497],[-7.7738,51.9524],[-7.7642,51.949],[-7.7651,51.9456],[-7.7587,51.9454],[-7.7551,51.9407],[-7.7317,51.938],[-7.7138,51.9429],[-7.7129,51.9408],[-7.7082,51.9417],[-7.7068,51.9478],[-7.7226,51.9521],[-7.7196,51.9585],[-7.7108,51.9604],[-7.7106,51.967],[-7.7011,51.9729],[-7.6922,51.9752],[-7.6633,51.9749],[-7.6486,51.9785],[-7.6383,51.9768],[-7.6324,51.9813],[-7.6154,51.9805],[-7.6044,51.9875],[-7.5849,51.9917],[-7.5773,52.009],[-7.5847,52.0186],[-7.5749,52.0264],[-7.5754,52.0342],[-7.5663,52.0409],[-7.5388,52.0481],[-7.5405,52.0512],[-7.5362,52.053],[-7.5449,52.0553],[-7.5664,52.0505],[-7.5885,52.0514],[-7.6035,52.0618],[-7.6109,52.0852],[-7.6052,52.0633],[-7.6189,52.0625],[-7.6214,52.0646],[-7.6237,52.0618],[-7.6331,52.0639],[-7.6317,52.0603],[-7.6441,52.0607],[-7.6433,52.0637],[-7.6495,52.0656],[-7.6388,52.0633],[-7.6355,52.0664],[-7.6277,52.0663],[-7.6342,52.0708],[-7.634,52.0766],[-7.6299,52.0771],[-7.6354,52.0799],[-7.6345,52.0829],[-7.6317,52.0845],[-7.6207,52.0803],[-7.6209,52.0861],[-7.6151,52.089],[-7.6218,52.0928],[-7.6233,52.1012],[-7.638,52.1024],[-7.6412,52.1037],[-7.6384,52.1047],[-7.6259,52.1049],[-7.6179,52.1015],[-7.6209,52.0935],[-7.6119,52.0873],[-7.5967,52.0918],[-7.5879,52.0983],[-7.5941,52.0971],[-7.5852,52.1008],[-7.5929,52.1031],[-7.5958,52.1079],[-7.5888,52.1031],[-7.582,52.107],[-7.5857,52.1048],[-7.5838,52.0988],[-7.5875,52.0982],[-7.5837,52.0987],[-7.5743,52.0926],[-7.57,52.0824],[-7.5532,52.0776],[-7.5395,52.0988],[-7.519,52.106],[-7.494,52.1031],[-7.4794,52.1121],[-7.4752,52.1109],[-7.4685,52.1135],[-7.4622,52.1218],[-7.4582,52.1198],[-7.4478,52.1226],[-7.4425,52.1273],[-7.4253,52.1304],[-7.418,52.129],[-7.4027,52.1318],[-7.3934,52.1278],[-7.3739,52.1336],[-7.3695,52.1381],[-7.3396,52.1381],[-7.3237,52.1355],[-7.3208,52.1393],[-7.3091,52.136],[-7.3076,52.1325],[-7.3027,52.139],[-7.292,52.1412],[-7.2478,52.1352],[-7.2444,52.1324],[-7.2325,52.1339],[-7.2293,52.1309],[-7.2246,52.1325],[-7.216,52.1307],[-7.2163,52.133],[-7.2062,52.1358],[-7.2004,52.1338],[-7.1904,52.1355],[-7.1847,52.1324],[-7.1753,52.1381],[-7.1706,52.1366],[-7.1617,52.1507],[-7.152,52.1581],[-7.1265,52.1551],[-7.1072,52.1501],[-7.0985,52.1449],[-7.0901,52.1492],[-7.0897,52.1531],[-7.1007,52.1559],[-7.1153,52.1549],[-7.1193,52.1606],[-7.1162,52.1556],[-7.1306,52.1584],[-7.1275,52.1618],[-7.1336,52.1634],[-7.131,52.169],[-7.1364,52.1736],[-7.1304,52.1694],[-7.1233,52.1693],[-7.1202,52.1618],[-7.1229,52.1695],[-7.0919,52.1685],[-7.0834,52.1616],[-7.0704,52.1713],[-7.07,52.17],[-7.0715,52.1677],[-7.0777,52.1605],[-7.0631,52.1603],[-7.0741,52.1579],[-7.0774,52.1585],[-7.0919,52.144],[-7.1079,52.1341],[-7.1085,52.1275],[-7.0988,52.1288],[-7.0971,52.1271],[-7.0824,52.1347],[-7.0579,52.1366],[-7.0562,52.1394],[-7.0426,52.1353],[-7.0412,52.1369],[-7.0348,52.1325],[-7.0231,52.1333],[-7.0162,52.1399],[-7.0087,52.1384],[-6.9901,52.1454],[-6.9945,52.155],[-6.9874,52.1548],[-6.9767,52.1615],[-6.9716,52.1719],[-6.9504,52.1774],[-6.9518,52.1801],[-6.9693,52.1776],[-6.9742,52.1812],[-6.9731,52.1847],[-6.9826,52.1864],[-6.9797,52.1992],[-6.9706,52.208],[-6.9758,52.2127],[-6.9681,52.2262],[-6.9699,52.2392],[-6.9558,52.2428],[-6.9365,52.2268],[-6.938,52.2203],[-6.9208,52.2182],[-6.9208,52.2136],[-6.9119,52.2089],[-6.903,52.196],[-6.9132,52.1915],[-6.8984,52.1743],[-6.8995,52.1581],[-6.9128,52.1512],[-6.9136,52.1465],[-6.9274,52.139],[-6.9351,52.1306],[-6.9302,52.1299],[-6.9319,52.1231],[-6.9247,52.1233],[-6.9241,52.1257],[-6.9197,52.125],[-6.9081,52.1308],[-6.9107,52.1344],[-6.9015,52.1433],[-6.9027,52.1466],[-6.8889,52.1512],[-6.8821,52.1614],[-6.8532,52.1678],[-6.8431,52.1748],[-6.8344,52.1749],[-6.8312,52.1721],[-6.8242,52.1754],[-6.8296,52.1757],[-6.832,52.1817],[-6.8197,52.1917],[-6.8251,52.1924],[-6.8297,52.1896],[-6.843,52.1866],[-6.8319,52.1927],[-6.8307,52.1898],[-6.8286,52.191],[-6.8299,52.1965],[-6.8201,52.2138],[-6.8296,52.2142],[-6.8522,52.2068],[-6.8394,52.2123],[-6.8291,52.2226],[-6.8302,52.2263],[-6.8123,52.2309],[-6.7964,52.2404],[-6.795,52.2433],[-6.7984,52.2438],[-6.7957,52.2449],[-6.7883,52.2421],[-6.7728,52.2469],[-6.7624,52.2551],[-6.7656,52.2591],[-6.763,52.2653],[-6.758,52.2668],[-6.7548,52.2648],[-6.7625,52.2647],[-6.7535,52.2476],[-6.7865,52.229],[-6.7887,52.2146],[-6.7955,52.2138],[-6.7985,52.2164],[-6.7975,52.2242],[-6.8075,52.2191],[-6.8065,52.2156],[-6.818,52.2156],[-6.7966,52.2107],[-6.7864,52.2043],[-6.7669,52.2068],[-6.7552,52.2138],[-6.7404,52.2117],[-6.706,52.2191],[-6.6816,52.2189],[-6.6771,52.2157],[-6.6634,52.2165],[-6.6515,52.2137],[-6.6567,52.2155],[-6.6515,52.223],[-6.6479,52.209],[-6.6292,52.2059],[-6.6309,52.2028],[-6.6461,52.2048],[-6.6572,52.2108],[-6.6857,52.2169],[-6.7,52.2165],[-6.7065,52.2183],[-6.7153,52.2158],[-6.6822,52.212],[-6.6505,52.2036],[-6.6055,52.1836],[-6.5952,52.1758],[-6.5965,52.1697],[-6.5912,52.1718],[-6.5865,52.1703],[-6.5888,52.1725],[-6.5869,52.1711],[-6.5866,52.172],[-6.5874,52.1731],[-6.577,52.1763],[-6.5737,52.176],[-6.5751,52.1719],[-6.5737,52.1743],[-6.5732,52.176],[-6.5405,52.1851],[-6.4765,52.1912],[-6.4199,52.1875],[-6.363,52.1727],[-6.3578,52.1774],[-6.3577,52.1836],[-6.3441,52.1898],[-6.351,52.2005],[-6.3427,52.2136],[-6.3255,52.2248],[-6.3232,52.2339],[-6.3136,52.2406],[-6.3287,52.2475],[-6.3347,52.2555],[-6.3379,52.2572],[-6.3347,52.2549],[-6.3389,52.2553],[-6.3389,52.2527],[-6.3632,52.2513],[-6.3744,52.2577],[-6.3885,52.2804],[-6.3876,52.3099],[-6.3976,52.3032],[-6.4015,52.2959],[-6.3999,52.2885],[-6.4075,52.2883],[-6.4156,52.2935],[-6.4129,52.2972],[-6.41,52.2961],[-6.4129,52.2995],[-6.4308,52.307],[-6.447,52.3077],[-6.4473,52.3303],[-6.4634,52.3436],[-6.4774,52.3479],[-6.4762,52.3519],[-6.494,52.3544],[-6.5058,52.3501],[-6.5134,52.3514],[-6.5181,52.3483],[-6.5449,52.3553],[-6.5578,52.3684],[-6.558,52.3745],[-6.5693,52.3817],[-6.5675,52.3875],[-6.5534,52.3916],[-6.551,52.4077],[-6.5692,52.4299],[-6.5591,52.4456],[-6.5688,52.489],[-6.5625,52.4724],[-6.5578,52.4455],[-6.565,52.4256],[-6.5492,52.4153],[-6.5466,52.3991],[-6.5507,52.3906],[-6.564,52.3879],[-6.5676,52.3839],[-6.5567,52.3754],[-6.5546,52.3677],[-6.5461,52.365],[-6.5414,52.3557],[-6.5096,52.3513],[-6.4987,52.3601],[-6.4835,52.3656],[-6.4846,52.3725],[-6.4778,52.3729],[-6.4673,52.3784],[-6.4618,52.3737],[-6.4715,52.3668],[-6.4702,52.3535],[-6.4684,52.3488],[-6.4566,52.3482],[-6.4556,52.3403],[-6.4434,52.3536],[-6.4355,52.356],[-6.3855,52.3554],[-6.3783,52.3528],[-6.3704,52.344],[-6.3581,52.3453],[-6.3646,52.3733],[-6.362,52.3896],[-6.3526,52.4091],[-6.3221,52.4347],[-6.2932,52.4657],[-6.2513,52.4976],[-6.2396,52.5131],[-6.2135,52.5324],[-6.1932,52.5633],[-6.2037,52.5702],[-6.2032,52.5821],[-6.2131,52.59],[-6.2093,52.602],[-6.2212,52.6121],[-6.2299,52.6296],[-6.2238,52.6429],[-6.2261,52.648],[-6.2092,52.6664],[-6.1965,52.6881],[-6.1833,52.7018],[-6.1591,52.7155],[-6.1567,52.7252],[-6.1407,52.7337],[-6.148,52.7449],[-6.1378,52.7579],[-6.1442,52.7596],[-6.1473,52.765],[-6.1438,52.7732],[-6.136,52.7775],[-6.1418,52.7764],[-6.1462,52.7833],[-6.1368,52.7935],[-6.145,52.7939],[-6.1534,52.799],[-6.1651,52.8012],[-6.1509,52.7998],[-6.1443,52.7944],[-6.138,52.7937],[-6.1419,52.7944],[-6.1416,52.8005],[-6.1203,52.8157],[-6.1092,52.8355],[-6.0911,52.8465],[-6.0569,52.8584],[-6.0645,52.8657],[-6.0621,52.8767],[-6.0508,52.8915],[-6.0431,52.8979],[-6.0386,52.8978],[-6.0352,52.9031],[-6.0406,52.9055],[-6.037,52.9174],[-6.0208,52.9254],[-6.0232,52.9301],[-6.0156,52.9378],[-6.015,52.9521],[-6.0089,52.9534],[-5.9977,52.9646],[-6.0073,52.9726],[-6.0209,52.9728],[-6.0228,52.9775],[-6.0284,52.9781],[-6.0343,52.9833],[-6.0331,52.9815],[-6.0382,52.9817],[-6.0364,52.9834],[-6.0421,52.9847],[-6.0488,52.996],[-6.0482,53.0323],[-6.0348,53.0693],[-6.0378,53.0951],[-6.0447,53.1252],[-6.0595,53.1477],[-6.0707,53.1547],[-6.0762,53.1633],[-6.0764,53.1709],[-6.0719,53.1755],[-6.0758,53.1878],[-6.0923,53.1969],[-6.0987,53.2094],[-6.1029,53.2089],[-6.0992,53.2095],[-6.1034,53.2111],[-6.112,53.2392],[-6.1126,53.2574],[-6.1067,53.2658],[-6.0913,53.2721],[-6.1049,53.2854],[-6.1137,53.2897],[-6.1203,53.2878],[-6.1283,53.2916],[-6.1294,53.2927],[-6.1243,53.2978],[-6.1238,53.2999],[-6.126,53.3025],[-6.1247,53.2979],[-6.1297,53.2932],[-6.1294,53.2959],[-6.1319,53.2942],[-6.1314,53.2972],[-6.138,53.2997],[-6.1348,53.2963],[-6.1424,53.2988],[-6.1468,53.2963],[-6.1393,53.3026],[-6.1358,53.3001],[-6.1375,53.3031],[-6.1313,53.3038],[-6.1349,53.3042],[-6.1397,53.3028],[-6.1507,53.2955],[-6.1552,53.2959],[-6.1896,53.3074],[-6.2046,53.3164],[-6.2126,53.3343],[-6.2098,53.3371],[-6.1947,53.335],[-6.179,53.3408],[-6.1513,53.3422],[-6.1867,53.3408],[-6.1889,53.3505],[-6.2295,53.359],[-6.2206,53.3626],[-6.1913,53.3573],[-6.1818,53.3605],[-6.165,53.3726],[-6.1602,53.3727],[-6.1547,53.3711],[-6.164,53.3687],[-6.1731,53.3595],[-6.1783,53.3587],[-6.1619,53.3507],[-6.1653,53.3529],[-6.1511,53.3642],[-6.1149,53.3828],[-6.1382,53.3791],[-6.1532,53.3721],[-6.1618,53.3734],[-6.1604,53.3767],[-6.1426,53.3848],[-6.1168,53.3887],[-6.1017,53.3852],[-6.0986,53.3708],[-6.0818,53.361],[-6.0761,53.3603],[-6.0654,53.3645],[-6.052,53.3611],[-6.0545,53.3665],[-6.0461,53.3737],[-6.044,53.3806],[-6.0451,53.3849],[-6.0628,53.3865]]]},"properties":null,"id":30977},
{"type":"Feature","geometry":{"type":"Polygon","coordinates":[[[-8.3167,51.8995],[-8.3148,51.9039],[-8.3079,51.905],[-8.3122,51.9096],[-8.3165,51.9084],[-8.3167,51.8995]]]},"properties":null,"id":30978},
{"type":"Feature","geometry":{"type":"Polygon","coordinates":[[[-1.7526,60.3365],[-1.7495,60.3333],[-1.7445,60.3346],[-1.7526,60.3365]]]},"properties":null,"id":30982},
{"type":"Feature","geometry":{"type":"Polygon","coordinates":[[[-10.5027,52.1167],[-10.5083,52.1179],[-10.5096,52.1137],[-10.5027,52.1167]]]},"properties":null,"id":31700},
{"type":"Feature","geometry":{"type":"Polygon","coordinates":[[[-10.5723,52.1354],[-10.577,52.1366],[-10.5918,52.1256],[-10.5789,52.1243],[-10.5731,52.1274],[-10.5723,52.1354]]]},"properties":null,"id":31701},
{"type":"Feature","geometry":{"type":"Polygon","coordinates":[[[-10.657,52.0736],[-10.6515,52.075],[-10.6504,52.0771],[-10.6625,52.0761],[-10.657,52.0736]]]},"properties":null,"id":31703},
{"type":"Feature","geometry":{"type":"Polygon","coordinates":[[[-10.6141,52.0528],[-10.6039,52.0575],[-10.6045,52.0636],[-10.6179,52.0539],[-10.6141,52.0528]]]},"properties":null,"id":31704},
{"type":"Feature","geometry":{"type":"Polygon","coordinates":[[[-10.6042,52.0393],[-10.5986,52.0414],[-10.6012,52.0474],[-10.6177,52.0493],[-10.6185,52.0455],[-10.6132,52.0445],[-10.6155,52.0423],[-10.6042,52.0393]]]},"properties":null,"id":31705},
{"type":"Feature","geometry":{"type":"Polygon","coordinates":[[[-6.4544,56.7039],[-6.4534,56.6998],[-6.448,56.701],[-6.4544,56.7039]]]},"properties":null,"id":32312},
{"type":"Feature","geometry":{"type":"Polygon","coordinates":[[[-6.1542,55.615],[-6.1433,55.6129],[-6.1408,55.6167],[-6.1318,55.6196],[-6.1385,55.6215],[-6.1542,55.615]]]},"properties":null,"id":32313},
{"type":"Feature","geometry":{"type":"Polygon","coordinates":[[[-4.3034,58.5492],[-4.2972,58.5447],[-4.2891,58.5461],[-4.2957,58.5504],[-4.2986,58.5481],[-4.3034,58.5492]]]},"properties":null,"id":32329},
{"type":"Feature","geometry":{"type":"Polygon","coordinates":[[[-6.9753,56.4875],[-6.9789,56.4838],[-6.9754,56.4816],[-6.9795,56.479],[-6.9784,56.4733],[-6.9704,56.4676],[-6.9815,56.4593],[-6.9802,56.4519],[-6.9726,56.4519],[-6.9656,56.4586],[-6.9493,56.4584],[-6.9427,56.4568],[-6.9328,56.4431],[-6.9192,56.4435],[-6.9117,56.4404],[-6.8886,56.4474],[-6.8946,56.4505],[-6.8899,56.4595],[-6.8972,56.4719],[-6.8788,56.4838],[-6.878,56.488],[-6.8506,56.4925],[-6.8452,56.4872],[-6.842,56.4919],[-6.8354,56.4893],[-6.8321,56.4917],[-6.8288,56.4889],[-6.8256,56.4913],[-6.8155,56.4879],[-6.8116,56.4889],[-6.8057,56.5018],[-6.8029,56.5007],[-6.8019,56.5045],[-6.7949,56.5061],[-6.8069,56.5125],[-6.8146,56.5129],[-6.8053,56.5235],[-6.7799,56.5278],[-6.7657,56.523],[-6.7595,56.5256],[-6.7552,56.5238],[-6.7579,56.5276],[-6.7532,56.5286],[-6.7499,56.5248],[-6.7495,56.5266],[-6.7419,56.527],[-6.7416,56.5301],[-6.7332,56.5247],[-6.7342,56.5263],[-6.7283,56.5259],[-6.7233,56.5296],[-6.7271,56.5319],[-6.7243,56.5317],[-6.7257,56.5394],[-6.7296,56.5429],[-6.7423,56.5437],[-6.7546,56.5563],[-6.7597,56.5467],[-6.7657,56.5474],[-6.7634,56.5446],[-6.7731,56.5432],[-6.7785,56.5371],[-6.7871,56.5373],[-6.7897,56.5409],[-6.7886,56.5377],[-6.7997,56.5358],[-6.8069,56.5424],[-6.8179,56.5431],[-6.8462,56.5345],[-6.8449,56.5324],[-6.8593,56.5312],[-6.8597,56.525],[-6.8746,56.5187],[-6.8853,56.5189],[-6.8896,56.5252],[-6.9032,56.525],[-6.9026,56.5283],[-6.9122,56.5306],[-6.9217,56.5267],[-6.9313,56.528],[-6.9321,56.5321],[-6.9373,56.5295],[-6.9507,56.5294],[-6.9539,56.522],[-6.9669,56.5214],[-6.9713,56.5174],[-6.9774,56.5168],[-6.982,56.5076],[-6.9984,56.5048],[-6.9984,56.5021],[-6.9919,56.5045],[-6.9863,56.5036],[-6.9876,56.5009],[-6.9785,56.4955],[-6.9803,56.4911],[-6.9753,56.4875]]]},"properties":null,"id":32337},
{"type":"Feature","geometry":{"type":"Polygon","coordinates":[[[-8.5027,54.4257],[-8.4985,54.418],[-8.4907,54.421],[-8.4971,54.4268],[-8.5027,54.4257]]]},"properties":null,"id":33253},
{"type":"Feature","geometry":{"type":"Polygon","coordinates":[[[-1.3246,60.189],[-1.3308,60.1869],[-1.3299,60.183],[-1.3264,60.1847],[-1.3246,60.189]]]},"properties":null,"id":33415},
{"type":"Feature","geometry":{"type":"Polygon","coordinates":[[[-6.5266,57.594],[-6.5243,57.5919],[-6.5213,57.5911],[-6.5197,57.5892],[-6.5229,57.588],[-6.5135,57.5854],[-6.5145,57.5874],[-6.5266,57.594]]]},"properties":null,"id":33524},
{"type":"Feature","geometry":{"type":"Polygon","coordinates":[[[-6.5346,57.5975],[-6.5337,57.5948],[-6.528,57.5945],[-6.5284,57.5956],[-6.5346,57.5975]]]},"properties":null,"id":33525},
{"type":"Feature","geometry":{"type":"Polygon","coordinates":[[[-6.515,57.5857],[-6.5148,57.5805],[-6.5181,57.581],[-6.5202,57.5769],[-6.5086,57.581],[-6.515,57.5857]]]},"properties":null,"id":33526},
{"type":"Feature","geometry":{"type":"Polygon","coordinates":[[[-6.6428,57.5278],[-6.6417,57.523],[-6.6395,57.5193],[-6.6385,57.5244],[-6.6428,57.5278]]]},"properties":null,"id":33527},
{"type":"Feature","geometry":{"type":"Polygon","coordinates":[[[-1.3222,60.2006],[-1.3302,60.1965],[-1.3265,60.1965],[-1.3222,60.1994],[-1.319,60.1962],[-1.3174,60.199],[-1.3222,60.2006]]]},"properties":null,"id":34202},
{"type":"Feature","geometry":{"type":"Polygon","coordinates":[[[-1.3548,60.1404],[-1.3535,60.1383],[-1.3474,60.1386],[-1.3477,60.1404],[-1.3548,60.1404]]]},"properties":null,"id":34203},
{"type":"Feature","geometry":{"type":"Polygon","coordinates":[[[-6.8142,57.8069],[-6.8247,57.8129],[-6.8293,57.8124],[-6.8229,57.8043],[-6.8193,57.806],[-6.8143,57.8042],[-6.8142,57.8069]]]},"properties":null,"id":34296},
{"type":"Feature","geometry":{"type":"Polygon","coordinates":[[[-1.3559,60.1223],[-1.3535,60.1234],[-1.3593,60.1267],[-1.3606,60.1255],[-1.3559,60.1223]]]},"properties":null,"id":34367},
{"type":"Feature","geometry":{"type":"Polygon","coordinates":[[[-1.3731,60.1281],[-1.3716,60.1331],[-1.3724,60.1309],[-1.3802,60.1292],[-1.3731,60.1281]]]},"properties":null,"id":34368},
{"type":"Feature","geometry":{"type":"Polygon","coordinates":[[[-5.4191,56.5272],[-5.4089,56.5266],[-5.4014,56.5368],[-5.4189,56.5341],[-5.4306,56.5251],[-5.4193,56.5294],[-5.4191,56.5272]]]},"properties":null,"id":34383},
{"type":"Feature","geometry":{"type":"Polygon","coordinates":[[[-1.2883,50.7629],[-1.2961,50.7618],[-1.3,50.767],[-1.3172,50.7664],[-1.3281,50.7579],[-1.3426,50.7525],[-1.3533,50.7392],[-1.3894,50.7316],[-1.4025,50.7279],[-1.4104,50.7242],[-1.4016,50.7275],[-1.3846,50.7226],[-1.3924,50.7178],[-1.3734,50.7191],[-1.3792,50.7174],[-1.377,50.7109],[-1.3804,50.716],[-1.4093,50.7159],[-1.408,50.7191],[-1.4099,50.7166],[-1.4092,50.7151],[-1.3998,50.7108],[-1.4113,50.7142],[-1.407,50.7095],[-1.413,50.7104],[-1.4128,50.7047],[-1.4161,50.7127],[-1.4167,50.7102],[-1.4182,50.7121],[-1.4251,50.7092],[-1.4262,50.7052],[-1.4347,50.7041],[-1.4336,50.7047],[-1.427,50.7057],[-1.4276,50.7107],[-1.4174,50.7139],[-1.4128,50.7195],[-1.4182,50.7188],[-1.4145,50.722],[-1.4228,50.7244],[-1.4118,50.7243],[-1.4133,50.7248],[-1.4254,50.7268],[-1.4696,50.7095],[-1.4868,50.7067],[-1.5221,50.7071],[-1.5345,50.7007],[-1.5343,50.6929],[-1.5429,50.6878],[-1.548,50.6784],[-1.5695,50.6736],[-1.5697,50.6654],[-1.5866,50.6631],[-1.5741,50.6605],[-1.511,50.6701],[-1.4833,50.6665],[-1.4478,50.6437],[-1.3895,50.6273],[-1.362,50.6098],[-1.3352,50.5995],[-1.3176,50.5889],[-1.3078,50.5773],[-1.3009,50.575],[-1.25,50.5808],[-1.2096,50.5931],[-1.2042,50.5919],[-1.1853,50.5973],[-1.1753,50.6066],[-1.1741,50.6252],[-1.168,50.6416],[-1.1601,50.6496],[-1.1312,50.6627],[-1.0979,50.6652],[-1.0959,50.6711],[-1.0735,50.6814],[-1.0702,50.6871],[-1.0824,50.6944],[-1.0937,50.6958],[-1.0983,50.6904],[-1.1091,50.6935],[-1.1086,50.6939],[-1.1073,50.6939],[-1.1024,50.6973],[-1.0962,50.6942],[-1.0978,50.7061],[-1.1097,50.7216],[-1.138,50.727],[-1.1547,50.7333],[-1.1535,50.7316],[-1.2106,50.735],[-1.2175,50.7349],[-1.2257,50.7246],[-1.2235,50.7314],[-1.2139,50.738],[-1.2308,50.7429],[-1.2389,50.7425],[-1.2477,50.7518],[-1.2717,50.7656],[-1.2883,50.763],[-1.2919,50.7647],[-1.2883,50.7629]]]},"properties":null,"id":34453},
{"type":"Feature","geometry":{"type":"Polygon","coordinates":[[[-1.7207,60.3461],[-1.7182,60.3441],[-1.7232,60.3435],[-1.7318,60.3458],[-1.7328,60.3425],[-1.7281,60.3401],[-1.7356,60.3403],[-1.7333,60.3376],[-1.7388,60.3367],[-1.7306,60.3289],[-1.725,60.3296],[-1.7262,60.3267],[-1.7202,60.3268],[-1.7203,60.3259],[-1.7257,60.3251],[-1.7194,60.3235],[-1.719,60.3198],[-1.7041,60.3262],[-1.706,60.3292],[-1.6968,60.3246],[-1.6983,60.3219],[-1.7067,60.3221],[-1.7098,60.3187],[-1.7002,60.3165],[-1.7042,60.3155],[-1.6889,60.3152],[-1.679,60.3226],[-1.6748,60.3208],[-1.6654,60.3211],[-1.6607,60.3243],[-1.6628,60.3282],[-1.666,60.3288],[-1.6694,60.326],[-1.6763,60.3287],[-1.6712,60.3324],[-1.6641,60.3329],[-1.6654,60.3372],[-1.6624,60.3376],[-1.6681,60.3426],[-1.6726,60.341],[-1.6779,60.343],[-1.6791,60.3401],[-1.6822,60.3427],[-1.6838,60.337],[-1.6775,60.3388],[-1.6755,60.3371],[-1.6872,60.3314],[-1.6908,60.3425],[-1.6941,60.3425],[-1.6964,60.336],[-1.7003,60.3381],[-1.6971,60.3407],[-1.6997,60.3447],[-1.7098,60.3404],[-1.7093,60.3427],[-1.7207,60.3461]]]},"properties":null,"id":34483},
{"type":"Feature","geometry":{"type":"Polygon","coordinates":[[[-8.574,54.3012],[-8.5696,54.3007],[-8.5575,54.303],[-8.5674,54.3026],[-8.574,54.3012]]]},"properties":null,"id":34623},
{"type":"Feature","geometry":{"type":"Polygon","coordinates":[[[-7.3812,57.397],[-7.3696,57.4044],[-7.3702,57.4095],[-7.3659,57.4107],[-7.3693,57.412],[-7.3631,57.4181],[-7.3699,57.4138],[-7.3726,57.4038],[-7.3812,57.397]]]},"properties":null,"id":34635},
{"type":"Feature","geometry":{"type":"Polygon","coordinates":[[[-8.645,54.433],[-8.657,54.4362],[-8.6723,54.433],[-8.6696,54.4289],[-8.645,54.433]]]},"properties":null,"id":34671},
{"type":"Feature","geometry":{"type":"Polygon","coordinates":[[[-1.1899,60.0084],[-1.1932,60.0027],[-1.1832,60.002],[-1.1858,59.9994],[-1.1816,59.9972],[-1.1818,59.9926],[-1.1717,59.9894],[-1.1634,59.9925],[-1.1701,59.9956],[-1.1622,59.9924],[-1.1591,59.9933],[-1.1589,59.9965],[-1.1663,59.9963],[-1.162,59.9968],[-1.1717,60.0033],[-1.1811,60.0027],[-1.1767,60.0046],[-1.1899,60.0084]]]},"properties":null,"id":34709},
{"type":"Feature","geometry":{"type":"Polygon","coordinates":[[[0.6641,51.6372],[0.6645,51.6419],[0.6605,51.6433],[0.6599,51.6422],[0.6603,51.6378],[0.6641,51.6372]]]},"properties":null,"id":34803},
{"type":"Feature","geometry":{"type":"Polygon","coordinates":[[[-9.5857,53.3268],[-9.5814,53.334],[-9.5849,53.3319],[-9.5857,53.3268]]]},"properties":null,"id":35083},
{"type":"Feature","geometry":{"type":"Polygon","coordinates":[[[-5.6201,56.2501],[-5.6121,56.2513],[-5.6079,56.2565],[-5.6094,56.2658],[-5.6262,56.2539],[-5.6239,56.2513],[-5.6215,56.2557],[-5.6201,56.2501]]]},"properties":null,"id":35092},
{"type":"Feature","geometry":{"type":"Polygon","coordinates":[[[-5.3318,51.8643],[-5.3353,51.8693],[-5.3306,51.8787],[-5.3483,51.8761],[-5.3418,51.8695],[-5.3452,51.8665],[-5.353,51.8659],[-5.3499,51.858],[-5.3425,51.8587],[-5.3424,51.8538],[-5.3386,51.856],[-5.3334,51.854],[-5.3318,51.8643]]]},"properties":null,"id":35158},
{"type":"Feature","geometry":{"type":"Polygon","coordinates":[[[-5.2687,51.7355],[-5.2768,51.7387],[-5.2808,51.737],[-5.2809,51.741],[-5.3,51.7452],[-5.3146,51.7373],[-5.3108,51.7327],[-5.2939,51.7314],[-5.2994,51.7296],[-5.293,51.7282],[-5.2814,51.7367],[-5.2802,51.7318],[-5.2687,51.7355]]]},"properties":null,"id":35159},
{"type":"Feature","geometry":{"type":"Polygon","coordinates":[[[-9.4392,51.4993],[-9.4438,51.4953],[-9.4471,51.4968],[-9.4549,51.4934],[-9.4557,51.4887],[-9.4422,51.4931],[-9.4355,51.4919],[-9.4361,51.4871],[-9.4291,51.4874],[-9.4309,51.4942],[-9.4234,51.5003],[-9.4392,51.4993]]]},"properties":null,"id":35213},
{"type":"Feature","geometry":{"type":"Polygon","coordinates":[[[-9.1395,54.2007],[-9.146,54.2109],[-9.1527,54.2142],[-9.1974,54.2231],[-9.1613,54.2115],[-9.1541,54.2052],[-9.1486,54.2057],[-9.147,54.1997],[-9.1395,54.2007]]]},"properties":null,"id":35338},
{"type":"Feature","geometry":{"type":"Polygon","coordinates":[[[-3.2927,55.9931],[-3.2911,55.9901],[-3.2877,55.9952],[-3.2927,55.9931]]]},"properties":null,"id":35729},
{"type":"Feature","geometry":{"type":"Polygon","coordinates":[[[-5.8178,56.2161],[-5.8012,56.2223],[-5.7984,56.2296],[-5.8134,56.2213],[-5.8178,56.2161]]]},"properties":null,"id":35775},
{"type":"Feature","geometry":{"type":"Polygon","coordinates":[[[-5.7903,56.2323],[-5.7801,56.2362],[-5.7806,56.2387],[-5.7873,56.2369],[-5.7903,56.2323]]]},"properties":null,"id":35787},
{"type":"Feature","geometry":{"type":"Polygon","coordinates":[[[-5.7193,56.2066],[-5.7201,56.2094],[-5.7247,56.2065],[-5.7193,56.2066]]]},"properties":null,"id":35807},
{"type":"Feature","geometry":{"type":"Polygon","coordinates":[[[-5.7082,56.2089],[-5.7039,56.2136],[-5.6983,56.2022],[-5.6856,56.2028],[-5.6945,56.2099],[-5.6915,56.2219],[-5.706,56.2205],[-5.7071,56.2179],[-5.7124,56.219],[-5.7152,56.2108],[-5.7082,56.2089]]]},"properties":null,"id":35808},
{"type":"Feature","geometry":{"type":"Polygon","coordinates":[[[-5.6555,55.9821],[-5.6561,55.9775],[-5.6509,55.9798],[-5.6548,55.979],[-5.652,55.9825],[-5.6555,55.9821]]]},"properties":null,"id":35814},
{"type":"Feature","geometry":{"type":"Polygon","coordinates":[[[-5.705,55.9363],[-5.7012,55.9362],[-5.6993,55.9321],[-5.694,55.9333],[-5.6942,55.9313],[-5.6668,55.9632],[-5.6803,55.9519],[-5.6916,55.9575],[-5.6972,55.9551],[-5.705,55.9363]]]},"properties":null,"id":35815},
{"type":"Feature","geometry":{"type":"Polygon","coordinates":[[[-5.6495,56.0307],[-5.6602,56.0212],[-5.6589,56.0215],[-5.6495,56.0307]]]},"properties":null,"id":35816},
{"type":"Feature","geometry":{"type":"Polygon","coordinates":[[[-5.6447,56.0368],[-5.64,56.0426],[-5.6405,56.0446],[-5.6444,56.0418],[-5.6447,56.0368]]]},"properties":null,"id":35824},
{"type":"Feature","geometry":{"type":"Polygon","coordinates":[[[-5.5743,56.1283],[-5.5604,56.1336],[-5.5551,56.1385],[-5.5562,56.142],[-5.5625,56.1406],[-5.5743,56.1283]]]},"properties":null,"id":35826},
{"type":"Feature","geometry":{"type":"Polygon","coordinates":[[[-5.5486,56.1464],[-5.5265,56.1687],[-5.543,56.1608],[-5.5464,56.1535],[-5.5557,56.1473],[-5.5486,56.1464]]]},"properties":null,"id":35827},
{"type":"Feature","geometry":{"type":"Polygon","coordinates":[[[-5.5605,56.1556],[-5.5563,56.1603],[-5.551,56.1636],[-5.5581,56.1626],[-5.5605,56.1556]]]},"properties":null,"id":35828},
{"type":"Feature","geometry":{"type":"Polygon","coordinates":[[[-5.5487,56.1652],[-5.5275,56.1796],[-5.5298,56.1816],[-5.5487,56.1652]]]},"properties":null,"id":35829},
{"type":"Feature","geometry":{"type":"Polygon","coordinates":[[[-5.6132,56.1183],[-5.6081,56.122],[-5.6079,56.124],[-5.6132,56.1227],[-5.6132,56.1183]]]},"properties":null,"id":35830},
{"type":"Feature","geometry":{"type":"Polygon","coordinates":[[[-5.6251,56.1442],[-5.622,56.1465],[-5.6201,56.1521],[-5.6247,56.1499],[-5.6251,56.1442]]]},"properties":null,"id":35831},
{"type":"Feature","geometry":{"type":"Polygon","coordinates":[[[-5.5707,56.2053],[-5.5675,56.2083],[-5.5697,56.2096],[-5.5739,56.2067],[-5.5707,56.2053]]]},"properties":null,"id":35832},
{"type":"Feature","geometry":{"type":"Polygon","coordinates":[[[-5.5913,56.223],[-5.6027,56.2295],[-5.6079,56.2261],[-5.6106,56.2298],[-5.613,56.2269],[-5.6095,56.2249],[-5.6137,56.2232],[-5.6186,56.2091],[-5.6121,56.206],[-5.6115,56.1954],[-5.5896,56.2046],[-5.5913,56.223]]]},"properties":null,"id":35834},
{"type":"Feature","geometry":{"type":"Polygon","coordinates":[[[-5.648,56.1289],[-5.6431,56.1314],[-5.6418,56.1355],[-5.6475,56.1318],[-5.648,56.1289]]]},"properties":null,"id":35835},
{"type":"Feature","geometry":{"type":"Polygon","coordinates":[[[-5.6741,56.3073],[-5.6618,56.3154],[-5.6634,56.3178],[-5.6764,56.311],[-5.6741,56.3073]]]},"properties":null,"id":35837},
{"type":"Feature","geometry":{"type":"Polygon","coordinates":[[[-5.6121,56.304],[-5.6152,56.3048],[-5.6136,56.3121],[-5.6029,56.3175],[-5.6117,56.3149],[-5.6126,56.319],[-5.6188,56.3195],[-5.6174,56.3225],[-5.6378,56.3131],[-5.6471,56.2997],[-5.6543,56.2975],[-5.6509,56.2932],[-5.6422,56.2938],[-5.6336,56.2909],[-5.638,56.2815],[-5.6331,56.2758],[-5.6373,56.2756],[-5.6234,56.265],[-5.6126,56.2714],[-5.6146,56.2766],[-5.6091,56.2798],[-5.6072,56.2776],[-5.5992,56.28],[-5.6033,56.2867],[-5.6003,56.2904],[-5.6115,56.2927],[-5.6018,56.3004],[-5.5972,56.2986],[-5.5902,56.3018],[-5.5812,56.3272],[-5.5901,56.32],[-5.5955,56.3203],[-5.5966,56.317],[-5.6007,56.3172],[-5.6018,56.3118],[-5.6027,56.3146],[-5.612,56.3097],[-5.6121,56.304]]]},"properties":null,"id":35839},
{"type":"Feature","geometry":{"type":"Polygon","coordinates":[[[-5.7161,56.2282],[-5.7097,56.2348],[-5.7246,56.2326],[-5.7283,56.2288],[-5.7161,56.2282]]]},"properties":null,"id":35864},
{"type":"Feature","geometry":{"type":"Polygon","coordinates":[[[-5.7192,56.2347],[-5.7162,56.2378],[-5.7195,56.2401],[-5.7239,56.2371],[-5.7192,56.2347]]]},"properties":null,"id":35865},
{"type":"Feature","geometry":{"type":"Polygon","coordinates":[[[-5.698,56.2278],[-5.6919,56.2286],[-5.6907,56.2367],[-5.6958,56.2324],[-5.698,56.2278]]]},"properties":null,"id":35873},
{"type":"Feature","geometry":{"type":"Polygon","coordinates":[[[-5.6957,56.223],[-5.6917,56.2232],[-5.6932,56.228],[-5.6986,56.2271],[-5.6957,56.223]]]},"properties":null,"id":35874},
{"type":"Feature","geometry":{"type":"Polygon","coordinates":[[[-5.7005,56.1597],[-5.6839,56.1694],[-5.6794,56.1669],[-5.6701,56.1705],[-5.6802,56.1865],[-5.6752,56.1924],[-5.6812,56.1933],[-5.6894,56.2007],[-5.6941,56.1969],[-5.7021,56.1969],[-5.7099,56.1928],[-5.7275,56.19],[-5.7326,56.1801],[-5.7477,56.1758],[-5.7519,56.1685],[-5.7467,56.1618],[-5.7005,56.1597]]]},"properties":null,"id":35875},
{"type":"Feature","geometry":{"type":"Polygon","coordinates":[[[-7.6229,56.7814],[-7.6205,56.7847],[-7.612,56.784],[-7.6173,56.7878],[-7.6448,56.79],[-7.6556,56.7887],[-7.6608,56.7854],[-7.6497,56.7843],[-7.637,56.7781],[-7.6229,56.7814]]]},"properties":null,"id":35918},
{"type":"Feature","geometry":{"type":"Polygon","coordinates":[[[-5.5956,55.7595],[-5.5919,55.7615],[-5.5927,55.7644],[-5.5982,55.7614],[-5.5956,55.7595]]]},"properties":null,"id":35956},
{"type":"Feature","geometry":{"type":"Polygon","coordinates":[[[-9.6032,51.4854],[-9.5966,51.488],[-9.5963,51.4899],[-9.604,51.4885],[-9.6032,51.4854]]]},"properties":null,"id":36093},
{"type":"Feature","geometry":{"type":"Polygon","coordinates":[[[-5.4324,56.4557],[-5.4284,56.4579],[-5.4307,56.4596],[-5.4337,56.4588],[-5.4324,56.4557]]]},"properties":null,"id":36094},
{"type":"Feature","geometry":{"type":"Polygon","coordinates":[[[-5.4612,56.5199],[-5.457,56.5219],[-5.4536,56.5258],[-5.4574,56.5252],[-5.4612,56.5199]]]},"properties":null,"id":36123},
{"type":"Feature","geometry":{"type":"Polygon","coordinates":[[[-4.4113,59.0873],[-4.412,59.0831],[-4.4047,59.084],[-4.4113,59.0873]]]},"properties":null,"id":36125},
{"type":"Feature","geometry":{"type":"Polygon","coordinates":[[[-4.4272,57.5744],[-4.4182,57.5769],[-4.4162,57.5774],[-4.4162,57.5776],[-4.4149,57.5799],[-4.4205,57.5793],[-4.4272,57.5744]]]},"properties":null,"id":36179},
{"type":"Feature","geometry":{"type":"Polygon","coordinates":[[[-5.427,56.5601],[-5.429,56.562],[-5.4364,56.5598],[-5.4561,56.5498],[-5.4542,56.553],[-5.4625,56.551],[-5.4643,56.5582],[-5.472,56.5575],[-5.4727,56.553],[-5.4668,56.5526],[-5.4679,56.5491],[-5.4801,56.5462],[-5.5225,56.5125],[-5.5254,56.5122],[-5.524,56.5145],[-5.529,56.5133],[-5.5329,56.5078],[-5.5694,56.4957],[-5.5717,56.4989],[-5.5764,56.4756],[-5.5988,56.461],[-5.5873,56.4613],[-5.5543,56.4766],[-5.552,56.4756],[-5.5333,56.4898],[-5.5071,56.4981],[-5.4865,56.5186],[-5.4343,56.5513],[-5.427,56.5601]]]},"properties":null,"id":36180},
{"type":"Feature","geometry":{"type":"Polygon","coordinates":[[[-5.5947,56.4902],[-5.5858,56.491],[-5.5742,56.4966],[-5.579,56.4982],[-5.5934,56.4921],[-5.5947,56.4902]]]},"properties":null,"id":36182},
{"type":"Feature","geometry":{"type":"Polygon","coordinates":[[[-5.3972,56.5785],[-5.3895,56.5819],[-5.3808,56.5957],[-5.3902,56.5955],[-5.4022,56.5907],[-5.404,56.5855],[-5.3972,56.5785]]]},"properties":null,"id":36200},
{"type":"Feature","geometry":{"type":"Polygon","coordinates":[[[-7.3415,57.1417],[-7.3365,57.1398],[-7.3325,57.1413],[-7.3387,57.1457],[-7.3415,57.1417]]]},"properties":null,"id":36260},
{"type":"Feature","geometry":{"type":"Polygon","coordinates":[[[-7.3204,57.1486],[-7.3258,57.1482],[-7.3196,57.1432],[-7.3189,57.1452],[-7.3204,57.1486]]]},"properties":null,"id":36263},
{"type":"Feature","geometry":{"type":"Polygon","coordinates":[[[-7.3147,57.1464],[-7.3093,57.1427],[-7.3018,57.1435],[-7.3068,57.1468],[-7.3147,57.1464]]]},"properties":null,"id":36264},
{"type":"Feature","geometry":{"type":"Polygon","coordinates":[[[-7.265,57.1418],[-7.2564,57.141],[-7.2548,57.1415],[-7.2597,57.1436],[-7.265,57.1418]]]},"properties":null,"id":36265},
{"type":"Feature","geometry":{"type":"Polygon","coordinates":[[[-7.4104,57.1279],[-7.4077,57.1301],[-7.4146,57.1304],[-7.4104,57.1279]]]},"properties":null,"id":36320},
{"type":"Feature","geometry":{"type":"Polygon","coordinates":[[[-4.7959,52.7669],[-4.795,52.7564],[-4.8017,52.7511],[-4.8017,52.745],[-4.7956,52.7493],[-4.7968,52.7536],[-4.7858,52.7531],[-4.7802,52.759],[-4.7799,52.7661],[-4.7959,52.7669]]]},"properties":null,"id":36409},
{"type":"Feature","geometry":{"type":"Polygon","coordinates":[[[-5.1526,58.287],[-5.1566,58.2833],[-5.1517,58.2837],[-5.1519,58.28],[-5.14,58.2778],[-5.1437,58.2826],[-5.1526,58.287]]]},"properties":null,"id":36528},
{"type":"Feature","geometry":{"type":"Polygon","coordinates":[[[-4.6812,51.631],[-4.6751,51.639],[-4.6817,51.6418],[-4.6938,51.6397],[-4.7036,51.6434],[-4.7095,51.6422],[-4.7011,51.638],[-4.7051,51.6325],[-4.6942,51.6345],[-4.6933,51.632],[-4.6812,51.631]]]},"properties":null,"id":36532},
{"type":"Feature","geometry":{"type":"Polygon","coordinates":[[[-5.1733,58.3063],[-5.1744,58.3025],[-5.1731,58.3017],[-5.1682,58.3033],[-5.1733,58.3063]]]},"properties":null,"id":36534},
{"type":"Feature","geometry":{"type":"Polygon","coordinates":[[[-10.0291,51.7079],[-10.0161,51.7101],[-10.0106,51.7141],[-10.0254,51.7113],[-10.0291,51.7079]]]},"properties":null,"id":36535},
{"type":"Feature","geometry":{"type":"Polygon","coordinates":[[[-5.3017,58.1046],[-5.3064,58.1021],[-5.2926,58.1006],[-5.2945,58.1035],[-5.3017,58.1046]]]},"properties":null,"id":36556},
{"type":"Feature","geometry":{"type":"Polygon","coordinates":[[[-5.3513,58.1297],[-5.34,58.1301],[-5.3417,58.1304],[-5.3513,58.1297]]]},"properties":null,"id":36557},
{"type":"Feature","geometry":{"type":"Polygon","coordinates":[[[-9.5121,52.6179],[-9.5243,52.6162],[-9.5187,52.6048],[-9.5173,52.6099],[-9.5129,52.6112],[-9.5121,52.6179]]]},"properties":null,"id":36569},
{"type":"Feature","geometry":{"type":"Polygon","coordinates":[[[-5.3617,57.9601],[-5.3675,57.9602],[-5.3596,57.96],[-5.3628,57.9624],[-5.3657,57.9616],[-5.3617,57.9601]]]},"properties":null,"id":36570},
{"type":"Feature","geometry":{"type":"Polygon","coordinates":[[[-10.2364,51.7344],[-10.246,51.7369],[-10.2556,51.7354],[-10.2639,51.7257],[-10.2465,51.7256],[-10.2364,51.7344]]]},"properties":null,"id":36576},
{"type":"Feature","geometry":{"type":"Polygon","coordinates":[[[-6.2939,56.0341],[-6.2925,56.0317],[-6.2875,56.0331],[-6.2939,56.0341]]]},"properties":null,"id":36577},
{"type":"Feature","geometry":{"type":"Polygon","coordinates":[[[-10.2167,51.742],[-10.2206,51.7416],[-10.2259,51.7319],[-10.2156,51.7332],[-10.2192,51.7382],[-10.2167,51.742]]]},"properties":null,"id":36579},
{"type":"Feature","geometry":{"type":"Polygon","coordinates":[[[-5.2815,51.7008],[-5.29,51.6957],[-5.2887,51.6938],[-5.2776,51.6933],[-5.2701,51.696],[-5.2705,51.6993],[-5.2647,51.7018],[-5.2815,51.7008]]]},"properties":null,"id":36582},
{"type":"Feature","geometry":{"type":"Polygon","coordinates":[[[-9.9098,51.7856],[-9.8956,51.7922],[-9.9012,51.7919],[-9.9098,51.7856]]]},"properties":null,"id":36583},
{"type":"Feature","geometry":{"type":"Polygon","coordinates":[[[-7.4242,57.0273],[-7.4193,57.0264],[-7.4106,57.0295],[-7.4194,57.031],[-7.4242,57.0273]]]},"properties":null,"id":36627},
{"type":"Feature","geometry":{"type":"Polygon","coordinates":[[[-9.6363,51.8632],[-9.6474,51.8632],[-9.6492,51.8611],[-9.6463,51.8601],[-9.6363,51.8632]]]},"properties":null,"id":36658},
{"type":"Feature","geometry":{"type":"Polygon","coordinates":[[[-9.8038,51.8299],[-9.7987,51.83],[-9.8059,51.8267],[-9.8087,51.8279],[-9.8132,51.8214],[-9.8054,51.8215],[-9.8117,51.8168],[-9.7922,51.8249],[-9.7931,51.8278],[-9.7868,51.8312],[-9.8038,51.8299]]]},"properties":null,"id":36661},
{"type":"Feature","geometry":{"type":"Polygon","coordinates":[[[-9.8619,51.8103],[-9.8689,51.8075],[-9.8726,51.7961],[-9.8645,51.799],[-9.8619,51.8103]]]},"properties":null,"id":36670},
{"type":"Feature","geometry":{"type":"Polygon","coordinates":[[[-9.9072,51.8038],[-9.8997,51.8037],[-9.8943,51.8094],[-9.8995,51.807],[-9.8992,51.8095],[-9.9072,51.8038]]]},"properties":null,"id":36779},
{"type":"Feature","geometry":{"type":"Polygon","coordinates":[[[-10.2037,51.6015],[-10.2076,51.6025],[-10.2174,51.5936],[-10.2264,51.5927],[-10.2265,51.5893],[-10.2378,51.5836],[-10.2333,51.583],[-10.2351,51.5795],[-10.2113,51.5899],[-10.2059,51.589],[-10.1907,51.5955],[-10.179,51.5959],[-10.1735,51.6004],[-10.1583,51.6042],[-10.1568,51.6076],[-10.1657,51.6124],[-10.1718,51.609],[-10.1858,51.6092],[-10.1878,51.6049],[-10.2013,51.6051],[-10.2037,51.6015]]]},"properties":null,"id":36784},
{"type":"Feature","geometry":{"type":"Polygon","coordinates":[[[-9.0881,52.6645],[-9.0766,52.6692],[-9.0865,52.6736],[-9.0997,52.6671],[-9.0881,52.6645]]]},"properties":null,"id":36993},
{"type":"Feature","geometry":{"type":"Polygon","coordinates":[[[-10.1524,51.7562],[-10.1475,51.7516],[-10.1409,51.7565],[-10.1524,51.7562]]]},"properties":null,"id":37646},
{"type":"Feature","geometry":{"type":"Polygon","coordinates":[[[-7.2446,57.1637],[-7.25,57.1665],[-7.2463,57.171],[-7.2505,57.1745],[-7.2502,57.183],[-7.2575,57.1865],[-7.2611,57.1927],[-7.267,57.1933],[-7.2612,57.207],[-7.2664,57.21],[-7.2708,57.2095],[-7.2755,57.2157],[-7.2906,57.213],[-7.3008,57.2156],[-7.3036,57.2218],[-7.2995,57.2224],[-7.3092,57.2225],[-7.3084,57.2253],[-7.3142,57.2266],[-7.3129,57.2276],[-7.3074,57.2267],[-7.3089,57.2298],[-7.3179,57.2299],[-7.317,57.2278],[-7.3247,57.2272],[-7.3184,57.2233],[-7.3311,57.2262],[-7.3385,57.2231],[-7.3446,57.2282],[-7.3471,57.2262],[-7.3435,57.225],[-7.3497,57.2255],[-7.3607,57.2341],[-7.3552,57.2352],[-7.3651,57.2432],[-7.363,57.2459],[-7.3579,57.2393],[-7.3463,57.2364],[-7.3442,57.2383],[-7.3513,57.2414],[-7.3488,57.2431],[-7.3448,57.2411],[-7.346,57.2437],[-7.3429,57.2409],[-7.3428,57.2372],[-7.3355,57.2306],[-7.3202,57.2314],[-7.3156,57.2355],[-7.3085,57.2333],[-7.3045,57.2393],[-7.2832,57.2274],[-7.2912,57.2276],[-7.3004,57.2341],[-7.303,57.2332],[-7.2982,57.2318],[-7.3012,57.231],[-7.2987,57.2275],[-7.305,57.2295],[-7.3049,57.2263],[-7.283,57.2217],[-7.2811,57.2271],[-7.2733,57.2241],[-7.2608,57.2271],[-7.2627,57.2343],[-7.2561,57.2355],[-7.2594,57.2372],[-7.2575,57.2435],[-7.2427,57.2489],[-7.2493,57.2543],[-7.2476,57.257],[-7.2418,57.257],[-7.2498,57.2575],[-7.2531,57.2605],[-7.2409,57.2673],[-7.2398,57.2714],[-7.2353,57.2708],[-7.2374,57.2736],[-7.232,57.2734],[-7.2271,57.2822],[-7.218,57.2792],[-7.2033,57.2809],[-7.1995,57.2876],[-7.2021,57.289],[-7.1972,57.2912],[-7.2026,57.2947],[-7.1921,57.2996],[-7.2005,57.3065],[-7.2206,57.3008],[-7.2187,57.3113],[-7.2244,57.3158],[-7.2287,57.3155],[-7.2234,57.3166],[-7.2278,57.3193],[-7.2227,57.3197],[-7.2229,57.322],[-7.2347,57.3252],[-7.2384,57.3195],[-7.248,57.3229],[-7.2535,57.3209],[-7.2571,57.3259],[-7.272,57.3231],[-7.27,57.3276],[-7.291,57.3347],[-7.2992,57.3413],[-7.3227,57.3522],[-7.3109,57.3473],[-7.3063,57.3478],[-7.2956,57.3391],[-7.2702,57.3321],[-7.2728,57.329],[-7.2674,57.328],[-7.261,57.3286],[-7.265,57.333],[-7.2557,57.333],[-7.2625,57.3323],[-7.2544,57.3296],[-7.2524,57.3325],[-7.2434,57.3345],[-7.2444,57.3365],[-7.24,57.3347],[-7.2355,57.3369],[-7.2309,57.3357],[-7.2363,57.3411],[-7.2317,57.3407],[-7.2289,57.3397],[-7.2255,57.3396],[-7.227,57.3427],[-7.223,57.3419],[-7.221,57.3441],[-7.2251,57.3472],[-7.2209,57.347],[-7.2208,57.3491],[-7.2262,57.3497],[-7.2248,57.3478],[-7.2334,57.3466],[-7.227,57.3432],[-7.2347,57.3448],[-7.2309,57.3435],[-7.2338,57.3418],[-7.2484,57.3416],[-7.245,57.343],[-7.2415,57.3419],[-7.2406,57.3466],[-7.2585,57.3414],[-7.2626,57.3422],[-7.2597,57.3453],[-7.2652,57.3428],[-7.2668,57.3441],[-7.2654,57.3452],[-7.2691,57.3446],[-7.2719,57.3453],[-7.2716,57.3459],[-7.2701,57.3456],[-7.2693,57.345],[-7.2658,57.3462],[-7.2741,57.35],[-7.264,57.3496],[-7.2651,57.3514],[-7.2495,57.3473],[-7.248,57.3491],[-7.2404,57.3478],[-7.2409,57.3532],[-7.2532,57.3533],[-7.2499,57.3564],[-7.2584,57.3568],[-7.2704,57.3629],[-7.2626,57.3617],[-7.2662,57.3655],[-7.281,57.3697],[-7.311,57.3722],[-7.3096,57.3742],[-7.2974,57.3722],[-7.3043,57.3766],[-7.2947,57.3742],[-7.2983,57.3761],[-7.2924,57.375],[-7.2943,57.377],[-7.2877,57.3768],[-7.287,57.3799],[-7.2819,57.3762],[-7.2773,57.3777],[-7.2838,57.3732],[-7.2787,57.3747],[-7.2666,57.3723],[-7.2657,57.3739],[-7.2715,57.3799],[-7.2832,57.3844],[-7.2819,57.3826],[-7.2911,57.3851],[-7.291,57.3802],[-7.2945,57.3795],[-7.2945,57.3842],[-7.3104,57.3875],[-7.3165,57.3869],[-7.3192,57.3826],[-7.3233,57.3867],[-7.322,57.3871],[-7.3184,57.3863],[-7.3194,57.3881],[-7.3229,57.387],[-7.3262,57.3892],[-7.318,57.3887],[-7.3182,57.3921],[-7.3231,57.3939],[-7.329,57.3911],[-7.3322,57.3937],[-7.3262,57.3936],[-7.328,57.395],[-7.3307,57.3947],[-7.3274,57.3954],[-7.3257,57.4063],[-7.3294,57.3994],[-7.3398,57.4027],[-7.3539,57.3988],[-7.3671,57.3987],[-7.3746,57.3958],[-7.3661,57.3947],[-7.3687,57.3932],[-7.3758,57.3953],[-7.3793,57.3928],[-7.3886,57.3926],[-7.3846,57.3965],[-7.3779,57.3952],[-7.3897,57.3996],[-7.3987,57.3998],[-7.4123,57.3873],[-7.4256,57.3907],[-7.431,57.3868],[-7.4121,57.3712],[-7.4035,57.358],[-7.3952,57.331],[-7.3997,57.3076],[-7.3915,57.3008],[-7.3964,57.3015],[-7.4066,57.2932],[-7.4206,57.2887],[-7.4196,57.2787],[-7.4234,57.2744],[-7.4299,57.2748],[-7.4228,57.2684],[-7.4293,57.2469],[-7.4403,57.2415],[-7.4521,57.2437],[-7.4583,57.2411],[-7.4545,57.2382],[-7.4491,57.2404],[-7.4355,57.2365],[-7.4307,57.2299],[-7.4324,57.2216],[-7.4235,57.2168],[-7.4242,57.1909],[-7.4077,57.161],[-7.4124,57.1496],[-7.4029,57.1384],[-7.404,57.131],[-7.3933,57.1246],[-7.391,57.1261],[-7.3921,57.1138],[-7.3804,57.1104],[-7.3735,57.1039],[-7.3402,57.1016],[-7.324,57.1028],[-7.3235,57.1032],[-7.3267,57.1045],[-7.3234,57.1055],[-7.318,57.1033],[-7.3177,57.0989],[-7.3174,57.1029],[-7.3132,57.104],[-7.3164,57.1043],[-7.3037,57.107],[-7.3015,57.111],[-7.2974,57.1073],[-7.2791,57.1082],[-7.2584,57.0993],[-7.2284,57.0962],[-7.234,57.1041],[-7.224,57.1046],[-7.2205,57.1075],[-7.2246,57.1088],[-7.2183,57.1107],[-7.2303,57.1117],[-7.2208,57.1129],[-7.2156,57.1106],[-7.2119,57.1175],[-7.2264,57.1187],[-7.2282,57.1256],[-7.2327,57.1264],[-7.2389,57.1185],[-7.244,57.1189],[-7.2412,57.1201],[-7.2436,57.123],[-7.239,57.1239],[-7.2448,57.1282],[-7.2516,57.1281],[-7.2455,57.1315],[-7.2463,57.1358],[-7.255,57.1357],[-7.2612,57.1399],[-7.282,57.143],[-7.2913,57.1406],[-7.3005,57.1416],[-7.3002,57.1393],[-7.3076,57.1367],[-7.3296,57.1399],[-7.3335,57.1359],[-7.3363,57.1387],[-7.3369,57.1368],[-7.3407,57.1378],[-7.3452,57.1431],[-7.339,57.1465],[-7.3439,57.1496],[-7.3457,57.1499],[-7.3462,57.1494],[-7.3433,57.1465],[-7.3537,57.1505],[-7.3458,57.1526],[-7.356,57.1536],[-7.3519,57.155],[-7.3439,57.1531],[-7.3459,57.1558],[-7.3404,57.1564],[-7.3365,57.1549],[-7.3309,57.1607],[-7.3227,57.1596],[-7.318,57.1552],[-7.3211,57.1515],[-7.2904,57.1473],[-7.2897,57.149],[-7.3084,57.1509],[-7.3023,57.1533],[-7.3107,57.1555],[-7.3066,57.158],[-7.321,57.164],[-7.3089,57.163],[-7.3055,57.1589],[-7.284,57.1498],[-7.2684,57.1497],[-7.257,57.1528],[-7.258,57.1583],[-7.2517,57.1592],[-7.2446,57.1637]]]},"properties":null,"id":38272},
{"type":"Feature","geometry":{"type":"Polygon","coordinates":[[[-7.3503,57.2308],[-7.3449,57.2321],[-7.3465,57.2355],[-7.3567,57.2381],[-7.3532,57.2358],[-7.3503,57.2308]]]},"properties":null,"id":38314},
{"type":"Feature","geometry":{"type":"Polygon","coordinates":[[[-4.6531,51.1623],[-4.6616,51.167],[-4.6638,51.1906],[-4.6699,51.1949],[-4.6702,51.201],[-4.6775,51.2025],[-4.6794,51.1938],[-4.6745,51.1903],[-4.6754,51.1894],[-4.6772,51.1893],[-4.6741,51.1855],[-4.6775,51.1853],[-4.6731,51.1802],[-4.6806,51.1725],[-4.6719,51.159],[-4.6531,51.1623]]]},"properties":null,"id":38326},
{"type":"Feature","geometry":{"type":"Polygon","coordinates":[[[-7.2509,57.3264],[-7.2449,57.3251],[-7.2405,57.3289],[-7.2485,57.329],[-7.2509,57.3264]]]},"properties":null,"id":38327},
{"type":"Feature","geometry":{"type":"Polygon","coordinates":[[[-7.2288,57.3282],[-7.224,57.3275],[-7.2208,57.3294],[-7.2269,57.3307],[-7.2288,57.3282]]]},"properties":null,"id":38328},
{"type":"Feature","geometry":{"type":"Polygon","coordinates":[[[-7.22,57.3425],[-7.2175,57.3414],[-7.2139,57.3463],[-7.2122,57.3466],[-7.2134,57.3445],[-7.2112,57.3455],[-7.2119,57.3488],[-7.2148,57.348],[-7.22,57.3425]]]},"properties":null,"id":38329},
{"type":"Feature","geometry":{"type":"Polygon","coordinates":[[[-7.1397,58.0827],[-7.1354,58.0832],[-7.1359,58.081],[-7.131,58.0824],[-7.1286,58.08],[-7.1333,58.0793],[-7.1307,58.0788],[-7.1359,58.0752],[-7.1182,58.0732],[-7.1215,58.0857],[-7.1349,58.0867],[-7.1397,58.0827]]]},"properties":null,"id":38901},
{"type":"Feature","geometry":{"type":"Polygon","coordinates":[[[-7.1231,58.008],[-7.1159,58.0027],[-7.0993,58.0057],[-7.0987,58.0118],[-7.1106,58.0311],[-7.1254,58.0327],[-7.1262,58.0372],[-7.1313,58.0385],[-7.1429,58.0352],[-7.1543,58.0354],[-7.1555,58.0319],[-7.157,58.0337],[-7.1627,58.0332],[-7.1715,58.0294],[-7.172,58.0262],[-7.1692,58.0271],[-7.1682,58.0226],[-7.165,58.023],[-7.1658,58.0193],[-7.158,58.0174],[-7.1537,58.0087],[-7.1504,58.0079],[-7.1434,58.0116],[-7.1231,58.008]]]},"properties":null,"id":38902},
{"type":"Feature","geometry":{"type":"Polygon","coordinates":[[[-6.3783,49.8963],[-6.37,49.8957],[-6.3682,49.8915],[-6.3656,49.8929],[-6.3733,49.8994],[-6.3783,49.8963]]]},"properties":null,"id":39177},
{"type":"Feature","geometry":{"type":"Polygon","coordinates":[[[-6.2612,49.9525],[-6.2537,49.9486],[-6.2541,49.9512],[-6.2612,49.9525]]]},"properties":null,"id":39186},
{"type":"Feature","geometry":{"type":"Polygon","coordinates":[[[-6.35,49.8977],[-6.3531,49.8886],[-6.3459,49.8901],[-6.3413,49.8825],[-6.3357,49.8868],[-6.3375,49.8939],[-6.342,49.8972],[-6.3458,49.8952],[-6.35,49.8977]]]},"properties":null,"id":39208},
{"type":"Feature","geometry":{"type":"Polygon","coordinates":[[[-7.2544,57.1895],[-7.2455,57.1878],[-7.2415,57.193],[-7.2525,57.1951],[-7.2559,57.1932],[-7.2544,57.1895]]]},"properties":null,"id":39214},
{"type":"Feature","geometry":{"type":"Polygon","coordinates":[[[-6.329,49.8888],[-6.3281,49.8949],[-6.3349,49.8982],[-6.3382,49.8975],[-6.329,49.8888]]]},"properties":null,"id":39217},
{"type":"Feature","geometry":{"type":"Polygon","coordinates":[[[-6.3577,49.9301],[-6.3488,49.9285],[-6.3499,49.9372],[-6.3535,49.9385],[-6.3559,49.9367],[-6.3577,49.9301]]]},"properties":null,"id":39232},
{"type":"Feature","geometry":{"type":"Polygon","coordinates":[[[-6.327,49.9702],[-6.323,49.9709],[-6.3202,49.9735],[-6.3273,49.9747],[-6.327,49.9702]]]},"properties":null,"id":39241},
{"type":"Feature","geometry":{"type":"Polygon","coordinates":[[[-6.3091,49.9692],[-6.3154,49.9702],[-6.3183,49.9687],[-6.3094,49.9646],[-6.3091,49.9692]]]},"properties":null,"id":39243},
{"type":"Feature","geometry":{"type":"Polygon","coordinates":[[[-6.293,49.9735],[-6.2979,49.9735],[-6.2986,49.9695],[-6.3033,49.97],[-6.3042,49.964],[-6.2891,49.9615],[-6.2842,49.9565],[-6.2619,49.9627],[-6.2659,49.9677],[-6.2702,49.9641],[-6.2734,49.9664],[-6.2778,49.9639],[-6.281,49.9663],[-6.2876,49.9656],[-6.293,49.9735]]]},"properties":null,"id":39255},
{"type":"Feature","geometry":{"type":"Polygon","coordinates":[[[-6.2884,49.9782],[-6.2926,49.9807],[-6.2958,49.9803],[-6.2909,49.9744],[-6.2884,49.9782]]]},"properties":null,"id":39262},
{"type":"Feature","geometry":{"type":"Polygon","coordinates":[[[-6.3324,49.9391],[-6.3283,49.9435],[-6.3197,49.9448],[-6.3227,49.9469],[-6.3191,49.9534],[-6.3272,49.9593],[-6.3325,49.959],[-6.3343,49.9639],[-6.3398,49.9628],[-6.3426,49.9679],[-6.3486,49.968],[-6.3519,49.965],[-6.3391,49.9559],[-6.3324,49.9391]]]},"properties":null,"id":39269},
{"type":"Feature","geometry":{"type":"Polygon","coordinates":[[[-6.3581,49.9636],[-6.3568,49.9595],[-6.3624,49.9553],[-6.3583,49.9535],[-6.3651,49.9518],[-6.3565,49.9497],[-6.3626,49.946],[-6.3523,49.9446],[-6.3481,49.9557],[-6.3581,49.9636]]]},"properties":null,"id":39277},
{"type":"Feature","geometry":{"type":"Polygon","coordinates":[[[-6.3429,57.902],[-6.3242,57.8983],[-6.3337,57.9017],[-6.3359,57.9082],[-6.3429,57.902]]]},"properties":null,"id":39493},
{"type":"Feature","geometry":{"type":"Polygon","coordinates":[[[-6.3575,57.8943],[-6.3578,57.9006],[-6.3527,57.9026],[-6.3603,57.9045],[-6.3703,57.902],[-6.3814,57.9033],[-6.3787,57.8999],[-6.3585,57.8948],[-6.3527,57.8801],[-6.3489,57.8925],[-6.3575,57.8943]]]},"properties":null,"id":39494},
{"type":"Feature","geometry":{"type":"Polygon","coordinates":[[[-2.0475,50.7233],[-2.0414,50.7233],[-2.0427,50.7263],[-2.0475,50.7233]]]},"properties":null,"id":39569},
{"type":"Feature","geometry":{"type":"Polygon","coordinates":[[[-6.7259,58.0079],[-6.7361,58.006],[-6.7402,58.0025],[-6.7396,57.9984],[-6.7251,57.9856],[-6.7173,57.9874],[-6.7129,57.993],[-6.7259,58.0079]]]},"properties":null,"id":39608},
{"type":"Feature","geometry":{"type":"Polygon","coordinates":[[[-10.2169,53.6108],[-10.2135,53.607],[-10.2092,53.6073],[-10.2169,53.6108]]]},"properties":null,"id":39696},
{"type":"Feature","geometry":{"type":"Polygon","coordinates":[[[-9.7533,53.2681],[-9.761,53.2626],[-9.7524,53.2568],[-9.7533,53.2681]]]},"properties":null,"id":39697},
{"type":"Feature","geometry":{"type":"Polygon","coordinates":[[[-9.7407,53.26],[-9.7496,53.263],[-9.751,53.2552],[-9.7458,53.248],[-9.7364,53.2487],[-9.7407,53.26]]]},"properties":null,"id":39698},
{"type":"Feature","geometry":{"type":"Polygon","coordinates":[[[-9.7443,53.2409],[-9.7433,53.2393],[-9.7425,53.243],[-9.7474,53.2424],[-9.7537,53.2455],[-9.7594,53.2399],[-9.7443,53.2409]]]},"properties":null,"id":39699},
{"type":"Feature","geometry":{"type":"Polygon","coordinates":[[[-9.6198,53.2754],[-9.6148,53.2836],[-9.6244,53.2843],[-9.6198,53.2754]]]},"properties":null,"id":39707},
{"type":"Feature","geometry":{"type":"Polygon","coordinates":[[[-9.6028,53.2851],[-9.6052,53.2898],[-9.6096,53.288],[-9.6121,53.285],[-9.6122,53.2839],[-9.6028,53.2851]]]},"properties":null,"id":39746},
{"type":"Feature","geometry":{"type":"Polygon","coordinates":[[[-9.0271,53.2136],[-9.0171,53.2135],[-9.0235,53.2136],[-9.0249,53.2166],[-9.0103,53.2192],[-9.0047,53.2235],[-9.0254,53.2252],[-9.0487,53.22],[-9.0271,53.2136]]]},"properties":null,"id":39747},
{"type":"Feature","geometry":{"type":"Polygon","coordinates":[[[-8.9992,53.2189],[-9.0082,53.2193],[-9.0082,53.2164],[-9.0043,53.2161],[-8.9992,53.2189]]]},"properties":null,"id":39748},
{"type":"Feature","geometry":{"type":"Polygon","coordinates":[[[-9.0003,53.2135],[-9.0158,53.2146],[-9.015,53.2137],[-9.0072,53.2126],[-9.0003,53.2135]]]},"properties":null,"id":39749},
{"type":"Feature","geometry":{"type":"Polygon","coordinates":[[[-9.9222,53.3747],[-9.9327,53.3737],[-9.9325,53.3659],[-9.9237,53.3671],[-9.9222,53.3747]]]},"properties":null,"id":39751},
{"type":"Feature","geometry":{"type":"Polygon","coordinates":[[[-9.8111,53.3941],[-9.807,53.3955],[-9.8015,53.4011],[-9.8113,53.3977],[-9.8111,53.3941]]]},"properties":null,"id":39752},
{"type":"Feature","geometry":{"type":"Polygon","coordinates":[[[-9.8214,53.2927],[-9.8207,53.2878],[-9.8146,53.289],[-9.8115,53.2947],[-9.8041,53.2962],[-9.8012,53.3006],[-9.8109,53.3021],[-9.8214,53.2927]]]},"properties":null,"id":39757},
{"type":"Feature","geometry":{"type":"Polygon","coordinates":[[[-3.0974,53.2721],[-3.0993,53.2685],[-3.0968,53.2679],[-3.0974,53.2721]]]},"properties":null,"id":39777},
{"type":"Feature","geometry":{"type":"Polygon","coordinates":[[[-10.1701,53.4393],[-10.1783,53.4385],[-10.1756,53.4362],[-10.1701,53.4393]]]},"properties":null,"id":39797},
{"type":"Feature","geometry":{"type":"Polygon","coordinates":[[[-10.2363,53.4005],[-10.23,53.3968],[-10.2252,53.3991],[-10.2363,53.4005]]]},"properties":null,"id":39798},
{"type":"Feature","geometry":{"type":"Polygon","coordinates":[[[-9.5892,53.3387],[-9.5854,53.3467],[-9.5958,53.3471],[-9.5924,53.3386],[-9.5892,53.3387]]]},"properties":null,"id":39818},
{"type":"Feature","geometry":{"type":"Polygon","coordinates":[[[-9.7101,53.28],[-9.7151,53.2845],[-9.7219,53.2831],[-9.7218,53.2757],[-9.717,53.272],[-9.7085,53.2761],[-9.701,53.274],[-9.7049,53.2806],[-9.7101,53.28]]]},"properties":null,"id":39840},
{"type":"Feature","geometry":{"type":"Polygon","coordinates":[[[-6.5048,55.6716],[-6.5155,55.6764],[-6.515,55.671],[-6.5048,55.6716]]]},"properties":null,"id":39842},
{"type":"Feature","geometry":{"type":"Polygon","coordinates":[[[-9.759,53.1252],[-9.7577,53.1212],[-9.7475,53.1212],[-9.7397,53.1162],[-9.7169,53.1132],[-9.7175,53.1102],[-9.7133,53.1115],[-9.7111,53.1068],[-9.6906,53.1076],[-9.6886,53.1035],[-9.6847,53.1051],[-9.685,53.1023],[-9.6532,53.0886],[-9.6396,53.0888],[-9.6362,53.0961],[-9.639,53.0999],[-9.6308,53.1014],[-9.6319,53.1107],[-9.6393,53.1043],[-9.6509,53.1037],[-9.6418,53.1004],[-9.6507,53.1],[-9.6546,53.1034],[-9.6498,53.1076],[-9.6568,53.1093],[-9.6586,53.1063],[-9.6547,53.1047],[-9.6596,53.1041],[-9.6684,53.1121],[-9.6758,53.1128],[-9.6689,53.119],[-9.6638,53.119],[-9.6664,53.1165],[-9.6641,53.1181],[-9.6606,53.1255],[-9.6531,53.1258],[-9.6534,53.1307],[-9.6636,53.1343],[-9.6612,53.133],[-9.667,53.1312],[-9.6749,53.134],[-9.6828,53.1331],[-9.6875,53.1386],[-9.6977,53.1383],[-9.7085,53.1422],[-9.715,53.1418],[-9.7144,53.1414],[-9.711,53.1411],[-9.7098,53.1402],[-9.7116,53.138],[-9.7375,53.1377],[-9.7497,53.1316],[-9.76,53.1494],[-9.7666,53.1483],[-9.771,53.1511],[-9.7762,53.1482],[-9.7831,53.152],[-9.8074,53.1519],[-9.8289,53.1426],[-9.8269,53.136],[-9.8064,53.1353],[-9.7948,53.133],[-9.7925,53.1296],[-9.759,53.1252]]]},"properties":null,"id":39858},
{"type":"Feature","geometry":{"type":"Polygon","coordinates":[[[-9.6738,53.3191],[-9.6756,53.3224],[-9.6811,53.3203],[-9.6795,53.3234],[-9.6837,53.3236],[-9.6827,53.3142],[-9.6743,53.3183],[-9.6678,53.3166],[-9.6601,53.3184],[-9.6639,53.319],[-9.661,53.3192],[-9.6645,53.324],[-9.673,53.3224],[-9.6738,53.3191]]]},"properties":null,"id":39864},
{"type":"Feature","geometry":{"type":"Polygon","coordinates":[[[-1.4221,60.4122],[-1.4333,60.4103],[-1.4275,60.4064],[-1.4246,60.4071],[-1.427,60.4095],[-1.421,60.4107],[-1.4221,60.4122]]]},"properties":null,"id":40193},
{"type":"Feature","geometry":{"type":"Polygon","coordinates":[[[-1.141,60.4621],[-1.1386,60.464],[-1.1445,60.4653],[-1.1556,60.4751],[-1.1626,60.4661],[-1.141,60.4621]]]},"properties":null,"id":40226},
{"type":"Feature","geometry":{"type":"Polygon","coordinates":[[[-1.1054,60.4765],[-1.1018,60.4775],[-1.1024,60.4818],[-1.1065,60.4811],[-1.1054,60.4765]]]},"properties":null,"id":40227},
{"type":"Feature","geometry":{"type":"Polygon","coordinates":[[[-1.3911,60.3215],[-1.3821,60.3272],[-1.3832,60.3316],[-1.3755,60.3348],[-1.3799,60.3407],[-1.3878,60.343],[-1.4015,60.3391],[-1.3943,60.3394],[-1.3913,60.3339],[-1.3995,60.3319],[-1.4039,60.3335],[-1.4021,60.3279],[-1.4061,60.3266],[-1.3911,60.3215]]]},"properties":null,"id":40232},
{"type":"Feature","geometry":{"type":"Polygon","coordinates":[[[-1.4511,60.4397],[-1.4545,60.4434],[-1.4583,60.4432],[-1.4608,60.4363],[-1.4577,60.4384],[-1.454,60.4374],[-1.4511,60.4397]]]},"properties":null,"id":40361},
{"type":"Feature","geometry":{"type":"Polygon","coordinates":[[[-1.3686,60.0248],[-1.3706,60.0196],[-1.3675,60.0186],[-1.3666,60.0218],[-1.3686,60.0248]]]},"properties":null,"id":40372},
{"type":"Feature","geometry":{"type":"Polygon","coordinates":[[[-8.4653,54.9877],[-8.4708,54.9939],[-8.479,54.9941],[-8.4792,54.9922],[-8.4653,54.9877]]]},"properties":null,"id":40464},
{"type":"Feature","geometry":{"type":"Polygon","coordinates":[[[-1.3638,60.0307],[-1.367,60.0291],[-1.3617,60.0228],[-1.3546,60.0238],[-1.3563,60.0207],[-1.3521,60.0232],[-1.3511,60.0192],[-1.3494,60.0224],[-1.3511,60.0244],[-1.3445,60.0274],[-1.3476,60.0291],[-1.3511,60.0279],[-1.3512,60.0296],[-1.3577,60.0271],[-1.3638,60.0307]]]},"properties":null,"id":40718},
{"type":"Feature","geometry":{"type":"Polygon","coordinates":[[[-1.3556,59.9549],[-1.3602,59.9543],[-1.3627,59.9508],[-1.3537,59.9489],[-1.3522,59.952],[-1.3561,59.9526],[-1.3556,59.9549]]]},"properties":null,"id":40728},
{"type":"Feature","geometry":{"type":"Polygon","coordinates":[[[-6.2761,56.0188],[-6.2799,56.0166],[-6.2618,56.0162],[-6.2649,56.0182],[-6.2761,56.0188]]]},"properties":null,"id":40752},
{"type":"Feature","geometry":{"type":"Polygon","coordinates":[[[-6.7877,58.2221],[-6.7915,58.2191],[-6.7946,58.2209],[-6.7982,58.2195],[-6.7957,58.2242],[-6.8085,58.2295],[-6.8077,58.2313],[-6.8129,58.2314],[-6.8115,58.2343],[-6.8173,58.2372],[-6.8214,58.238],[-6.8222,58.2361],[-6.8139,58.2314],[-6.8202,58.2325],[-6.8186,58.2286],[-6.8232,58.2288],[-6.8237,58.2319],[-6.828,58.2311],[-6.834,58.2392],[-6.8369,58.2321],[-6.8383,58.2378],[-6.8457,58.243],[-6.8421,58.2502],[-6.85,58.2574],[-6.8538,58.2555],[-6.8541,58.259],[-6.8559,58.2565],[-6.8785,58.2593],[-6.884,58.2567],[-6.8908,58.2599],[-6.892,58.2519],[-6.8845,58.2463],[-6.8893,58.2459],[-6.8891,58.2428],[-6.8841,58.2389],[-6.8786,58.2408],[-6.8725,58.2344],[-6.8715,58.2307],[-6.8786,58.2345],[-6.877,58.2299],[-6.8618,58.2235],[-6.8718,58.2425],[-6.8616,58.2375],[-6.8659,58.2356],[-6.8594,58.2231],[-6.8553,58.2238],[-6.856,58.2271],[-6.8537,58.2259],[-6.8545,58.2226],[-6.8594,58.2224],[-6.8589,58.2154],[-6.8601,58.2201],[-6.8639,58.2201],[-6.8626,58.218],[-6.8755,58.2202],[-6.8673,58.2075],[-6.8362,58.2048],[-6.8261,58.206],[-6.8273,58.2098],[-6.8234,58.2066],[-6.8012,58.2067],[-6.7977,58.2031],[-6.7856,58.2003],[-6.7819,58.2029],[-6.7868,58.2084],[-6.7831,58.2107],[-6.7858,58.214],[-6.782,58.2139],[-6.7877,58.2221]]]},"properties":null,"id":41152},
{"type":"Feature","geometry":{"type":"Polygon","coordinates":[[[-6.8772,58.2085],[-6.8844,58.2129],[-6.8874,58.2111],[-6.8953,58.2196],[-6.8956,58.2072],[-6.888,58.2041],[-6.8772,58.2085]]]},"properties":null,"id":41155},
{"type":"Feature","geometry":{"type":"Polygon","coordinates":[[[-5.3504,57.993],[-5.3481,57.9898],[-5.3524,57.9815],[-5.3462,57.9797],[-5.3389,57.9854],[-5.341,57.9912],[-5.3504,57.993]]]},"properties":null,"id":41304},
{"type":"Feature","geometry":{"type":"Polygon","coordinates":[[[-8.8332,54.662],[-8.8241,54.6612],[-8.8259,54.6685],[-8.8319,54.6674],[-8.8332,54.662]]]},"properties":null,"id":41312},
{"type":"Feature","geometry":{"type":"Polygon","coordinates":[[[-6.787,58.2229],[-6.7927,58.2278],[-6.7949,58.2276],[-6.7924,58.2232],[-6.787,58.2229]]]},"properties":null,"id":41315},
{"type":"Feature","geometry":{"type":"Polygon","coordinates":[[[-1.1116,50.8005],[-1.1057,50.7971],[-1.1088,50.7965],[-1.1057,50.7911],[-1.1091,50.7928],[-1.109,50.7904],[-1.089,50.7776],[-1.0286,50.7891],[-1.0309,50.7966],[-1.032,50.792],[-1.0443,50.7905],[-1.038,50.7961],[-1.0442,50.8317],[-1.0628,50.8358],[-1.0783,50.8363],[-1.0783,50.8362],[-1.0845,50.8248],[-1.093,50.8291],[-1.0999,50.8271],[-1.0907,50.8168],[-1.0968,50.8111],[-1.0909,50.8118],[-1.0912,50.8091],[-1.104,50.8105],[-1.1062,50.804],[-1.1115,50.8069],[-1.1094,50.7996],[-1.1116,50.8005]]]},"properties":null,"id":41333},
{"type":"Feature","geometry":{"type":"Polygon","coordinates":[[[-6.884,58.2708],[-6.8877,58.2687],[-6.8794,58.2599],[-6.8709,58.2619],[-6.8591,58.2605],[-6.859,58.2654],[-6.8694,58.2661],[-6.884,58.2708]]]},"properties":null,"id":41461},
{"type":"Feature","geometry":{"type":"Polygon","coordinates":[[[-8.5348,54.8689],[-8.5254,54.8703],[-8.5312,54.8717],[-8.5367,54.8706],[-8.5348,54.8689]]]},"properties":null,"id":41483},
{"type":"Feature","geometry":{"type":"Polygon","coordinates":[[[-8.1615,55.1869],[-8.1625,55.1966],[-8.1684,55.1945],[-8.1615,55.1869]]]},"properties":null,"id":41501},
{"type":"Feature","geometry":{"type":"Polygon","coordinates":[[[-1.623,60.4711],[-1.6205,60.4732],[-1.6273,60.4763],[-1.6285,60.4736],[-1.623,60.4711]]]},"properties":null,"id":41536},
{"type":"Feature","geometry":{"type":"Polygon","coordinates":[[[-4.3345,51.7284],[-4.3428,51.7251],[-4.339,51.7233],[-4.3382,51.7228],[-4.3377,51.7226],[-4.3345,51.7284]]]},"properties":null,"id":41816},
{"type":"Feature","geometry":{"type":"Polygon","coordinates":[[[-4.3259,51.7245],[-4.329,51.724],[-4.3334,51.7255],[-4.3281,51.7217],[-4.3259,51.7245]]]},"properties":null,"id":41874},
{"type":"Feature","geometry":{"type":"Polygon","coordinates":[[[-4.3549,51.727],[-4.3531,51.7249],[-4.3558,51.7268],[-4.3547,51.7252],[-4.3555,51.7241],[-4.3555,51.7244],[-4.3552,51.7248],[-4.3548,51.7252],[-4.3561,51.7258],[-4.3559,51.7269],[-4.3518,51.7286],[-4.3493,51.729],[-4.3557,51.7285],[-4.358,51.7268],[-4.3587,51.7231],[-4.3592,51.7243],[-4.3596,51.725],[-4.3597,51.7228],[-4.3597,51.7227],[-4.3523,51.724],[-4.3509,51.7242],[-4.3435,51.7255],[-4.342,51.7279],[-4.3427,51.7275],[-4.3458,51.7274],[-4.346,51.7276],[-4.3467,51.7266],[-4.3469,51.7277],[-4.3464,51.7278],[-4.3454,51.7275],[-4.3436,51.7278],[-4.3428,51.7276],[-4.3422,51.7305],[-4.3549,51.727]]]},"properties":null,"id":41922},
{"type":"Feature","geometry":{"type":"Polygon","coordinates":[[[-6.0227,53.4833],[-6.0123,53.4823],[-6.0054,53.4857],[-6.0094,53.4884],[-6.0044,53.4925],[-5.9945,53.4943],[-6.0068,53.4989],[-6.0218,53.495],[-6.0272,53.499],[-6.0346,53.4894],[-6.0227,53.4833]]]},"properties":null,"id":41924},
{"type":"Feature","geometry":{"type":"Polygon","coordinates":[[[-6.5264,58.0973],[-6.5261,58.0957],[-6.5176,58.0958],[-6.5264,58.0973]]]},"properties":null,"id":41936},
{"type":"Feature","geometry":{"type":"Polygon","coordinates":[[[-3.2431,54.0975],[-3.2504,54.0947],[-3.2476,54.0981],[-3.2539,54.099],[-3.2527,54.0996],[-3.2464,54.0979],[-3.2427,54.0996],[-3.2509,54.1159],[-3.2504,54.125],[-3.2545,54.1322],[-3.2559,54.1314],[-3.2587,54.1318],[-3.2609,54.1335],[-3.2589,54.1333],[-3.2582,54.1323],[-3.2573,54.1328],[-3.255,54.132],[-3.2612,54.1363],[-3.2593,54.1388],[-3.2607,54.1371],[-3.2608,54.1372],[-3.2607,54.138],[-3.2618,54.137],[-3.2634,54.1374],[-3.2623,54.135],[-3.2635,54.1373],[-3.2634,54.1374],[-3.2628,54.1374],[-3.262,54.1371],[-3.2614,54.1375],[-3.2622,54.1381],[-3.2617,54.1379],[-3.2615,54.1384],[-3.2614,54.1385],[-3.2612,54.1385],[-3.261,54.1384],[-3.2612,54.1381],[-3.2609,54.138],[-3.2607,54.1384],[-3.2601,54.1387],[-3.2608,54.1394],[-3.2606,54.1399],[-3.2635,54.141],[-3.263,54.1398],[-3.2611,54.1389],[-3.2642,54.1388],[-3.2661,54.1422],[-3.2633,54.1477],[-3.2522,54.1504],[-3.2559,54.1532],[-3.2708,54.1484],[-3.2765,54.1423],[-3.2681,54.1072],[-3.2439,54.0788],[-3.208,54.0476],[-3.1946,54.0446],[-3.1731,54.0473],[-3.1682,54.0526],[-3.1718,54.0557],[-3.1742,54.0483],[-3.1788,54.0552],[-3.1961,54.0487],[-3.2049,54.0517],[-3.2103,54.0652],[-3.2233,54.067],[-3.2267,54.0715],[-3.2283,54.0778],[-3.221,54.0805],[-3.2327,54.0837],[-3.23,54.0885],[-3.2388,54.0863],[-3.2363,54.0869],[-3.2397,54.0902],[-3.2432,54.0895],[-3.242,54.0923],[-3.2467,54.0923],[-3.2431,54.0975]]]},"properties":null,"id":42023},
{"type":"Feature","geometry":{"type":"Polygon","coordinates":[[[-9.6651,51.5638],[-9.6745,51.5613],[-9.6692,51.5608],[-9.6651,51.5638]]]},"properties":null,"id":42859},
{"type":"Feature","geometry":{"type":"Polygon","coordinates":[[[-1.2706,60.5016],[-1.2751,60.5004],[-1.2661,60.4946],[-1.2632,60.4961],[-1.2706,60.5016]]]},"properties":null,"id":43024},
{"type":"Feature","geometry":{"type":"Polygon","coordinates":[[[-9.3714,51.4921],[-9.3699,51.4899],[-9.3615,51.4949],[-9.3614,51.4996],[-9.3613,51.5009],[-9.3613,51.5012],[-9.3665,51.5026],[-9.361,51.5048],[-9.3677,51.5029],[-9.3561,51.5077],[-9.3529,51.5069],[-9.3578,51.5154],[-9.3659,51.514],[-9.3745,51.5066],[-9.3766,51.5088],[-9.392,51.5023],[-9.3853,51.4995],[-9.3815,51.502],[-9.3801,51.4977],[-9.3872,51.4923],[-9.3853,51.4882],[-9.3792,51.487],[-9.3714,51.4921]]]},"properties":null,"id":43097},
{"type":"Feature","geometry":{"type":"Polygon","coordinates":[[[-9.8482,53.3106],[-9.8553,53.3142],[-9.8583,53.3096],[-9.8612,53.3111],[-9.8746,53.3042],[-9.8622,53.3038],[-9.8653,53.3023],[-9.8623,53.2992],[-9.8511,53.2999],[-9.8507,53.2916],[-9.8399,53.2874],[-9.8368,53.291],[-9.8455,53.306],[-9.8507,53.3057],[-9.8482,53.3106]]]},"properties":null,"id":43132},
{"type":"Feature","geometry":{"type":"Polygon","coordinates":[[[-7.1913,57.6387],[-7.1827,57.635],[-7.1858,57.6345],[-7.1758,57.6324],[-7.1791,57.6297],[-7.1675,57.6302],[-7.1756,57.632],[-7.1674,57.6319],[-7.1763,57.6334],[-7.1691,57.6348],[-7.1727,57.6366],[-7.1913,57.6387]]]},"properties":null,"id":43201},
{"type":"Feature","geometry":{"type":"Polygon","coordinates":[[[-7.2997,57.5569],[-7.2959,57.5548],[-7.2864,57.5555],[-7.2941,57.5588],[-7.2958,57.5576],[-7.2918,57.5559],[-7.2959,57.5574],[-7.2997,57.5569]]]},"properties":null,"id":43203},
{"type":"Feature","geometry":{"type":"Polygon","coordinates":[[[-7.2748,57.4972],[-7.276,57.495],[-7.2862,57.4964],[-7.2792,57.4934],[-7.2991,57.4896],[-7.3018,57.4863],[-7.299,57.4894],[-7.2728,57.4938],[-7.2748,57.4972]]]},"properties":null,"id":43235},
{"type":"Feature","geometry":{"type":"Polygon","coordinates":[[[-6.77,56.5146],[-6.7627,56.5117],[-6.7657,56.5158],[-6.7595,56.5167],[-6.754,56.5142],[-6.7629,56.5188],[-6.7653,56.5188],[-6.77,56.5146]]]},"properties":null,"id":43520},
{"type":"Feature","geometry":{"type":"Polygon","coordinates":[[[-6.7076,56.5643],[-6.7064,56.5667],[-6.7121,56.5689],[-6.7247,56.5634],[-6.7329,56.5634],[-6.7328,56.5601],[-6.7076,56.5643]]]},"properties":null,"id":43521},
{"type":"Feature","geometry":{"type":"Polygon","coordinates":[[[-7.15,57.6215],[-7.1526,57.6195],[-7.1454,57.6189],[-7.15,57.6215]]]},"properties":null,"id":43542},
{"type":"Feature","geometry":{"type":"Polygon","coordinates":[[[-7.1438,57.6158],[-7.1436,57.6142],[-7.1366,57.612],[-7.1369,57.6153],[-7.1438,57.6158]]]},"properties":null,"id":43543},
{"type":"Feature","geometry":{"type":"Polygon","coordinates":[[[-8.4461,55.0112],[-8.4494,55.0095],[-8.4535,55.012],[-8.4528,55.0067],[-8.4461,55.0112]]]},"properties":null,"id":43575},
{"type":"Feature","geometry":{"type":"Polygon","coordinates":[[[-8.4535,54.9995],[-8.456,55.0012],[-8.4625,55.0008],[-8.4602,54.9979],[-8.4535,54.9995]]]},"properties":null,"id":43576},
{"type":"Feature","geometry":{"type":"Polygon","coordinates":[[[-8.4601,54.9834],[-8.4532,54.9848],[-8.4543,54.9888],[-8.4608,54.9916],[-8.4656,54.9915],[-8.4601,54.9834]]]},"properties":null,"id":43577},
{"type":"Feature","geometry":{"type":"Polygon","coordinates":[[[-5.1187,55.4304],[-5.1214,55.4277],[-5.1186,55.4243],[-5.116,55.4259],[-5.1187,55.4304]]]},"properties":null,"id":43595},
{"type":"Feature","geometry":{"type":"Polygon","coordinates":[[[-5.5692,55.2841],[-5.5808,55.2834],[-5.5857,55.2859],[-5.594,55.2834],[-5.5973,55.2792],[-5.5819,55.2748],[-5.5807,55.2779],[-5.5663,55.281],[-5.5692,55.2841]]]},"properties":null,"id":43606},
{"type":"Feature","geometry":{"type":"Polygon","coordinates":[[[-10.1345,53.6906],[-10.1188,53.6918],[-10.1132,53.6954],[-10.1026,53.694],[-10.0906,53.6965],[-10.0867,53.6993],[-10.092,53.7056],[-10.0857,53.7064],[-10.0807,53.7108],[-10.0908,53.7154],[-10.1062,53.7092],[-10.1198,53.7131],[-10.1258,53.7115],[-10.1287,53.7065],[-10.1245,53.7055],[-10.138,53.7014],[-10.1344,53.6996],[-10.14,53.6978],[-10.1335,53.6967],[-10.1379,53.6935],[-10.1345,53.6906]]]},"properties":null,"id":43622},
{"type":"Feature","geometry":{"type":"Polygon","coordinates":[[[-8.3264,51.8466],[-8.3226,51.8457],[-8.3211,51.8466],[-8.3188,51.8428],[-8.2936,51.8502],[-8.2734,51.8525],[-8.2647,51.8587],[-8.2556,51.8566],[-8.2157,51.8573],[-8.2144,51.8669],[-8.2052,51.8721],[-8.2028,51.8783],[-8.2628,51.8782],[-8.2691,51.8837],[-8.2759,51.8847],[-8.2793,51.8846],[-8.2778,51.8803],[-8.2819,51.8801],[-8.2925,51.8818],[-8.2914,51.8869],[-8.3064,51.8892],[-8.3146,51.8819],[-8.3194,51.8916],[-8.3206,51.8807],[-8.3316,51.879],[-8.324,51.8706],[-8.3264,51.8466]]]},"properties":null,"id":43647},
{"type":"Feature","geometry":{"type":"Polygon","coordinates":[[[-0.9032,60.363],[-0.8976,60.3632],[-0.8964,60.3663],[-0.9024,60.3651],[-0.9032,60.363]]]},"properties":null,"id":43682},
{"type":"Feature","geometry":{"type":"Polygon","coordinates":[[[-0.9113,60.3563],[-0.9042,60.358],[-0.9041,60.3593],[-0.9088,60.3595],[-0.9113,60.3563]]]},"properties":null,"id":43683},
{"type":"Feature","geometry":{"type":"Polygon","coordinates":[[[-0.8918,60.3386],[-0.8858,60.3383],[-0.8811,60.345],[-0.8907,60.3414],[-0.8918,60.3386]]]},"properties":null,"id":43684},
{"type":"Feature","geometry":{"type":"Polygon","coordinates":[[[-0.8558,60.3429],[-0.8632,60.3403],[-0.8631,60.338],[-0.8558,60.3429]]]},"properties":null,"id":43685},
{"type":"Feature","geometry":{"type":"Polygon","coordinates":[[[-2.7557,51.4938],[-2.7735,51.4947],[-2.7765,51.4894],[-2.7997,51.4852],[-2.8238,51.467],[-2.851,51.4542],[-2.8661,51.4368],[-2.8793,51.4317],[-2.8742,51.4288],[-2.8828,51.4256],[-2.887,51.4134],[-2.9128,51.3962],[-2.9038,51.3922],[-2.8958,51.3927],[-2.8993,51.3923],[-2.8973,51.3894],[-2.8905,51.3875],[-2.8952,51.3878],[-2.9168,51.3959],[-2.9353,51.3942],[-2.9321,51.3916],[-2.931,51.3894],[-2.934,51.3916],[-2.9338,51.3927],[-2.939,51.3911],[-2.9367,51.3964],[-2.9398,51.3982],[-2.9568,51.3921],[-2.9808,51.3884],[-2.9806,51.3882],[-2.9792,51.3881],[-2.9729,51.3882],[-2.9631,51.3829],[-2.9622,51.3747],[-2.9674,51.3637],[-2.9946,51.3564],[-2.99,51.3511],[-2.9828,51.3494],[-2.9924,51.3205],[-2.9865,51.3151],[-2.9855,51.3213],[-2.9843,51.3119],[-2.989,51.3083],[-2.986,51.3078],[-2.9942,51.3063],[-2.9928,51.3012],[-2.9949,51.3028],[-2.9952,51.3075],[-2.9863,51.3125],[-2.993,51.3188],[-2.9975,51.3192],[-2.9955,51.3199],[-2.9932,51.3194],[-2.9948,51.3215],[-3.0029,51.3251],[-3.0359,51.3286],[-3.0293,51.3245],[-3.0139,51.3235],[-3.0122,51.3213],[-3.0215,51.2655],[-3.0132,51.252],[-3.0005,51.2416],[-3.0027,51.228],[-2.9974,51.2256],[-2.9989,51.2232],[-2.9843,51.2204],[-2.9996,51.2225],[-3.0021,51.226],[-3.0114,51.2161],[-3.0216,51.2191],[-3.03,51.2184],[-3.0598,51.2036],[-3.0783,51.2013],[-3.1012,51.2083],[-3.1146,51.207],[-3.1258,51.2112],[-3.1547,51.2086],[-3.1646,51.2025],[-3.1803,51.1997],[-3.1903,51.2027],[-3.2021,51.2014],[-3.2163,51.1943],[-3.2568,51.1878],[-3.277,51.1796],[-3.2936,51.1823],[-3.3128,51.1795],[-3.329,51.1822],[-3.3286,51.1841],[-3.3454,51.1813],[-3.3724,51.1849],[-3.4036,51.1825],[-3.4236,51.1902],[-3.4476,51.2089],[-3.4703,51.2081],[-3.4738,51.2144],[-3.4954,51.2236],[-3.5055,51.2234],[-3.542,51.2322],[-3.5787,51.2322],[-3.5912,51.2231],[-3.6104,51.2196],[-3.6026,51.2191],[-3.6065,51.2173],[-3.6219,51.2167],[-3.6323,51.2237],[-3.6864,51.2279],[-3.7279,51.2356],[-3.7697,51.2376],[-3.7855,51.2464],[-3.8067,51.2323],[-3.8138,51.2311],[-3.8275,51.2327],[-3.8306,51.2306],[-3.8393,51.235],[-3.8534,51.2346],[-3.8606,51.2309],[-3.8719,51.2313],[-3.8727,51.227],[-3.8809,51.2294],[-3.8839,51.2255],[-3.892,51.2237],[-3.904,51.2296],[-3.9257,51.2319],[-3.9393,51.2286],[-3.9474,51.2217],[-3.9582,51.2191],[-3.9759,51.2205],[-3.9828,51.2182],[-4.0031,51.2193],[-4.0084,51.2167],[-4.0284,51.2164],[-4.0318,51.2105],[-4.0414,51.21],[-4.0387,51.2067],[-4.0508,51.2075],[-4.0723,51.2174],[-4.075,51.2169],[-4.0701,51.2142],[-4.0801,51.2181],[-4.0834,51.2159],[-4.0877,51.2173],[-4.0971,51.2109],[-4.1029,51.2134],[-4.1064,51.2098],[-4.1133,51.2092],[-4.1153,51.2105],[-4.111,51.2113],[-4.1216,51.2126],[-4.1216,51.2104],[-4.1437,51.2071],[-4.1461,51.2041],[-4.1668,51.2028],[-4.1775,51.1973],[-4.2013,51.2006],[-4.2106,51.1905],[-4.2293,51.1885],[-4.2143,51.1824],[-4.2114,51.1784],[-4.2145,51.1764],[-4.2097,51.1707],[-4.2175,51.1498],[-4.2237,51.1442],[-4.2558,51.1469],[-4.2619,51.1428],[-4.2391,51.1333],[-4.2373,51.1302],[-4.2432,51.123],[-4.2404,51.1206],[-4.2225,51.1178],[-4.2229,51.0898],[-4.2153,51.0754],[-4.1893,51.0659],[-4.192,51.0694],[-4.1855,51.0762],[-4.1669,51.0806],[-4.1709,51.0878],[-4.1647,51.0998],[-4.1643,51.0983],[-4.1688,51.0877],[-4.1647,51.084],[-4.1334,51.0859],[-4.1286,51.0935],[-4.1107,51.0942],[-4.0765,51.08],[-4.0659,51.0808],[-4.0561,51.0758],[-4.054,51.0722],[-4.0536,51.0612],[-4.0571,51.0682],[-4.0561,51.0745],[-4.0633,51.0784],[-4.083,51.078],[-4.1178,51.0898],[-4.118,51.0815],[-4.1227,51.0786],[-4.1535,51.08],[-4.1553,51.0759],[-4.1515,51.0735],[-4.161,51.0712],[-4.1585,51.0733],[-4.1643,51.0746],[-4.1793,51.0672],[-4.1824,51.0512],[-4.1798,51.0486],[-4.1875,51.0389],[-4.1983,51.0324],[-4.2037,51.0087],[-4.1933,51.0013],[-4.1817,51.0009],[-4.178,50.9993],[-4.1769,50.9968],[-4.1781,50.9939],[-4.1816,50.9917],[-4.1974,50.9895],[-4.1882,50.9842],[-4.1888,50.9781],[-4.1829,50.9759],[-4.1788,50.9781],[-4.1707,50.9749],[-4.1693,50.9732],[-4.1695,50.9709],[-4.1727,50.9681],[-4.1795,50.9659],[-4.1747,50.9633],[-4.1761,50.9631],[-4.178,50.9636],[-4.18,50.9649],[-4.1798,50.9661],[-4.1794,50.9668],[-4.1722,50.9689],[-4.1699,50.9735],[-4.1777,50.9766],[-4.1787,50.9778],[-4.1819,50.9758],[-4.1839,50.9757],[-4.1858,50.9762],[-4.1893,50.978],[-4.19,50.9821],[-4.1883,50.9838],[-4.1926,50.9853],[-4.1977,50.9893],[-4.1969,50.9905],[-4.1923,50.9923],[-4.1829,50.9917],[-4.1778,50.9976],[-4.1809,51],[-4.194,50.9999],[-4.2053,51.005],[-4.2065,51.0084],[-4.2039,51.0321],[-4.1909,51.0454],[-4.1907,51.0548],[-4.1975,51.0579],[-4.2098,51.0532],[-4.2142,51.0571],[-4.2125,51.0611],[-4.2084,51.0616],[-4.217,51.0649],[-4.2254,51.0625],[-4.2383,51.0415],[-4.2581,51.0376],[-4.303,50.9977],[-4.3426,50.989],[-4.3747,50.9901],[-4.3896,50.9943],[-4.4041,51.0045],[-4.4254,51.0137],[-4.4485,51.0145],[-4.4695,51.0216],[-4.4982,51.0214],[-4.5008,51.0187],[-4.5134,51.0224],[-4.526,51.0222],[-4.527,51.0117],[-4.5351,51.0087],[-4.5301,51.0049],[-4.5332,51.0008],[-4.5304,50.9963],[-4.5353,50.9945],[-4.5293,50.9863],[-4.5357,50.9792],[-4.5329,50.9657],[-4.5443,50.9529],[-4.5427,50.9444],[-4.5501,50.9408],[-4.5454,50.929],[-4.555,50.9259],[-4.5522,50.924],[-4.5639,50.9152],[-4.5635,50.9083],[-4.5699,50.904],[-4.564,50.9009],[-4.5656,50.8944],[-4.5611,50.8921],[-4.5675,50.8854],[-4.5581,50.8752],[-4.5577,50.843],[-4.5492,50.8292],[-4.5552,50.83],[-4.5566,50.8315],[-4.5587,50.8288],[-4.5567,50.8085],[-4.561,50.8005],[-4.557,50.7986],[-4.557,50.7939],[-4.562,50.7813],[-4.5902,50.7663],[-4.6105,50.7622],[-4.6193,50.7565],[-4.6198,50.7514],[-4.6361,50.7483],[-4.6342,50.7465],[-4.6397,50.7455],[-4.6346,50.7409],[-4.6414,50.7381],[-4.6538,50.7399],[-4.6494,50.7289],[-4.6559,50.7235],[-4.6552,50.7154],[-4.6665,50.7115],[-4.6695,50.7056],[-4.6734,50.7073],[-4.6808,50.705],[-4.6851,50.6983],[-4.6803,50.696],[-4.6985,50.6944],[-4.7015,50.6918],[-4.6955,50.6906],[-4.7053,50.6907],[-4.7025,50.6876],[-4.7166,50.6824],[-4.7225,50.6852],[-4.7261,50.6841],[-4.7281,50.6757],[-4.7349,50.6718],[-4.7423,50.6766],[-4.747,50.675],[-4.7443,50.6735],[-4.7471,50.6713],[-4.758,50.6719],[-4.7667,50.6567],[-4.7586,50.6532],[-4.7618,50.6445],[-4.7679,50.6424],[-4.7674,50.6355],[-4.7734,50.6282],[-4.7709,50.6225],[-4.7891,50.6026],[-4.7985,50.5982],[-4.8252,50.5956],[-4.8235,50.593],[-4.8321,50.5953],[-4.8324,50.5922],[-4.8374,50.5961],[-4.8418,50.5931],[-4.8494,50.5988],[-4.8601,50.5932],[-4.87,50.5954],[-4.8722,50.5909],[-4.8677,50.589],[-4.8736,50.5908],[-4.8761,50.5863],[-4.8812,50.5865],[-4.8852,50.5823],[-4.8965,50.5859],[-4.9083,50.5845],[-4.9101,50.588],[-4.9167,50.5888],[-4.9186,50.5945],[-4.9246,50.5942],[-4.9212,50.5913],[-4.9354,50.5869],[-4.9175,50.5803],[-4.9154,50.5761],[-4.9234,50.573],[-4.9311,50.5644],[-4.9264,50.5613],[-4.9292,50.5532],[-4.9262,50.5449],[-4.9149,50.5434],[-4.9155,50.5381],[-4.8999,50.5309],[-4.8919,50.5323],[-4.8901,50.5362],[-4.8701,50.5337],[-4.8676,50.5372],[-4.8664,50.5357],[-4.8665,50.5338],[-4.86,50.5372],[-4.8525,50.5315],[-4.8489,50.5327],[-4.8482,50.5268],[-4.8343,50.5177],[-4.8356,50.5171],[-4.8552,50.5288],[-4.8886,50.5297],[-4.8994,50.5261],[-4.8955,50.52],[-4.8996,50.5262],[-4.9201,50.5314],[-4.9295,50.5295],[-4.9291,50.5244],[-4.9374,50.5254],[-4.9368,50.512],[-4.9391,50.5153],[-4.9402,50.5173],[-4.9401,50.5204],[-4.9423,50.5208],[-4.9356,50.5272],[-4.9386,50.5274],[-4.9308,50.53],[-4.9383,50.5413],[-4.9354,50.5492],[-4.9397,50.5539],[-4.9494,50.5564],[-4.9451,50.5692],[-4.9528,50.569],[-4.9571,50.5648],[-4.9545,50.5629],[-4.9721,50.5578],[-4.9765,50.5495],[-4.9816,50.5483],[-4.9777,50.5453],[-4.9838,50.5422],[-4.9894,50.5438],[-4.9985,50.5403],[-5.0048,50.5431],[-5.0035,50.5465],[-5.0184,50.5447],[-5.0244,50.5516],[-5.0366,50.5495],[-5.04,50.5451],[-5.0255,50.541],[-5.0226,50.5328],[-5.0265,50.5294],[-5.0226,50.5265],[-5.0294,50.5247],[-5.0263,50.5235],[-5.0304,50.5219],[-5.0267,50.5224],[-5.0301,50.5202],[-5.026,50.5203],[-5.0298,50.5149],[-5.0268,50.514],[-5.0355,50.5074],[-5.0343,50.5039],[-5.0406,50.5037],[-5.0412,50.4989],[-5.0467,50.4978],[-5.0352,50.4944],[-5.033,50.4884],[-5.0374,50.4806],[-5.0354,50.4769],[-5.0396,50.474],[-5.032,50.4652],[-5.0351,50.4667],[-5.0424,50.4642],[-5.0381,50.4603],[-5.0433,50.4589],[-5.0393,50.452],[-5.0422,50.4438],[-5.0552,50.4279],[-5.0606,50.427],[-5.0538,50.4255],[-5.057,50.4236],[-5.0662,50.4249],[-5.0649,50.4218],[-5.078,50.4153],[-5.0857,50.4153],[-5.0876,50.4206],[-5.094,50.4208],[-5.0997,50.426],[-5.098,50.4193],[-5.1024,50.4136],[-5.1259,50.4123],[-5.1191,50.4092],[-5.1094,50.4097],[-5.0959,50.4081],[-5.0836,50.4042],[-5.0785,50.4059],[-5.0813,50.4041],[-5.0888,50.4038],[-5.0975,50.4063],[-5.0995,50.4047],[-5.1089,50.4088],[-5.1262,50.4044],[-5.1355,50.4088],[-5.1384,50.4039],[-5.1356,50.4012],[-5.1476,50.4051],[-5.1495,50.4017],[-5.1428,50.3955],[-5.1469,50.3902],[-5.1435,50.3889],[-5.1456,50.3886],[-5.1463,50.3891],[-5.1475,50.3905],[-5.1576,50.3895],[-5.1494,50.3816],[-5.156,50.3794],[-5.1465,50.3754],[-5.1538,50.3462],[-5.1574,50.3478],[-5.1685,50.3443],[-5.1698,50.3413],[-5.1813,50.3404],[-5.1801,50.334],[-5.1897,50.3319],[-5.1914,50.326],[-5.196,50.3258],[-5.2001,50.3207],[-5.2206,50.3225],[-5.2356,50.3183],[-5.2347,50.3004],[-5.2391,50.2978],[-5.2427,50.287],[-5.2507,50.2818],[-5.2618,50.2798],[-5.2598,50.2773],[-5.2634,50.2748],[-5.278,50.2739],[-5.2879,50.2677],[-5.2851,50.2651],[-5.2921,50.2642],[-5.2894,50.2611],[-5.2915,50.2618],[-5.2928,50.2637],[-5.2954,50.2609],[-5.3031,50.2619],[-5.3099,50.2546],[-5.3137,50.255],[-5.3145,50.25],[-5.3284,50.2424],[-5.3439,50.2379],[-5.3565,50.2404],[-5.3683,50.2361],[-5.3739,50.2375],[-5.3781,50.2442],[-5.3846,50.2397],[-5.3954,50.2406],[-5.392,50.2271],[-5.4089,50.2092],[-5.4301,50.1975],[-5.4334,50.1923],[-5.4222,50.1885],[-5.422,50.1882],[-5.4226,50.1882],[-5.4249,50.1889],[-5.4213,50.1847],[-5.434,50.1908],[-5.4289,50.1865],[-5.4338,50.1771],[-5.4417,50.1769],[-5.4358,50.1853],[-5.4307,50.1867],[-5.4368,50.1933],[-5.4692,50.1997],[-5.4694,50.2064],[-5.4796,50.2126],[-5.4757,50.2189],[-5.4858,50.2148],[-5.4983,50.2198],[-5.5304,50.2134],[-5.5387,50.2162],[-5.5428,50.2117],[-5.5549,50.2094],[-5.5551,50.2042],[-5.5599,50.2043],[-5.5652,50.1998],[-5.5714,50.1984],[-5.5757,50.2008],[-5.5773,50.195],[-5.5854,50.1951],[-5.5854,50.1909],[-5.5893,50.1919],[-5.5906,50.189],[-5.5955,50.1887],[-5.6,50.1933],[-5.5996,50.1896],[-5.6099,50.1853],[-5.6071,50.1811],[-5.6127,50.1819],[-5.6213,50.1774],[-5.6197,50.174],[-5.6291,50.1677],[-5.6511,50.1683],[-5.6594,50.1639],[-5.6731,50.1662],[-5.6711,50.1626],[-5.693,50.1491],[-5.6935,50.138],[-5.705,50.135],[-5.7019,50.1304],[-5.7102,50.1274],[-5.7006,50.1197],[-5.6976,50.099],[-5.6885,50.0905],[-5.6952,50.0803],[-5.7088,50.0777],[-5.7095,50.0713],[-5.717,50.069],[-5.7148,50.0631],[-5.7091,50.0606],[-5.711,50.0581],[-5.7053,50.0548],[-5.6925,50.0541],[-5.6954,50.05],[-5.6884,50.0486],[-5.6905,50.044],[-5.6794,50.035],[-5.6584,50.0395],[-5.6532,50.0379],[-5.6481,50.044],[-5.6417,50.0443],[-5.6363,50.04],[-5.6343,50.044],[-5.628,50.0445],[-5.6295,50.0475],[-5.6193,50.0512],[-5.6076,50.0484],[-5.6002,50.0522],[-5.5899,50.0503],[-5.5843,50.0533],[-5.5762,50.0522],[-5.5638,50.0583],[-5.5636,50.0624],[-5.5542,50.0599],[-5.5423,50.0705],[-5.539,50.0835],[-5.5333,50.0885],[-5.5427,50.103],[-5.5475,50.1022],[-5.5487,50.1059],[-5.5436,50.1031],[-5.5493,50.1065],[-5.5374,50.1139],[-5.531,50.1142],[-5.528,50.1177],[-5.5337,50.1183],[-5.5308,50.1202],[-5.5297,50.1182],[-5.5303,50.1235],[-5.4968,50.1288],[-5.4837,50.1276],[-5.4713,50.1219],[-5.4625,50.1231],[-5.4484,50.1105],[-5.4424,50.1123],[-5.429,50.1054],[-5.4289,50.0969],[-5.4151,50.0997],[-5.4115,50.1039],[-5.3981,50.1004],[-5.3931,50.1027],[-5.3746,50.0971],[-5.3721,50.0933],[-5.3661,50.0936],[-5.3624,50.0888],[-5.3391,50.092],[-5.3286,50.0891],[-5.3215,50.0823],[-5.3163,50.0853],[-5.3157,50.083],[-5.3184,50.0817],[-5.304,50.0749],[-5.2793,50.0549],[-5.2758,50.0488],[-5.2806,50.0413],[-5.2717,50.0412],[-5.2661,50.0342],[-5.261,50.0342],[-5.2661,50.0309],[-5.2558,50.0235],[-5.2614,50.0167],[-5.2577,50.0143],[-5.2684,50.0044],[-5.2647,49.9985],[-5.2553,49.9975],[-5.2515,49.9915],[-5.2551,49.9883],[-5.2435,49.984],[-5.2489,49.9796],[-5.246,49.9756],[-5.2363,49.9765],[-5.2196,49.9715],[-5.2159,49.9595],[-5.1997,49.959],[-5.1969,49.9639],[-5.1902,49.9616],[-5.1832,49.9671],[-5.1884,49.9714],[-5.1861,49.9794],[-5.1807,49.9814],[-5.1794,49.9873],[-5.1703,49.991],[-5.1718,49.9977],[-5.1666,50.0038],[-5.1563,50.0078],[-5.1379,50.0082],[-5.1326,50.0052],[-5.1332,50.0079],[-5.1225,50.0092],[-5.1124,50.0028],[-5.1013,50.0043],[-5.0958,50.0156],[-5.0912,50.0157],[-5.0967,50.0264],[-5.0894,50.0313],[-5.0688,50.0351],[-5.0662,50.0484],[-5.0578,50.0527],[-5.0641,50.0555],[-5.0615,50.0615],[-5.0677,50.0676],[-5.0796,50.0688],[-5.076,50.0856],[-5.0774,50.0858],[-5.081,50.083],[-5.1012,50.0872],[-5.1179,50.0823],[-5.1158,50.0846],[-5.1016,50.0892],[-5.0929,50.0881],[-5.105,50.0945],[-5.1252,50.0963],[-5.1357,50.091],[-5.1359,50.0918],[-5.1356,50.0933],[-5.1338,50.0954],[-5.1382,50.0942],[-5.1411,50.0965],[-5.151,50.0941],[-5.1475,50.0853],[-5.1486,50.0858],[-5.149,50.0879],[-5.1501,50.0878],[-5.1524,50.0928],[-5.155,50.0932],[-5.1774,50.0894],[-5.1789,50.0859],[-5.18,50.0875],[-5.1788,50.0896],[-5.1852,50.0879],[-5.1929,50.0832],[-5.1922,50.08],[-5.1944,50.0825],[-5.1972,50.0813],[-5.189,50.0876],[-5.208,50.0888],[-5.207,50.0901],[-5.2029,50.0908],[-5.2114,50.094],[-5.2067,50.0943],[-5.2084,50.0965],[-5.2036,50.0915],[-5.199,50.0939],[-5.1972,50.0899],[-5.1871,50.0895],[-5.1591,50.0938],[-5.169,50.0998],[-5.1649,50.1015],[-5.1705,50.106],[-5.1692,50.1056],[-5.1652,50.1023],[-5.1615,50.1075],[-5.1646,50.1126],[-5.1624,50.1118],[-5.1594,50.108],[-5.1631,50.0967],[-5.1436,50.0989],[-5.1407,50.1025],[-5.1449,50.1072],[-5.1437,50.1071],[-5.1429,50.1063],[-5.1411,50.1061],[-5.1379,50.1117],[-5.1303,50.1102],[-5.1395,50.1059],[-5.1404,50.1002],[-5.1242,50.0991],[-5.1113,50.104],[-5.0994,50.0998],[-5.0816,50.1096],[-5.0912,50.1143],[-5.0892,50.1237],[-5.0937,50.1261],[-5.0732,50.1341],[-5.0766,50.1404],[-5.0549,50.1483],[-5.0418,50.144],[-5.0492,50.1557],[-5.055,50.1535],[-5.0533,50.157],[-5.059,50.1567],[-5.0565,50.1538],[-5.0635,50.1516],[-5.0807,50.165],[-5.0852,50.1627],[-5.0913,50.1662],[-5.1009,50.1664],[-5.097,50.1669],[-5.1009,50.1695],[-5.0937,50.1675],[-5.0917,50.1705],[-5.0847,50.1667],[-5.0809,50.1687],[-5.0752,50.1672],[-5.0693,50.1617],[-5.0564,50.1612],[-5.0446,50.1741],[-5.0546,50.1784],[-5.065,50.1777],[-5.0751,50.1824],[-5.076,50.1838],[-5.0607,50.1783],[-5.0554,50.1797],[-5.0564,50.1903],[-5.0735,50.1997],[-5.0766,50.2059],[-5.0936,50.2066],[-5.0959,50.2081],[-5.0873,50.2076],[-5.0973,50.2112],[-5.0701,50.2057],[-5.0666,50.2105],[-5.0649,50.2027],[-5.0581,50.1987],[-5.0589,50.1933],[-5.0501,50.2024],[-5.0438,50.2034],[-5.0479,50.2091],[-5.0425,50.2043],[-5.036,50.2097],[-5.0389,50.2127],[-5.0331,50.2124],[-5.0303,50.2088],[-5.0274,50.2112],[-5.0282,50.2213],[-5.0417,50.221],[-5.0311,50.2243],[-5.0396,50.2284],[-5.044,50.2276],[-5.0392,50.2295],[-5.0326,50.2278],[-5.0292,50.2235],[-5.0178,50.2259],[-5.0242,50.2351],[-5.0166,50.2415],[-5.0233,50.2429],[-5.0311,50.2382],[-5.0299,50.2417],[-5.0357,50.2462],[-5.0523,50.2474],[-5.0472,50.249],[-5.0403,50.248],[-5.0392,50.2492],[-5.0537,50.2676],[-5.0479,50.2634],[-5.0404,50.2549],[-5.0411,50.2522],[-5.0268,50.2432],[-5.0212,50.2494],[-5.0115,50.2514],[-5.0155,50.2557],[-5.0033,50.2733],[-4.9952,50.2772],[-5.0009,50.2737],[-5.0097,50.258],[-5.0104,50.2491],[-5.0217,50.2451],[-5.0121,50.2409],[-5.0163,50.2344],[-5.0141,50.2274],[-4.993,50.2262],[-4.9814,50.2334],[-4.983,50.2277],[-5.0051,50.2218],[-5.0091,50.2271],[-5.0166,50.2226],[-5.0228,50.2227],[-5.023,50.2116],[-5.0297,50.206],[-5.0268,50.204],[-5.0313,50.2057],[-5.0352,50.2039],[-5.0257,50.1819],[-5.017,50.1843],[-5.0144,50.1905],[-5.0142,50.1823],[-5.0167,50.1832],[-5.0157,50.1848],[-5.0209,50.1813],[-5.0289,50.1588],[-5.0247,50.1546],[-5.0139,50.1589],[-5.0046,50.1572],[-5.0059,50.1616],[-5.0007,50.1652],[-5.0058,50.1707],[-4.9966,50.1736],[-4.9978,50.188],[-4.9951,50.1794],[-4.9963,50.1753],[-4.9885,50.1798],[-4.9894,50.1776],[-4.9932,50.1757],[-4.9957,50.171],[-5.0019,50.1685],[-4.9937,50.168],[-4.9971,50.163],[-4.9856,50.163],[-4.9861,50.1605],[-4.9986,50.1618],[-5.0041,50.1506],[-5.0101,50.154],[-5.0177,50.1492],[-5.0163,50.1408],[-5.01,50.1392],[-4.994,50.1488],[-4.9816,50.1516],[-4.9845,50.1569],[-4.9724,50.1644],[-4.9735,50.1857],[-4.9673,50.1855],[-4.9679,50.1923],[-4.9485,50.2056],[-4.9329,50.2067],[-4.9235,50.2022],[-4.9216,50.1956],[-4.9185,50.1963],[-4.9108,50.2005],[-4.9103,50.205],[-4.9042,50.2053],[-4.9022,50.2123],[-4.8953,50.2132],[-4.883,50.2241],[-4.8762,50.2246],[-4.8737,50.2312],[-4.8624,50.236],[-4.8497,50.2344],[-4.8413,50.237],[-4.8389,50.2321],[-4.8154,50.2305],[-4.8051,50.2187],[-4.7986,50.2196],[-4.7976,50.2308],[-4.7808,50.2378],[-4.7872,50.2407],[-4.7849,50.2453],[-4.7686,50.2528],[-4.7709,50.2559],[-4.7653,50.2565],[-4.7857,50.2618],[-4.7818,50.2692],[-4.787,50.2695],[-4.7826,50.2694],[-4.7839,50.275],[-4.7777,50.2788],[-4.7831,50.284],[-4.7724,50.2953],[-4.7628,50.3006],[-4.7525,50.2984],[-4.754,50.3059],[-4.7635,50.3103],[-4.7669,50.3209],[-4.7568,50.3311],[-4.706,50.3402],[-4.7008,50.3434],[-4.7044,50.3423],[-4.7062,50.3456],[-4.7011,50.3437],[-4.6995,50.3468],[-4.6901,50.3456],[-4.6895,50.3416],[-4.6815,50.3378],[-4.6848,50.3201],[-4.6726,50.3139],[-4.6676,50.3231],[-4.6544,50.3232],[-4.634,50.335],[-4.6311,50.3446],[-4.6377,50.3467],[-4.6376,50.3523],[-4.6418,50.3546],[-4.639,50.3541],[-4.6388,50.3701],[-4.6496,50.377],[-4.6544,50.3738],[-4.6528,50.3759],[-4.6497,50.3771],[-4.6562,50.3798],[-4.6626,50.3908],[-4.6673,50.3899],[-4.6622,50.3945],[-4.669,50.4012],[-4.6691,50.4054],[-4.6666,50.4078],[-4.6674,50.4102],[-4.6663,50.4074],[-4.6689,50.4053],[-4.6679,50.4042],[-4.6679,50.4021],[-4.6687,50.401],[-4.6648,50.3993],[-4.6652,50.3984],[-4.6634,50.3982],[-4.6623,50.3967],[-4.6608,50.3889],[-4.6382,50.3732],[-4.6358,50.3798],[-4.6165,50.3847],[-4.6189,50.383],[-4.626,50.3806],[-4.6339,50.3791],[-4.636,50.3601],[-4.6277,50.3582],[-4.6239,50.3611],[-4.6139,50.358],[-4.6067,50.3607],[-4.6068,50.36],[-4.6089,50.3587],[-4.6146,50.3574],[-4.6357,50.3583],[-4.6361,50.3471],[-4.6274,50.348],[-4.6315,50.3413],[-4.6297,50.3345],[-4.6104,50.3374],[-4.6343,50.3291],[-4.6385,50.3299],[-4.6389,50.3264],[-4.6331,50.3243],[-4.6184,50.3239],[-4.6067,50.329],[-4.5984,50.3239],[-4.5875,50.3321],[-4.5785,50.3326],[-4.5503,50.3241],[-4.5389,50.3237],[-4.5147,50.3299],[-4.5183,50.3314],[-4.5018,50.3306],[-4.4976,50.3374],[-4.4729,50.3331],[-4.4732,50.3385],[-4.4525,50.3449],[-4.4506,50.3495],[-4.4573,50.3582],[-4.4651,50.3581],[-4.4693,50.3626],[-4.4801,50.3626],[-4.4848,50.3645],[-4.4858,50.3656],[-4.4853,50.3682],[-4.4877,50.369],[-4.4879,50.3698],[-4.4874,50.3696],[-4.487,50.3693],[-4.487,50.3691],[-4.4875,50.369],[-4.4863,50.369],[-4.4861,50.3686],[-4.4856,50.3686],[-4.4852,50.3682],[-4.4848,50.3674],[-4.4854,50.3658],[-4.4857,50.3655],[-4.4844,50.3644],[-4.4818,50.3647],[-4.4795,50.3629],[-4.469,50.3636],[-4.4644,50.359],[-4.4593,50.3592],[-4.4591,50.3663],[-4.4668,50.3756],[-4.4661,50.381],[-4.4636,50.3822],[-4.4649,50.3758],[-4.4615,50.3737],[-4.4639,50.3745],[-4.4646,50.375],[-4.4648,50.3752],[-4.465,50.3761],[-4.4645,50.379],[-4.4646,50.3794],[-4.4649,50.3795],[-4.4655,50.38],[-4.4655,50.3799],[-4.4648,50.3793],[-4.4646,50.3791],[-4.4652,50.3755],[-4.4643,50.3745],[-4.4614,50.3735],[-4.4588,50.3698],[-4.4511,50.3509],[-4.4364,50.3611],[-4.4104,50.3641],[-4.393,50.3632],[-4.3869,50.3657],[-4.3649,50.3601],[-4.3082,50.3614],[-4.2772,50.3551],[-4.2291,50.3335],[-4.2195,50.3245],[-4.2273,50.3191],[-4.2232,50.3168],[-4.2268,50.314],[-4.2244,50.3116],[-4.2106,50.3183],[-4.1884,50.3177],[-4.1895,50.3235],[-4.2009,50.3295],[-4.2013,50.3329],[-4.1882,50.3409],[-4.1702,50.3431],[-4.1666,50.3515],[-4.1728,50.3556],[-4.1717,50.3588],[-4.1805,50.3603],[-4.1934,50.3537],[-4.1924,50.3506],[-4.2077,50.3469],[-4.2101,50.3505],[-4.204,50.3488],[-4.1963,50.354],[-4.1972,50.3596],[-4.2084,50.3615],[-4.2136,50.3542],[-4.2162,50.3591],[-4.2238,50.3589],[-4.2179,50.3625],[-4.2358,50.364],[-4.2378,50.362],[-4.2368,50.3657],[-4.2297,50.3654],[-4.2224,50.3695],[-4.2185,50.3669],[-4.2069,50.3703],[-4.2085,50.3724],[-4.2006,50.3701],[-4.1948,50.3719],[-4.1928,50.3759],[-4.2023,50.379],[-4.1988,50.3832],[-4.2091,50.3855],[-4.2018,50.3881],[-4.2125,50.3927],[-4.231,50.3904],[-4.2354,50.3874],[-4.2337,50.3839],[-4.2489,50.3772],[-4.2494,50.3744],[-4.2608,50.3766],[-4.2671,50.3724],[-4.282,50.3714],[-4.2684,50.3754],[-4.2771,50.3744],[-4.295,50.3866],[-4.2981,50.383],[-4.2957,50.3873],[-4.3032,50.3882],[-4.3015,50.3966],[-4.3068,50.3992],[-4.3029,50.4044],[-4.3121,50.4114],[-4.3076,50.4103],[-4.3039,50.4073],[-4.3024,50.4043],[-4.3056,50.4006],[-4.2993,50.3972],[-4.3014,50.3917],[-4.2936,50.3891],[-4.2915,50.3945],[-4.2819,50.3988],[-4.2785,50.4129],[-4.2774,50.4074],[-4.2794,50.3984],[-4.2902,50.3906],[-4.2891,50.388],[-4.2879,50.391],[-4.2865,50.3888],[-4.282,50.391],[-4.2826,50.389],[-4.2851,50.3891],[-4.2827,50.3855],[-4.2804,50.3877],[-4.2822,50.3854],[-4.2835,50.3855],[-4.2854,50.389],[-4.2886,50.3873],[-4.2742,50.3767],[-4.2703,50.3807],[-4.2715,50.3869],[-4.2616,50.386],[-4.255,50.3833],[-4.2451,50.387],[-4.2475,50.3899],[-4.2486,50.3897],[-4.2473,50.3878],[-4.2584,50.3886],[-4.2477,50.3906],[-4.2547,50.3938],[-4.2473,50.3939],[-4.2493,50.3916],[-4.243,50.3892],[-4.233,50.3935],[-4.2358,50.4016],[-4.2289,50.3973],[-4.2273,50.3933],[-4.2252,50.3965],[-4.2118,50.3994],[-4.2101,50.4038],[-4.2135,50.4048],[-4.2055,50.4078],[-4.212,50.4168],[-4.2156,50.4151],[-4.211,50.4181],[-4.21,50.4257],[-4.2224,50.4253],[-4.2239,50.422],[-4.2229,50.4244],[-4.2295,50.4252],[-4.2239,50.4254],[-4.2282,50.4282],[-4.2274,50.4353],[-4.2369,50.4387],[-4.233,50.4387],[-4.2264,50.4356],[-4.2223,50.4262],[-4.217,50.4298],[-4.2037,50.43],[-4.1994,50.4365],[-4.2058,50.4405],[-4.2033,50.4427],[-4.2114,50.4457],[-4.2115,50.4561],[-4.2178,50.4644],[-4.2306,50.455],[-4.2379,50.4577],[-4.2396,50.4649],[-4.2438,50.4664],[-4.2393,50.4652],[-4.2188,50.4759],[-4.2187,50.4835],[-4.2254,50.4897],[-4.2206,50.4988],[-4.2107,50.4972],[-4.2006,50.4924],[-4.1949,50.4939],[-4.1948,50.4988],[-4.181,50.5012],[-4.1853,50.5082],[-4.1939,50.5027],[-4.2027,50.5029],[-4.2021,50.5133],[-4.2083,50.513],[-4.2099,50.5141],[-4.2068,50.5191],[-4.2059,50.5189],[-4.2063,50.5181],[-4.2094,50.5141],[-4.2086,50.5133],[-4.2032,50.5138],[-4.2016,50.5133],[-4.2023,50.503],[-4.194,50.5031],[-4.1928,50.5065],[-4.1886,50.508],[-4.1852,50.5085],[-4.1835,50.5077],[-4.181,50.5045],[-4.1801,50.503],[-4.1804,50.501],[-4.1829,50.4996],[-4.1887,50.4984],[-4.1948,50.4984],[-4.1932,50.4951],[-4.1981,50.4914],[-4.2029,50.4918],[-4.2104,50.4964],[-4.2207,50.4979],[-4.2199,50.4939],[-4.2234,50.4894],[-4.2175,50.4838],[-4.2172,50.4751],[-4.2356,50.4665],[-4.2367,50.4594],[-4.2289,50.4572],[-4.2246,50.4672],[-4.2162,50.4685],[-4.2013,50.4545],[-4.1938,50.4551],[-4.1949,50.4502],[-4.1961,50.4506],[-4.1958,50.4538],[-4.1964,50.4509],[-4.2004,50.4534],[-4.1989,50.4456],[-4.1913,50.4409],[-4.1908,50.4353],[-4.1851,50.4342],[-4.1695,50.452],[-4.164,50.4563],[-4.1602,50.4555],[-4.1575,50.4621],[-4.1503,50.4652],[-4.1569,50.4621],[-4.1546,50.4566],[-4.1663,50.4462],[-4.1656,50.4424],[-4.1759,50.4336],[-4.1898,50.4284],[-4.1867,50.4245],[-4.1812,50.4255],[-4.1766,50.4226],[-4.1605,50.4282],[-4.1697,50.4222],[-4.1655,50.4197],[-4.1694,50.4214],[-4.1707,50.4232],[-4.1762,50.422],[-4.1923,50.4247],[-4.2026,50.4043],[-4.1995,50.4029],[-4.2053,50.3996],[-4.1946,50.3921],[-4.185,50.3955],[-4.1848,50.3925],[-4.1929,50.3901],[-4.1872,50.3831],[-4.1842,50.3844],[-4.187,50.3812],[-4.1818,50.3771],[-4.1855,50.3672],[-4.1684,50.3641],[-4.1652,50.3693],[-4.1634,50.3694],[-4.1663,50.3667],[-4.1626,50.3636],[-4.1674,50.3598],[-4.1641,50.3589],[-4.1567,50.3613],[-4.1544,50.3676],[-4.1529,50.3624],[-4.1347,50.3631],[-4.1317,50.3665],[-4.132,50.3641],[-4.1308,50.3639],[-4.1263,50.3647],[-4.1258,50.3641],[-4.1256,50.3654],[-4.1218,50.3616],[-4.1157,50.3618],[-4.1013,50.3827],[-4.0831,50.3868],[-4.0998,50.3792],[-4.1081,50.3678],[-4.1017,50.3655],[-4.1087,50.3666],[-4.1124,50.3594],[-4.1055,50.3565],[-4.1136,50.3542],[-4.1161,50.3603],[-4.1201,50.3579],[-4.1282,50.3607],[-4.1354,50.3594],[-4.1271,50.3581],[-4.1216,50.3506],[-4.1287,50.3429],[-4.1288,50.3374],[-4.1267,50.3361],[-4.1193,50.3357],[-4.1222,50.3255],[-4.119,50.3194],[-4.1128,50.3193],[-4.1133,50.3169],[-4.1074,50.3151],[-4.0849,50.3179],[-4.0694,50.3122],[-4.0546,50.3115],[-4.0531,50.3096],[-4.0612,50.3117],[-4.0715,50.3093],[-4.0753,50.3035],[-4.0663,50.3029],[-4.0566,50.2969],[-4.0526,50.298],[-4.0508,50.2943],[-4.0351,50.2928],[-4.025,50.2966],[-4.0202,50.2947],[-4.014,50.3026],[-4.0038,50.3017],[-3.9917,50.3075],[-3.9604,50.3046],[-3.9413,50.3149],[-3.9386,50.3289],[-3.9306,50.3334],[-3.9361,50.3251],[-3.9279,50.3244],[-3.9348,50.3231],[-3.9426,50.3084],[-3.947,50.3066],[-3.9453,50.2976],[-3.91,50.2944],[-3.9077,50.2902],[-3.897,50.2874],[-3.8946,50.2816],[-3.8766,50.2836],[-3.8816,50.2735],[-3.8692,50.2675],[-3.8681,50.2636],[-3.8627,50.2644],[-3.858,50.2603],[-3.8592,50.2425],[-3.8665,50.2435],[-3.8706,50.2411],[-3.86,50.2343],[-3.8527,50.2343],[-3.8274,50.2237],[-3.8231,50.2173],[-3.8112,50.2143],[-3.7994,50.2148],[-3.7964,50.2112],[-3.7868,50.2098],[-3.7868,50.2151],[-3.7808,50.2157],[-3.7805,50.2241],[-3.7844,50.2254],[-3.7819,50.2296],[-3.7758,50.2293],[-3.7697,50.2339],[-3.7659,50.2324],[-3.7728,50.2259],[-3.7706,50.2219],[-3.7372,50.2148],[-3.7318,50.2071],[-3.7258,50.2082],[-3.7213,50.2019],[-3.7141,50.2064],[-3.7079,50.2055],[-3.7035,50.2112],[-3.6888,50.2162],[-3.6813,50.2224],[-3.6601,50.2206],[-3.6564,50.2176],[-3.65,50.2219],[-3.6414,50.2213],[-3.64,50.223],[-3.6542,50.2277],[-3.6595,50.2392],[-3.6471,50.2813],[-3.6344,50.3001],[-3.6113,50.319],[-3.5966,50.3198],[-3.5864,50.3262],[-3.5702,50.3271],[-3.5724,50.3302],[-3.5635,50.3354],[-3.5659,50.3417],[-3.5564,50.3431],[-3.553,50.3385],[-3.5472,50.3389],[-3.5438,50.3354],[-3.5343,50.3371],[-3.531,50.3444],[-3.518,50.3463],[-3.5147,50.3541],[-3.5213,50.3576],[-3.5128,50.3687],[-3.5153,50.373],[-3.5063,50.3799],[-3.496,50.3815],[-3.5031,50.3846],[-3.5033,50.3888],[-3.4927,50.3916],[-3.488,50.398],[-3.4823,50.3991],[-3.4928,50.4013],[-3.5041,50.3999],[-3.513,50.4056],[-3.5052,50.4],[-3.5118,50.3959],[-3.5114,50.3995],[-3.5195,50.4032],[-3.5329,50.4048],[-3.5448,50.4021],[-3.5487,50.4065],[-3.5554,50.407],[-3.5538,50.4142],[-3.5595,50.4216],[-3.5589,50.428],[-3.5531,50.4293],[-3.5591,50.4332],[-3.5573,50.4426],[-3.5392,50.4611],[-3.5332,50.463],[-3.5288,50.4577],[-3.5304,50.4611],[-3.5248,50.4613],[-3.5255,50.4577],[-3.5289,50.4572],[-3.5278,50.457],[-3.5252,50.4576],[-3.5245,50.4572],[-3.5234,50.4577],[-3.5159,50.4538],[-3.5041,50.4596],[-3.4845,50.4597],[-3.4806,50.4635],[-3.489,50.4638],[-3.4917,50.4703],[-3.5019,50.4728],[-3.4974,50.4759],[-3.5149,50.4818],[-3.5132,50.5065],[-3.496,50.5378],[-3.5079,50.5423],[-3.5391,50.5404],[-3.5404,50.5381],[-3.551,50.5411],[-3.598,50.5335],[-3.5895,50.5351],[-3.5909,50.5388],[-3.5822,50.5397],[-3.5801,50.5392],[-3.5789,50.5417],[-3.5596,50.5455],[-3.5084,50.5466],[-3.4988,50.5449],[-3.4997,50.5408],[-3.4776,50.5603],[-3.4684,50.563],[-3.4671,50.5779],[-3.4433,50.592],[-3.4431,50.5956],[-3.4262,50.6097],[-3.425,50.6138],[-3.43,50.6118],[-3.4289,50.6076],[-3.4439,50.6017],[-3.4514,50.6472],[-3.4565,50.6562],[-3.4682,50.664],[-3.4682,50.6815],[-3.4912,50.6938],[-3.473,50.6873],[-3.4591,50.6754],[-3.4537,50.6772],[-3.4516,50.6822],[-3.4566,50.682],[-3.4596,50.6849],[-3.4587,50.685],[-3.456,50.6826],[-3.4544,50.684],[-3.4519,50.6836],[-3.4511,50.6828],[-3.4497,50.6731],[-3.4366,50.657],[-3.4329,50.6461],[-3.4157,50.6294],[-3.4165,50.6216],[-3.4218,50.6213],[-3.4206,50.6193],[-3.4265,50.618],[-3.4244,50.6165],[-3.3855,50.6068],[-3.364,50.6098],[-3.3618,50.6066],[-3.358,50.6083],[-3.3592,50.6154],[-3.3526,50.6191],[-3.3236,50.6281],[-3.3069,50.6295],[-3.3119,50.6309],[-3.309,50.6306],[-3.3095,50.6398],[-3.309,50.6381],[-3.3091,50.6364],[-3.3084,50.6348],[-3.3084,50.6329],[-3.3065,50.6327],[-3.3063,50.6297],[-3.3006,50.6315],[-3.2889,50.641],[-3.2846,50.6534],[-3.266,50.6703],[-3.2329,50.679],[-3.1847,50.685],[-3.1258,50.6869],[-3.0959,50.6852],[-3.0925,50.6953],[-3.0829,50.7014],[-3.0744,50.7029],[-3.0227,50.6984],[-3.0069,50.7004],[-2.9953,50.7054],[-2.9818,50.7051],[-2.9469,50.7185],[-2.9343,50.7191],[-2.9388,50.7204],[-2.9281,50.729],[-2.9117,50.7337],[-2.8306,50.7231],[-2.8125,50.718],[-2.7934,50.7181],[-2.7642,50.7086],[-2.7638,50.7115],[-2.7616,50.7112],[-2.7638,50.7092],[-2.6424,50.6658],[-2.5867,50.6409],[-2.4977,50.593],[-2.4485,50.5588],[-2.4568,50.5423],[-2.4539,50.5389],[-2.4601,50.5165],[-2.4567,50.513],[-2.4428,50.5205],[-2.4285,50.538],[-2.418,50.5428],[-2.4157,50.5511],[-2.4285,50.5661],[-2.4222,50.5692],[-2.437,50.5681],[-2.4409,50.57],[-2.4378,50.573],[-2.4404,50.5724],[-2.4418,50.5684],[-2.4611,50.5714],[-2.4695,50.5825],[-2.4715,50.5827],[-2.4694,50.5779],[-2.5442,50.6209],[-2.6117,50.6541],[-2.5983,50.654],[-2.6009,50.6508],[-2.5821,50.6418],[-2.5702,50.6375],[-2.5612,50.6382],[-2.5581,50.6308],[-2.5458,50.6304],[-2.5468,50.6277],[-2.5519,50.6273],[-2.5352,50.6185],[-2.5175,50.6178],[-2.5137,50.6102],[-2.5083,50.6112],[-2.5071,50.6062],[-2.5015,50.6068],[-2.4956,50.6029],[-2.4994,50.5989],[-2.4975,50.5956],[-2.4704,50.5831],[-2.4658,50.5925],[-2.4503,50.6011],[-2.4324,50.5962],[-2.4495,50.6018],[-2.4507,50.6045],[-2.4428,50.6086],[-2.4554,50.6073],[-2.4444,50.6095],[-2.45,50.6087],[-2.4525,50.6121],[-2.4444,50.6238],[-2.4205,50.6365],[-2.4086,50.633],[-2.3935,50.6366],[-2.3655,50.6312],[-2.3392,50.632],[-2.3234,50.6247],[-2.273,50.622],[-2.2494,50.6169],[-2.2464,50.6195],[-2.2449,50.6164],[-2.2282,50.6161],[-2.2204,50.6201],[-2.1983,50.6229],[-2.1853,50.6183],[-2.1873,50.6148],[-2.1578,50.6152],[-2.1459,50.6083],[-2.134,50.6126],[-2.1284,50.6049],[-2.1152,50.5994],[-2.0771,50.5956],[-2.073,50.5923],[-2.0639,50.5938],[-2.0618,50.5819],[-2.0559,50.5766],[-2.0396,50.5801],[-2.0264,50.589],[-2.0035,50.5918],[-1.9598,50.5911],[-1.951,50.5946],[-1.9527,50.6009],[-1.9441,50.6074],[-1.9565,50.6093],[-1.9538,50.6218],[-1.9445,50.6292],[-1.933,50.631],[-1.9237,50.6421],[-1.9409,50.6409],[-1.9526,50.6505],[-1.9416,50.6738],[-1.9501,50.6802],[-1.9575,50.6727],[-1.9613,50.6748],[-1.9635,50.6705],[-1.9712,50.6693],[-1.9681,50.6608],[-1.9726,50.6642],[-1.9774,50.6611],[-1.9748,50.6652],[-1.9818,50.6647],[-1.9853,50.6701],[-1.9801,50.6773],[-1.9918,50.6728],[-1.9957,50.6672],[-2.0016,50.671],[-1.9958,50.6734],[-1.999,50.6763],[-2.0099,50.6738],[-2.0052,50.6779],[-2.0116,50.6828],[-2.0215,50.6822],[-2.0261,50.6746],[-2.0231,50.6728],[-2.0255,50.6699],[-2.0243,50.6724],[-2.0291,50.6745],[-2.035,50.6715],[-2.0442,50.671],[-2.0394,50.6724],[-2.0348,50.6719],[-2.0266,50.6781],[-2.0268,50.6815],[-2.0297,50.6808],[-2.0248,50.6846],[-2.0348,50.6793],[-2.0472,50.6779],[-2.0454,50.6806],[-2.0369,50.6806],[-2.0247,50.6876],[-2.0248,50.6957],[-2.0326,50.702],[-2.0274,50.7035],[-2.0183,50.7014],[-2.0262,50.7075],[-2.0396,50.7072],[-2.0434,50.7029],[-2.0541,50.7001],[-2.0639,50.688],[-2.0813,50.6865],[-2.0836,50.6908],[-2.0782,50.6892],[-2.0816,50.695],[-2.0708,50.6982],[-2.0751,50.7051],[-2.0581,50.7057],[-2.0652,50.708],[-2.0728,50.7076],[-2.063,50.7164],[-2.0513,50.7176],[-2.0425,50.7145],[-2.0465,50.7166],[-2.0406,50.72],[-2.0441,50.7197],[-2.042,50.7226],[-2.0485,50.7229],[-2.0519,50.7269],[-2.0458,50.7305],[-2.041,50.732],[-2.0394,50.7296],[-2.0362,50.732],[-2.0358,50.728],[-2.0265,50.7293],[-2.0367,50.726],[-2.035,50.7226],[-2.0403,50.7204],[-2.0373,50.7173],[-2.0144,50.7108],[-2.0002,50.711],[-1.9982,50.7076],[-1.9993,50.7103],[-1.9967,50.7074],[-1.9858,50.7073],[-1.9892,50.7084],[-1.9872,50.7112],[-1.9945,50.7131],[-1.9949,50.7175],[-2.0053,50.7185],[-2.0031,50.7224],[-2.011,50.7282],[-2.0055,50.7297],[-2.0115,50.7313],[-2.0079,50.7347],[-1.9978,50.735],[-1.996,50.7375],[-1.9942,50.7347],[-1.9898,50.7373],[-1.9941,50.7347],[-1.9918,50.7299],[-1.995,50.7299],[-1.99,50.7292],[-1.9872,50.7279],[-1.9922,50.7295],[-1.9926,50.724],[-1.9843,50.7194],[-1.9897,50.7189],[-1.9922,50.7127],[-1.9727,50.7106],[-1.9665,50.7153],[-1.958,50.7156],[-1.9605,50.7121],[-1.9556,50.7092],[-1.9492,50.7112],[-1.9518,50.7053],[-1.9482,50.7073],[-1.9339,50.699],[-1.933,50.693],[-1.9513,50.6865],[-1.9476,50.6827],[-1.9136,50.7041],[-1.8871,50.7133],[-1.8468,50.7193],[-1.8156,50.7206],[-1.7672,50.7162],[-1.7488,50.7111],[-1.7401,50.7238],[-1.748,50.7155],[-1.7506,50.7176],[-1.747,50.718],[-1.7636,50.7188],[-1.7608,50.7202],[-1.7669,50.7219],[-1.7739,50.7297],[-1.7902,50.7307],[-1.7713,50.7308],[-1.769,50.7278],[-1.7636,50.7311],[-1.7669,50.726],[-1.7618,50.7231],[-1.7641,50.7264],[-1.7637,50.7271],[-1.7602,50.7237],[-1.7579,50.7238],[-1.7595,50.7269],[-1.7565,50.7274],[-1.7574,50.728],[-1.7581,50.7277],[-1.7601,50.7274],[-1.7623,50.7277],[-1.7623,50.7281],[-1.7601,50.7275],[-1.7597,50.7276],[-1.7591,50.7276],[-1.7584,50.7278],[-1.7581,50.7278],[-1.7576,50.7281],[-1.7573,50.7281],[-1.76,50.7291],[-1.7573,50.7311],[-1.7506,50.7259],[-1.7407,50.7272],[-1.7423,50.7235],[-1.7253,50.7338],[-1.7073,50.7367],[-1.6893,50.7375],[-1.6405,50.7321],[-1.5844,50.7192],[-1.5647,50.7087],[-1.551,50.7061],[-1.5479,50.7083],[-1.5552,50.7144],[-1.5519,50.7068],[-1.5669,50.7105],[-1.5805,50.7183],[-1.5725,50.717],[-1.5649,50.721],[-1.5675,50.7225],[-1.556,50.7221],[-1.5523,50.7277],[-1.5445,50.7274],[-1.5309,50.7371],[-1.5334,50.7414],[-1.5382,50.7388],[-1.5418,50.7398],[-1.5371,50.7397],[-1.5348,50.7449],[-1.5306,50.7424],[-1.5259,50.7445],[-1.5285,50.7545],[-1.5367,50.7589],[-1.5354,50.7638],[-1.5334,50.7613],[-1.5354,50.7595],[-1.5291,50.7571],[-1.5275,50.7586],[-1.514,50.7531],[-1.5008,50.7537],[-1.4623,50.761],[-1.4657,50.7649],[-1.4608,50.7608],[-1.4154,50.7675],[-1.3907,50.7767],[-1.4073,50.7712],[-1.3928,50.778],[-1.3974,50.7764],[-1.4127,50.7837],[-1.414,50.7997],[-1.4229,50.8],[-1.4206,50.8054],[-1.44,50.8103],[-1.4394,50.814],[-1.4456,50.8135],[-1.4468,50.8183],[-1.4511,50.8192],[-1.4468,50.8198],[-1.4429,50.8152],[-1.438,50.8154],[-1.4359,50.8104],[-1.4293,50.8112],[-1.4195,50.8072],[-1.4191,50.8008],[-1.4118,50.8048],[-1.4051,50.7913],[-1.4083,50.7863],[-1.4012,50.7845],[-1.3425,50.7857],[-1.3275,50.8033],[-1.3074,50.8152],[-1.3086,50.8205],[-1.3115,50.8135],[-1.3174,50.8177],[-1.326,50.8165],[-1.3216,50.824],[-1.3244,50.8262],[-1.3279,50.8246],[-1.3296,50.828],[-1.3393,50.8265],[-1.3401,50.8358],[-1.335,50.8373],[-1.3404,50.8426],[-1.3497,50.8461],[-1.3533,50.8421],[-1.3528,50.8455],[-1.357,50.8432],[-1.3559,50.8425],[-1.3573,50.8427],[-1.3573,50.8439],[-1.3545,50.8453],[-1.3562,50.8456],[-1.359,50.8451],[-1.3577,50.843],[-1.3605,50.8429],[-1.3614,50.8468],[-1.3597,50.8452],[-1.3554,50.8481],[-1.3603,50.8475],[-1.3602,50.85],[-1.3637,50.8478],[-1.3617,50.8503],[-1.3695,50.8513],[-1.3744,50.8558],[-1.3783,50.8548],[-1.3743,50.8569],[-1.3804,50.8571],[-1.3805,50.8572],[-1.3802,50.8575],[-1.3784,50.8586],[-1.3832,50.8588],[-1.3832,50.8596],[-1.3798,50.8593],[-1.3868,50.8616],[-1.3928,50.8696],[-1.4007,50.8718],[-1.3932,50.883],[-1.3809,50.8882],[-1.3696,50.8842],[-1.3322,50.8572],[-1.3106,50.8489],[-1.3024,50.8378],[-1.2648,50.827],[-1.2461,50.8172],[-1.2381,50.818],[-1.2156,50.8101],[-1.1899,50.7898],[-1.1601,50.784],[-1.1416,50.7732],[-1.1119,50.7896],[-1.1138,50.7913],[-1.1163,50.788],[-1.1243,50.7896],[-1.1329,50.7851],[-1.1456,50.7847],[-1.132,50.7872],[-1.1384,50.7904],[-1.1346,50.7904],[-1.1307,50.7888],[-1.1222,50.7924],[-1.121,50.7901],[-1.1166,50.7962],[-1.1241,50.7989],[-1.1237,50.8041],[-1.1371,50.8022],[-1.1346,50.8056],[-1.1238,50.8062],[-1.142,50.8169],[-1.1457,50.8259],[-1.1541,50.8253],[-1.1501,50.8272],[-1.1526,50.8358],[-1.1584,50.8391],[-1.1662,50.8349],[-1.1661,50.8372],[-1.1707,50.8373],[-1.1677,50.8379],[-1.1762,50.8393],[-1.1794,50.8374],[-1.1756,50.8421],[-1.1792,50.8487],[-1.1693,50.8496],[-1.1677,50.8527],[-1.1693,50.8483],[-1.1768,50.848],[-1.1711,50.84],[-1.1543,50.8449],[-1.1529,50.8412],[-1.148,50.8419],[-1.1439,50.839],[-1.1129,50.8361],[-1.117,50.843],[-1.1118,50.8435],[-1.1156,50.8456],[-1.1055,50.8468],[-1.1025,50.8458],[-1.1062,50.8379],[-1.0947,50.8313],[-1.0879,50.8313],[-1.0887,50.8285],[-1.0783,50.8362],[-1.0783,50.8363],[-1.0768,50.8374],[-1.0444,50.834],[-1.044,50.8322],[-1.0363,50.8355],[-1.0349,50.8294],[-1.0249,50.8264],[-1.0217,50.8425],[-1.013,50.8444],[-1.0032,50.8428],[-1.0029,50.8481],[-0.9972,50.8405],[-0.9875,50.8374],[-0.9873,50.8398],[-0.9812,50.835],[-0.9746,50.8422],[-0.9589,50.8393],[-0.9516,50.8432],[-0.9325,50.8433],[-0.9326,50.8462],[-0.9309,50.8436],[-0.9331,50.8429],[-0.9314,50.8409],[-0.9424,50.8244],[-0.9387,50.8177],[-0.9427,50.8154],[-0.9282,50.8119],[-0.9209,50.8061],[-0.908,50.7987],[-0.9073,50.802],[-0.9086,50.7991],[-0.9142,50.8031],[-0.9105,50.8036],[-0.9083,50.8227],[-0.9123,50.828],[-0.9294,50.831],[-0.923,50.8321],[-0.9124,50.8281],[-0.9167,50.8365],[-0.9133,50.8398],[-0.9089,50.8377],[-0.8938,50.8383],[-0.8928,50.8327],[-0.8968,50.8319],[-0.8922,50.8183],[-0.8767,50.8115],[-0.8714,50.824],[-0.8662,50.827],[-0.8742,50.8327],[-0.8696,50.834],[-0.8697,50.8399],[-0.8583,50.8396],[-0.8613,50.828],[-0.8534,50.8294],[-0.8512,50.8275],[-0.8631,50.8232],[-0.8697,50.8179],[-0.8689,50.8138],[-0.8582,50.8109],[-0.8528,50.8124],[-0.8484,50.8106],[-0.8569,50.8075],[-0.8427,50.8045],[-0.8223,50.8148],[-0.8174,50.8291],[-0.811,50.8327],[-0.8078,50.8305],[-0.8169,50.8194],[-0.8145,50.8141],[-0.8246,50.8101],[-0.8254,50.8044],[-0.8342,50.8049],[-0.8447,50.7993],[-0.8605,50.8029],[-0.8662,50.8078],[-0.8776,50.8077],[-0.8906,50.7999],[-0.8945,50.7902],[-0.9011,50.7897],[-0.9052,50.782],[-0.9154,50.7806],[-0.9085,50.7867],[-0.9127,50.7897],[-0.9166,50.781],[-0.9054,50.7742],[-0.8649,50.7626],[-0.8232,50.7438],[-0.8255,50.7499],[-0.8346,50.7504],[-0.8315,50.7528],[-0.8264,50.752],[-0.8277,50.7563],[-0.8215,50.7546],[-0.8282,50.7608],[-0.8253,50.7599],[-0.8239,50.764],[-0.8209,50.7577],[-0.8164,50.7575],[-0.821,50.7532],[-0.8253,50.7527],[-0.8252,50.7525],[-0.8245,50.7522],[-0.824,50.7515],[-0.8201,50.7494],[-0.8183,50.7501],[-0.8177,50.7432],[-0.8092,50.7433],[-0.8099,50.7465],[-0.8067,50.7465],[-0.8091,50.7406],[-0.8217,50.7429],[-0.8186,50.7388],[-0.7955,50.7241],[-0.7877,50.7224],[-0.7502,50.7572],[-0.7614,50.7539],[-0.7617,50.7512],[-0.7692,50.7603],[-0.7765,50.7628],[-0.7868,50.7599],[-0.7773,50.7671],[-0.7816,50.7685],[-0.7657,50.7679],[-0.7669,50.7728],[-0.7553,50.7719],[-0.7568,50.7676],[-0.7498,50.7615],[-0.7547,50.7592],[-0.7514,50.7581],[-0.73,50.7706],[-0.7015,50.7777],[-0.6493,50.7868],[-0.5997,50.7912],[-0.5639,50.799],[-0.542,50.8003],[-0.5442,50.8057],[-0.5578,50.8117],[-0.5516,50.8113],[-0.5445,50.8078],[-0.5418,50.8014],[-0.4444,50.8018],[-0.3707,50.8088],[-0.281,50.8264],[-0.2482,50.8247],[-0.2516,50.8304],[-0.285,50.8295],[-0.2805,50.8315],[-0.2892,50.8394],[-0.2882,50.8456],[-0.2952,50.8492],[-0.2924,50.8528],[-0.2902,50.8507],[-0.2921,50.8481],[-0.2873,50.8462],[-0.2871,50.8398],[-0.2761,50.8314],[-0.2382,50.8305],[-0.2458,50.8286],[-0.2466,50.8256],[-0.245,50.8282],[-0.2303,50.8288],[-0.1612,50.8225],[-0.1085,50.813],[-0.1064,50.8083],[-0.1078,50.8116],[-0.0936,50.8105],[-0.0966,50.8085],[-0.1062,50.8096],[-0.1025,50.8089],[-0.097,50.8084],[-0.0956,50.8086],[-0.0947,50.809],[-0.0918,50.8117],[-0.0002,50.7887],[0.053,50.7796],[0.0584,50.7758],[0.0523,50.7808],[0.0572,50.7817],[0.0524,50.7862],[0.0525,50.795],[0.0583,50.7821],[0.0767,50.7794],[0.1219,50.7583],[0.1379,50.7559],[0.1489,50.7591],[0.1916,50.747],[0.2071,50.7391],[0.241,50.7344],[0.2604,50.7386],[0.2705,50.7513],[0.2869,50.7606],[0.3028,50.7751],[0.3341,50.7882],[0.3276,50.7888],[0.3295,50.7927],[0.3328,50.7891],[0.3484,50.8088],[0.3636,50.8161],[0.4163,50.8309],[0.4804,50.8376],[0.5279,50.849],[0.5921,50.8534],[0.6087,50.8599],[0.66,50.8701],[0.67,50.874],[0.6823,50.8858],[0.7202,50.9085],[0.7525,50.9233],[0.7757,50.9276],[0.7739,50.9318],[0.7947,50.9328],[0.9361,50.9125],[0.9766,50.9118],[0.9825,50.921],[0.9718,50.9388],[0.9643,50.9627],[0.9759,51.0003],[0.9968,51.0248],[1.0385,51.0502],[1.0604,51.0593],[1.0935,51.0674],[1.1446,51.0728],[1.1716,51.0731],[1.19,51.0774],[1.1954,51.0759],[1.1855,51.0794],[1.1992,51.0832],[1.2069,51.0934],[1.2263,51.0996],[1.2677,51.1018],[1.3021,51.1134],[1.3128,51.1144],[1.3182,51.1115],[1.3278,51.1113],[1.3134,51.115],[1.3185,51.1164],[1.3231,51.1141],[1.3226,51.1187],[1.3182,51.1175],[1.3134,51.1195],[1.3207,51.1184],[1.3137,51.1199],[1.3166,51.1231],[1.3267,51.1256],[1.3347,51.1224],[1.3335,51.1263],[1.337,51.1246],[1.3381,51.1273],[1.3395,51.125],[1.3385,51.1274],[1.3427,51.1269],[1.3434,51.1218],[1.3428,51.131],[1.3766,51.1406],[1.395,51.1565],[1.4054,51.1744],[1.4045,51.2321],[1.3773,51.2874],[1.3718,51.3131],[1.3666,51.3166],[1.3655,51.3127],[1.359,51.3111],[1.3582,51.3144],[1.3624,51.3134],[1.3604,51.3162],[1.3631,51.3135],[1.3616,51.3196],[1.3658,51.325],[1.3774,51.3297],[1.3931,51.3265],[1.4092,51.3269],[1.4114,51.3239],[1.4222,51.3237],[1.4236,51.3243],[1.4154,51.3239],[1.4146,51.3275],[1.4217,51.3277],[1.4181,51.3292],[1.4232,51.3314],[1.4247,51.326],[1.4262,51.3335],[1.4423,51.3499],[1.4494,51.3778],[1.442,51.3872],[1.4249,51.3938],[1.4192,51.3916],[1.3845,51.3926],[1.3769,51.3877],[1.3419,51.3847],[1.3348,51.3864],[1.3312,51.3825],[1.315,51.3803],[1.2901,51.3828],[1.2766,51.3777],[1.1994,51.3799],[1.1473,51.373],[1.0989,51.3731],[1.0945,51.3685],[1.0682,51.3692],[1.0662,51.3672],[1.0683,51.3688],[1.0703,51.3687],[1.0707,51.3679],[1.0702,51.3673],[1.0685,51.3674],[1.0675,51.3663],[1.0673,51.3663],[1.0684,51.3674],[1.0702,51.3673],[1.0699,51.3687],[1.0682,51.3687],[1.0672,51.3676],[1.0662,51.3671],[1.0604,51.3659],[1.0251,51.3645],[1.0254,51.3641],[1.0282,51.3631],[1.0248,51.364],[1.01,51.3508],[0.9983,51.3476],[0.9574,51.345],[0.9364,51.3469],[0.8979,51.3417],[0.896,51.3363],[0.9044,51.3366],[0.908,51.3342],[0.906,51.3337],[0.9035,51.3355],[0.8988,51.334],[0.8946,51.3363],[0.8922,51.3341],[0.8801,51.3287],[0.8848,51.3329],[0.8925,51.335],[0.8969,51.3445],[0.8757,51.3539],[0.8634,51.3562],[0.8378,51.3538],[0.8172,51.3563],[0.8112,51.352],[0.8147,51.3498],[0.8162,51.3462],[0.8108,51.3471],[0.8139,51.3493],[0.8091,51.3515],[0.8135,51.3585],[0.7669,51.3623],[0.7595,51.3601],[0.754,51.3502],[0.7439,51.3485],[0.744,51.345],[0.7345,51.3457],[0.7385,51.3472],[0.742,51.3459],[0.7438,51.3492],[0.7528,51.3512],[0.757,51.361],[0.7643,51.3629],[0.7594,51.3703],[0.7637,51.382],[0.7412,51.395],[0.7358,51.3942],[0.7262,51.3992],[0.7162,51.4132],[0.7209,51.4171],[0.7293,51.4159],[0.7267,51.4171],[0.7237,51.4177],[0.7283,51.4203],[0.7227,51.4192],[0.7232,51.4175],[0.7148,51.4196],[0.7103,51.4172],[0.6969,51.4206],[0.6989,51.4103],[0.7055,51.4084],[0.7049,51.4072],[0.6986,51.4096],[0.6959,51.4072],[0.7,51.3991],[0.7045,51.3985],[0.7019,51.3962],[0.7052,51.3951],[0.7067,51.3978],[0.7074,51.3967],[0.706,51.3946],[0.7192,51.3882],[0.7137,51.3839],[0.6953,51.3799],[0.6948,51.3848],[0.7029,51.3924],[0.6982,51.394],[0.6871,51.3917],[0.6824,51.3804],[0.6745,51.3757],[0.6665,51.379],[0.6668,51.383],[0.6603,51.3838],[0.6576,51.3922],[0.6482,51.3975],[0.64,51.3951],[0.641,51.3875],[0.6301,51.3807],[0.6285,51.3731],[0.6227,51.377],[0.6248,51.3812],[0.6337,51.385],[0.6344,51.3891],[0.6223,51.3872],[0.6186,51.3796],[0.612,51.3789],[0.5968,51.3868],[0.6022,51.3905],[0.5978,51.3892],[0.5946,51.3866],[0.5927,51.3903],[0.5775,51.3905],[0.5753,51.3933],[0.5611,51.3948],[0.5619,51.3979],[0.5584,51.3983],[0.5587,51.3963],[0.5503,51.3993],[0.5502,51.3996],[0.5536,51.3998],[0.5502,51.3999],[0.5502,51.4002],[0.5533,51.4004],[0.5484,51.4074],[0.5379,51.4103],[0.5327,51.407],[0.5207,51.3845],[0.523,51.398],[0.5157,51.4003],[0.5167,51.4011],[0.5229,51.3998],[0.5308,51.4119],[0.5379,51.4136],[0.5634,51.4096],[0.5766,51.4158],[0.5919,51.4147],[0.6109,51.4174],[0.6237,51.4241],[0.6174,51.4284],[0.6137,51.423],[0.6052,51.4205],[0.6101,51.4226],[0.6123,51.4296],[0.6186,51.4317],[0.619,51.4374],[0.6268,51.4376],[0.6286,51.4428],[0.6328,51.4448],[0.6313,51.4411],[0.636,51.4462],[0.6449,51.4438],[0.6578,51.4492],[0.6636,51.4436],[0.6705,51.4484],[0.672,51.4474],[0.6692,51.4434],[0.6767,51.4386],[0.6737,51.4343],[0.6907,51.433],[0.7151,51.4364],[0.7234,51.4467],[0.7205,51.4597],[0.6999,51.4727],[0.6859,51.4751],[0.6713,51.4723],[0.6753,51.4724],[0.6746,51.4701],[0.6716,51.4715],[0.6747,51.4679],[0.6871,51.4644],[0.6903,51.4594],[0.6835,51.4654],[0.6735,51.4675],[0.6704,51.4703],[0.6697,51.475],[0.6599,51.4777],[0.642,51.479],[0.6152,51.4751],[0.6104,51.4794],[0.5857,51.4844],[0.5822,51.4795],[0.5742,51.4843],[0.5599,51.4847],[0.5544,51.4814],[0.5536,51.4849],[0.5517,51.4857],[0.5491,51.4863],[0.552,51.4854],[0.5482,51.4815],[0.541,51.483],[0.5334,51.48],[0.5325,51.4851],[0.539,51.4859],[0.5053,51.4856],[0.505,51.5055],[0.5187,51.5105],[0.5226,51.5079],[0.5331,51.5088],[0.5413,51.5128],[0.5222,51.5159],[0.5179,51.5256],[0.5122,51.5268],[0.5131,51.5272],[0.5146,51.5265],[0.5148,51.5277],[0.5184,51.5261],[0.5174,51.5273],[0.5079,51.5306],[0.513,51.532],[0.5167,51.53],[0.5227,51.5328],[0.5352,51.5312],[0.5367,51.5319],[0.5388,51.5329],[0.5408,51.5339],[0.5428,51.5349],[0.5452,51.5442],[0.5461,51.5478],[0.5654,51.5419],[0.6069,51.5351],[0.644,51.5411],[0.7517,51.5294],[0.7827,51.5212],[0.8174,51.5394],[0.8491,51.5519],[0.8509,51.5562],[0.8417,51.5598],[0.8298,51.5584],[0.8282,51.5626],[0.8176,51.5619],[0.8207,51.5645],[0.8129,51.5739],[0.8142,51.5762],[0.8144,51.5765],[0.8132,51.5769],[0.8081,51.5787],[0.7956,51.5745],[0.81,51.5698],[0.8082,51.5671],[0.8037,51.5672],[0.8071,51.5694],[0.8011,51.572],[0.7985,51.5715],[0.8024,51.5682],[0.7947,51.5665],[0.7857,51.5666],[0.7868,51.5676],[0.7967,51.5672],[0.8012,51.5689],[0.7947,51.5723],[0.7938,51.5757],[0.807,51.5802],[0.8057,51.586],[0.7644,51.5804],[0.7609,51.5764],[0.7597,51.5789],[0.7481,51.5795],[0.7169,51.5747],[0.7262,51.5775],[0.7228,51.5801],[0.7584,51.5805],[0.762,51.5832],[0.751,51.5863],[0.7542,51.5882],[0.7725,51.5835],[0.7837,51.5879],[0.7973,51.5866],[0.8191,51.5976],[0.8151,51.6037],[0.8003,51.6095],[0.7984,51.6137],[0.7782,51.6111],[0.785,51.6133],[0.7836,51.6165],[0.7852,51.6136],[0.7989,51.6145],[0.8161,51.6047],[0.8203,51.599],[0.8574,51.5956],[0.866,51.5986],[0.8636,51.6099],[0.8651,51.6137],[0.8651,51.6149],[0.8642,51.6151],[0.8598,51.6155],[0.8648,51.6148],[0.8629,51.6094],[0.8416,51.6152],[0.8469,51.6168],[0.835,51.6182],[0.8419,51.6155],[0.8255,51.6152],[0.8216,51.6163],[0.8269,51.6188],[0.8184,51.6195],[0.8208,51.6178],[0.8212,51.6167],[0.8222,51.6159],[0.8105,51.6215],[0.7855,51.6236],[0.7829,51.6198],[0.7778,51.6193],[0.7823,51.62],[0.7825,51.6221],[0.7844,51.6243],[0.7752,51.6323],[0.7638,51.6368],[0.7535,51.6321],[0.7356,51.6303],[0.722,51.6357],[0.7083,51.6335],[0.6569,51.6352],[0.6487,51.6329],[0.6487,51.6286],[0.6527,51.6293],[0.6481,51.6254],[0.6477,51.6299],[0.6377,51.6316],[0.6062,51.6287],[0.5958,51.6313],[0.5881,51.6303],[0.5865,51.6226],[0.578,51.6248],[0.571,51.6227],[0.5783,51.6251],[0.5859,51.6236],[0.588,51.6313],[0.5972,51.6325],[0.6059,51.63],[0.6025,51.6377],[0.5945,51.6372],[0.5982,51.6445],[0.599,51.6444],[0.5991,51.6442],[0.598,51.6421],[0.6002,51.6431],[0.5964,51.6387],[0.5948,51.6378],[0.6032,51.638],[0.608,51.6299],[0.6272,51.6335],[0.6426,51.6326],[0.6468,51.6367],[0.6376,51.6384],[0.6363,51.6358],[0.6319,51.6373],[0.6363,51.6383],[0.6327,51.6389],[0.6313,51.6387],[0.6314,51.6374],[0.6297,51.6377],[0.6285,51.6416],[0.6295,51.6395],[0.6579,51.6379],[0.6583,51.6438],[0.6504,51.6457],[0.6505,51.6485],[0.6667,51.6426],[0.6644,51.6371],[0.6734,51.6394],[0.6757,51.6365],[0.6961,51.6393],[0.709,51.6368],[0.7169,51.643],[0.7303,51.642],[0.7311,51.642],[0.7409,51.6413],[0.7457,51.6452],[0.7454,51.6433],[0.7622,51.6434],[0.7927,51.6261],[0.803,51.626],[0.803,51.6294],[0.8043,51.6261],[0.8305,51.6226],[0.9042,51.6225],[0.9349,51.633],[0.9379,51.6378],[0.9359,51.6496],[0.9472,51.6761],[0.944,51.6762],[0.9475,51.6766],[0.9316,51.6791],[0.9482,51.6788],[0.9378,51.6809],[0.9465,51.6803],[0.9494,51.683],[0.9406,51.6987],[0.9506,51.7306],[0.9427,51.7397],[0.9297,51.7468],[0.9219,51.7483],[0.8958,51.7439],[0.8752,51.7252],[0.8523,51.717],[0.8522,51.7149],[0.848,51.7165],[0.8329,51.7145],[0.8196,51.7211],[0.8059,51.7177],[0.7933,51.718],[0.7909,51.7103],[0.7975,51.7081],[0.7961,51.7077],[0.7951,51.7084],[0.7937,51.7075],[0.7908,51.709],[0.7901,51.7063],[0.7825,51.7076],[0.7716,51.704],[0.7754,51.7015],[0.774,51.6935],[0.7797,51.6928],[0.7759,51.6916],[0.7772,51.6908],[0.7779,51.6851],[0.7734,51.6876],[0.7767,51.6888],[0.7735,51.6888],[0.7763,51.6908],[0.7719,51.6956],[0.773,51.7013],[0.767,51.7026],[0.759,51.6997],[0.7593,51.6935],[0.7539,51.6916],[0.7568,51.6908],[0.7427,51.6869],[0.7432,51.6874],[0.7435,51.6875],[0.7437,51.6881],[0.7444,51.6886],[0.7452,51.6886],[0.7452,51.6892],[0.7473,51.6892],[0.7465,51.6904],[0.7394,51.6894],[0.7414,51.6877],[0.7379,51.6871],[0.7376,51.6893],[0.742,51.6915],[0.7386,51.6915],[0.7384,51.6938],[0.7391,51.6915],[0.7405,51.694],[0.7482,51.691],[0.7471,51.6945],[0.7542,51.6955],[0.75,51.7002],[0.7692,51.7083],[0.7549,51.71],[0.7528,51.7074],[0.7502,51.7084],[0.7519,51.7076],[0.7512,51.7066],[0.7459,51.7049],[0.7471,51.7062],[0.7487,51.7065],[0.7489,51.7059],[0.7499,51.7064],[0.7491,51.7072],[0.7514,51.7075],[0.7488,51.7078],[0.7479,51.7102],[0.7461,51.7083],[0.7452,51.7088],[0.7438,51.7071],[0.744,51.7086],[0.7468,51.7092],[0.7431,51.7097],[0.7469,51.7114],[0.7175,51.7162],[0.7163,51.7136],[0.7152,51.7135],[0.7141,51.7138],[0.7141,51.7146],[0.7135,51.714],[0.7134,51.7145],[0.7141,51.7147],[0.714,51.7155],[0.7112,51.7134],[0.7122,51.7157],[0.7092,51.7148],[0.6974,51.7228],[0.6994,51.7261],[0.6985,51.7265],[0.6973,51.7267],[0.6912,51.727],[0.6848,51.7326],[0.6907,51.7355],[0.6912,51.7345],[0.6865,51.733],[0.6899,51.7302],[0.6912,51.7345],[0.693,51.731],[0.6923,51.7297],[0.7019,51.7287],[0.7056,51.7238],[0.708,51.7249],[0.7148,51.7346],[0.711,51.7368],[0.7137,51.7376],[0.7365,51.7294],[0.7379,51.7333],[0.7444,51.7314],[0.7394,51.7311],[0.7456,51.731],[0.7521,51.7328],[0.7502,51.7333],[0.7474,51.732],[0.7483,51.7353],[0.745,51.7334],[0.7443,51.7345],[0.7456,51.7367],[0.7542,51.7351],[0.7627,51.7384],[0.7605,51.7424],[0.7745,51.7389],[0.7715,51.7413],[0.7768,51.7439],[0.7785,51.7393],[0.7886,51.7367],[0.7967,51.74],[0.7925,51.7404],[0.7893,51.7376],[0.7879,51.7372],[0.7838,51.7381],[0.7891,51.738],[0.7922,51.7452],[0.8136,51.7386],[0.8228,51.7408],[0.8252,51.7384],[0.8388,51.7384],[0.8523,51.7416],[0.8474,51.7474],[0.8562,51.7438],[0.8703,51.7512],[0.8676,51.753],[0.8826,51.7577],[0.8785,51.7568],[0.8616,51.7631],[0.8507,51.7569],[0.8492,51.7596],[0.8543,51.7609],[0.8528,51.761],[0.8495,51.7601],[0.8519,51.7632],[0.8479,51.7627],[0.8498,51.7642],[0.8529,51.7647],[0.8502,51.7655],[0.8477,51.7628],[0.8465,51.7635],[0.8473,51.765],[0.8442,51.7638],[0.8449,51.7656],[0.8458,51.766],[0.8422,51.7648],[0.8447,51.7682],[0.8313,51.7702],[0.8373,51.774],[0.8489,51.7711],[0.8575,51.775],[0.8607,51.7687],[0.8846,51.7638],[0.8908,51.7674],[0.885,51.7697],[0.8905,51.7697],[0.8774,51.7793],[0.8578,51.784],[0.8445,51.78],[0.8442,51.7824],[0.8415,51.7817],[0.8348,51.7842],[0.8352,51.7852],[0.8395,51.7851],[0.8396,51.7871],[0.8282,51.7878],[0.8299,51.789],[0.8332,51.7898],[0.8323,51.788],[0.8376,51.7883],[0.8401,51.787],[0.8403,51.7854],[0.8388,51.7843],[0.8375,51.7843],[0.8415,51.7823],[0.856,51.7874],[0.8628,51.7849],[0.8639,51.7872],[0.865,51.7867],[0.866,51.7854],[0.8634,51.7849],[0.8722,51.7832],[0.8712,51.786],[0.8651,51.7869],[0.8688,51.7867],[0.8659,51.7887],[0.8665,51.7927],[0.8678,51.7924],[0.869,51.7916],[0.8671,51.7908],[0.8678,51.7904],[0.8667,51.79],[0.8672,51.7889],[0.8664,51.7884],[0.8677,51.7885],[0.8705,51.7867],[0.8781,51.7866],[0.8829,51.7817],[0.8924,51.7792],[0.8938,51.7905],[0.8968,51.7891],[0.8957,51.7908],[0.8949,51.7912],[0.8986,51.7916],[0.8973,51.7892],[0.9082,51.7987],[0.909,51.8012],[0.905,51.8015],[0.9041,51.8042],[0.906,51.8037],[0.9062,51.8025],[0.9053,51.8017],[0.9073,51.8032],[0.9075,51.8032],[0.9076,51.803],[0.907,51.8022],[0.9083,51.8029],[0.9098,51.8007],[0.9104,51.8036],[0.9144,51.7997],[0.9153,51.8002],[0.9151,51.8006],[0.9153,51.8008],[0.9151,51.8014],[0.9215,51.7954],[0.9201,51.7916],[0.9132,51.7926],[0.9019,51.7863],[0.8984,51.7784],[0.9042,51.7751],[0.9023,51.7737],[0.9455,51.7747],[1,51.7931],[1.0041,51.7975],[0.9992,51.8019],[0.9757,51.8039],[0.9665,51.8088],[0.9453,51.8068],[0.9458,51.8041],[0.9389,51.8002],[0.9405,51.8045],[0.941,51.8046],[0.9417,51.8043],[0.9417,51.8039],[0.9425,51.8042],[0.9431,51.8036],[0.9457,51.8043],[0.9428,51.8068],[0.9366,51.8041],[0.9379,51.8041],[0.939,51.8025],[0.9373,51.8016],[0.9379,51.8021],[0.9389,51.8025],[0.9387,51.8025],[0.9385,51.8027],[0.9383,51.8027],[0.938,51.8028],[0.938,51.803],[0.9383,51.8031],[0.9381,51.8033],[0.9379,51.8032],[0.9376,51.8033],[0.9372,51.8033],[0.9371,51.8034],[0.9371,51.8037],[0.9378,51.8041],[0.9336,51.8036],[0.9323,51.7991],[0.9265,51.8],[0.9253,51.7956],[0.9218,51.7962],[0.9239,51.7945],[0.9228,51.795],[0.9222,51.7953],[0.9213,51.7968],[0.9205,51.7967],[0.9211,51.796],[0.9178,51.7992],[0.9216,51.8015],[0.918,51.804],[0.9217,51.8016],[0.9216,51.8005],[0.9226,51.8012],[0.9219,51.8031],[0.9193,51.8044],[0.9201,51.8043],[0.9217,51.8037],[0.9233,51.8038],[0.9229,51.8015],[0.9263,51.8041],[0.9305,51.8018],[0.9288,51.8045],[0.937,51.8058],[0.9259,51.806],[0.9237,51.8038],[0.9242,51.8061],[0.9216,51.8038],[0.9183,51.8054],[0.9226,51.8068],[0.9188,51.8058],[0.9181,51.8062],[0.9198,51.8078],[0.9144,51.8073],[0.9139,51.8092],[0.9145,51.8073],[0.9184,51.809],[0.9254,51.8082],[0.9187,51.8103],[0.9151,51.8092],[0.9149,51.8099],[0.9162,51.8114],[0.917,51.8102],[0.919,51.8109],[0.9219,51.8104],[0.9278,51.8075],[0.9695,51.8128],[0.9799,51.8082],[0.9912,51.8073],[0.9666,51.8194],[0.9513,51.8234],[0.9434,51.8222],[0.9535,51.8278],[0.9494,51.8289],[0.9497,51.83],[0.9527,51.8284],[0.9523,51.8332],[0.9622,51.8331],[0.9645,51.8305],[0.9644,51.831],[0.9651,51.8313],[0.9681,51.8319],[0.9675,51.8314],[0.9666,51.8309],[0.9663,51.8312],[0.9663,51.8314],[0.9658,51.8311],[0.9654,51.8311],[0.9651,51.8312],[0.966,51.8305],[0.9654,51.8304],[0.9647,51.831],[0.9649,51.8305],[0.9644,51.8304],[0.9637,51.8308],[0.9656,51.8227],[0.9688,51.8237],[0.9684,51.8222],[0.9681,51.8221],[0.9677,51.8222],[0.9682,51.8215],[0.9717,51.8203],[0.9704,51.8224],[0.9707,51.8225],[0.9712,51.8225],[0.9707,51.8222],[0.9712,51.8221],[0.9711,51.8216],[0.972,51.8215],[0.972,51.8212],[0.9716,51.8211],[0.9723,51.8209],[0.9722,51.8199],[0.9822,51.8174],[0.9776,51.8236],[0.9733,51.8237],[0.9736,51.8239],[0.9741,51.824],[0.9748,51.8238],[0.9755,51.8242],[0.9761,51.8243],[0.9772,51.824],[0.9749,51.8271],[0.9703,51.8243],[0.9679,51.8252],[0.9676,51.8258],[0.9682,51.8267],[0.9706,51.8257],[0.9702,51.826],[0.9704,51.8264],[0.9735,51.8273],[0.975,51.8273],[0.9742,51.8291],[0.9682,51.8267],[0.9668,51.8293],[0.9671,51.8292],[0.9676,51.8283],[0.9681,51.8284],[0.9681,51.8281],[0.9683,51.8285],[0.9685,51.8285],[0.9687,51.8284],[0.9689,51.8284],[0.9692,51.8287],[0.9692,51.829],[0.9694,51.8291],[0.97,51.8291],[0.9707,51.8287],[0.9718,51.8294],[0.9727,51.8294],[0.9723,51.8295],[0.9697,51.8294],[0.9693,51.8298],[0.9683,51.8292],[0.9671,51.8301],[0.9664,51.8294],[0.9672,51.8311],[0.9702,51.8295],[0.9683,51.8317],[0.9741,51.8296],[0.9775,51.8356],[0.9753,51.8468],[0.9626,51.8522],[0.9555,51.8541],[0.9574,51.8534],[0.9551,51.8507],[0.9512,51.8507],[0.9529,51.849],[0.947,51.849],[0.9462,51.8467],[0.9396,51.8462],[0.9377,51.8478],[0.9333,51.8456],[0.9305,51.8449],[0.9129,51.8453],[0.9144,51.8459],[0.9156,51.8461],[0.9171,51.8454],[0.9277,51.8457],[0.9307,51.845],[0.9332,51.8457],[0.936,51.8473],[0.9378,51.8478],[0.9452,51.8467],[0.9462,51.849],[0.952,51.8494],[0.9503,51.8507],[0.953,51.8521],[0.9553,51.8526],[0.9495,51.8554],[0.9506,51.8623],[0.9469,51.8661],[0.9267,51.8807],[0.9258,51.8858],[0.9181,51.8869],[0.9148,51.8913],[0.918,51.8874],[0.9238,51.8871],[0.926,51.8859],[0.9268,51.8849],[0.9271,51.8813],[0.9278,51.8805],[0.9357,51.8767],[0.9503,51.8641],[0.9498,51.8653],[0.9506,51.8642],[0.9503,51.864],[0.9494,51.8642],[0.9515,51.8629],[0.9521,51.8601],[0.9508,51.8552],[0.9616,51.854],[0.9795,51.8478],[0.9852,51.8389],[1.0105,51.8324],[1.0132,51.8345],[1.021,51.8348],[1.0189,51.8337],[1.0141,51.8341],[1.0105,51.8317],[0.9882,51.8374],[0.9843,51.8305],[0.9935,51.8164],[1.0105,51.8056],[1.0312,51.805],[1.0467,51.811],[1.0468,51.811],[1.0469,51.8109],[1.0474,51.8105],[1.0479,51.8101],[1.0491,51.8084],[1.0505,51.8107],[1.0538,51.8096],[1.0606,51.8118],[1.0644,51.817],[1.0489,51.8229],[1.0448,51.8194],[1.0461,51.8228],[1.0484,51.8234],[1.0637,51.8185],[1.0595,51.8242],[1.0632,51.8206],[1.0678,51.8211],[1.0622,51.8101],[1.0444,51.8032],[1.0498,51.8029],[1.0556,51.7985],[1.0647,51.7984],[1.0654,51.7963],[1.0512,51.7989],[1.0486,51.8027],[1.0461,51.8013],[1.0421,51.8028],[1.0425,51.8012],[1.0409,51.8029],[1.0394,51.8009],[1.0406,51.8028],[1.0299,51.799],[1.0173,51.8028],[1.0177,51.8005],[1.0302,51.7959],[1.0384,51.788],[1.0415,51.7887],[1.0414,51.7885],[1.0444,51.7867],[1.0463,51.7852],[1.0476,51.7835],[1.0481,51.7837],[1.048,51.7836],[1.0475,51.7834],[1.0446,51.7865],[1.0412,51.7886],[1.039,51.7844],[1.0403,51.7845],[1.0432,51.7866],[1.0406,51.7839],[1.0451,51.7856],[1.0474,51.7835],[1.0446,51.7827],[1.0422,51.784],[1.0418,51.7812],[1.0413,51.7813],[1.0411,51.7818],[1.0402,51.7821],[1.0399,51.7833],[1.0388,51.7836],[1.0414,51.7798],[1.0356,51.784],[1.0367,51.7786],[1.0401,51.78],[1.0369,51.7784],[1.0412,51.7796],[1.04,51.7787],[1.0397,51.7787],[1.0391,51.7785],[1.0387,51.7785],[1.0383,51.778],[1.0378,51.778],[1.0387,51.7776],[1.0387,51.7778],[1.0395,51.778],[1.0397,51.7785],[1.0423,51.7791],[1.0422,51.7789],[1.04,51.7783],[1.0404,51.7781],[1.0396,51.7781],[1.0396,51.7779],[1.039,51.7777],[1.0388,51.7777],[1.0429,51.7765],[1.0469,51.7778],[1.0432,51.7812],[1.0478,51.7833],[1.0478,51.7769],[1.0473,51.7765],[1.0464,51.7763],[1.0462,51.7769],[1.045,51.7754],[1.0446,51.7761],[1.0432,51.7742],[1.0469,51.7715],[1.0455,51.7719],[1.0437,51.7728],[1.043,51.774],[1.0423,51.7737],[1.0442,51.7761],[1.0393,51.775],[1.0413,51.7734],[1.0437,51.7714],[1.0455,51.7713],[1.0482,51.7712],[1.0481,51.771],[1.0479,51.7708],[1.0477,51.7708],[1.0462,51.771],[1.0438,51.7713],[1.0469,51.7707],[1.0484,51.7703],[1.0542,51.7701],[1.0565,51.7727],[1.0574,51.7728],[1.0578,51.7705],[1.0654,51.7731],[1.0792,51.7728],[1.0792,51.7722],[1.0734,51.7715],[1.0655,51.7729],[1.0641,51.771],[1.0542,51.77],[1.0422,51.7705],[1.0436,51.7696],[1.0651,51.77],[1.0829,51.7726],[1.1161,51.7716],[1.1218,51.7749],[1.1281,51.7744],[1.1639,51.7905],[1.2191,51.8094],[1.2716,51.8455],[1.2883,51.8606],[1.2909,51.8719],[1.286,51.8764],[1.2647,51.886],[1.2632,51.8857],[1.2634,51.8827],[1.2716,51.882],[1.2665,51.8813],[1.269,51.878],[1.2696,51.8782],[1.2677,51.881],[1.2726,51.8815],[1.2707,51.8807],[1.2677,51.881],[1.2681,51.8804],[1.2702,51.8807],[1.2699,51.8773],[1.2712,51.8781],[1.2706,51.8798],[1.2714,51.8782],[1.2735,51.88],[1.2711,51.8808],[1.2736,51.8808],[1.281,51.8776],[1.2788,51.8761],[1.2861,51.8757],[1.2851,51.8754],[1.2827,51.8754],[1.2773,51.8762],[1.2716,51.8756],[1.2678,51.8771],[1.2735,51.862],[1.2702,51.8569],[1.275,51.8549],[1.2698,51.8561],[1.269,51.8517],[1.2648,51.8556],[1.2687,51.8577],[1.267,51.8603],[1.2707,51.8599],[1.2657,51.862],[1.2702,51.863],[1.2712,51.8609],[1.2718,51.8617],[1.27,51.8636],[1.2629,51.862],[1.2596,51.8641],[1.2534,51.8624],[1.2586,51.8646],[1.2525,51.8637],[1.2538,51.858],[1.25,51.8561],[1.2523,51.859],[1.2488,51.8581],[1.2491,51.8623],[1.248,51.8591],[1.2359,51.8615],[1.2324,51.8551],[1.2333,51.8576],[1.2325,51.8557],[1.228,51.8585],[1.2323,51.863],[1.2252,51.8649],[1.2271,51.8686],[1.2301,51.868],[1.2264,51.8721],[1.2157,51.8702],[1.2115,51.8663],[1.212,51.8695],[1.1996,51.8669],[1.2004,51.8712],[1.1782,51.8714],[1.1871,51.8728],[1.1925,51.8718],[1.1997,51.8757],[1.1971,51.8773],[1.2098,51.8785],[1.211,51.8806],[1.2025,51.8781],[1.199,51.8847],[1.2052,51.8856],[1.2057,51.8854],[1.2058,51.8851],[1.2065,51.8872],[1.2122,51.8863],[1.2124,51.8903],[1.2282,51.8905],[1.2307,51.8928],[1.2277,51.8946],[1.212,51.8966],[1.226,51.9038],[1.2435,51.9002],[1.252,51.9021],[1.2489,51.8996],[1.2429,51.8997],[1.2447,51.8971],[1.2465,51.8992],[1.2462,51.8957],[1.2526,51.9014],[1.2574,51.9124],[1.254,51.9102],[1.2543,51.9131],[1.2539,51.9131],[1.2529,51.9112],[1.2539,51.9131],[1.2498,51.9131],[1.2553,51.9083],[1.2496,51.9121],[1.2496,51.9161],[1.2569,51.9171],[1.2563,51.919],[1.2588,51.9171],[1.2567,51.9192],[1.2615,51.9208],[1.263,51.9201],[1.2599,51.9199],[1.2602,51.9174],[1.2601,51.9175],[1.2596,51.9174],[1.2595,51.9174],[1.2594,51.9174],[1.2588,51.917],[1.258,51.9169],[1.2587,51.9165],[1.2607,51.9169],[1.2813,51.9348],[1.2907,51.9372],[1.2918,51.9493],[1.2839,51.9483],[1.2848,51.945],[1.2772,51.9446],[1.2807,51.9401],[1.2771,51.9391],[1.2607,51.9478],[1.2465,51.9484],[1.2276,51.9395],[1.207,51.9427],[1.1805,51.9418],[1.1659,51.9474],[1.1701,51.948],[1.1503,51.9459],[1.1368,51.9405],[1.1194,51.94],[1.09,51.9455],[1.0618,51.9459],[1.0532,51.9524],[1.0603,51.9523],[1.0591,51.9559],[1.0658,51.949],[1.0683,51.9538],[1.0729,51.9541],[1.071,51.9555],[1.0861,51.9588],[1.1,51.9542],[1.1185,51.9562],[1.1306,51.9535],[1.1323,51.9576],[1.1556,51.9641],[1.1532,51.9649],[1.1637,51.9706],[1.1631,51.9673],[1.1775,51.9649],[1.1877,51.9555],[1.2123,51.9559],[1.2197,51.9529],[1.2458,51.9609],[1.2692,51.9544],[1.2759,51.9566],[1.279,51.9605],[1.2682,51.976],[1.2712,51.9792],[1.2674,51.9878],[1.2279,51.9967],[1.2119,51.9964],[1.2034,52.0047],[1.1848,52.0075],[1.168,52.0174],[1.1616,52.0256],[1.1646,52.0296],[1.1697,52.0303],[1.1877,52.0152],[1.2004,52.015],[1.2154,52.0065],[1.2306,52.0063],[1.257,51.9965],[1.2585,52.003],[1.2579,51.9999],[1.264,51.996],[1.2682,51.9951],[1.2682,51.9969],[1.2824,51.9909],[1.2811,51.9816],[1.2832,51.9852],[1.2873,51.9812],[1.2809,51.981],[1.2827,51.9661],[1.3159,51.9512],[1.3124,51.9506],[1.3193,51.9432],[1.3191,51.9323],[1.3445,51.9569],[1.3697,51.9643],[1.3882,51.9788],[1.3915,51.9894],[1.3837,51.9895],[1.3829,51.9938],[1.3879,51.9897],[1.3829,51.9966],[1.3796,51.9965],[1.3826,51.9937],[1.3781,51.9962],[1.3817,51.9976],[1.3607,52.0063],[1.3587,52.0126],[1.3581,52.0116],[1.358,52.0117],[1.3577,52.0121],[1.3581,52.0123],[1.356,52.0123],[1.3543,52.0136],[1.3563,52.0162],[1.3589,52.0159],[1.3559,52.0125],[1.3593,52.0147],[1.3593,52.0181],[1.3563,52.0222],[1.3453,52.0262],[1.3373,52.0244],[1.3386,52.0272],[1.3431,52.0272],[1.3377,52.0337],[1.3428,52.0369],[1.3405,52.0381],[1.3386,52.0365],[1.3395,52.0385],[1.3382,52.0364],[1.3376,52.0347],[1.3374,52.0332],[1.3379,52.0316],[1.3341,52.0345],[1.3381,52.0377],[1.335,52.0389],[1.3388,52.0411],[1.3378,52.046],[1.3394,52.0455],[1.34,52.0451],[1.3414,52.0426],[1.3418,52.0418],[1.3416,52.0406],[1.3411,52.0382],[1.3445,52.0381],[1.3441,52.0389],[1.3414,52.0447],[1.3363,52.0479],[1.3337,52.0484],[1.334,52.0581],[1.3268,52.061],[1.3242,52.0667],[1.3242,52.0656],[1.3245,52.0645],[1.326,52.0622],[1.3186,52.0654],[1.3244,52.0676],[1.3177,52.076],[1.2946,52.0757],[1.2953,52.078],[1.3136,52.0778],[1.3173,52.0891],[1.3247,52.0899],[1.3211,52.0906],[1.3251,52.0904],[1.3252,52.0906],[1.3249,52.0914],[1.3228,52.0922],[1.331,52.101],[1.3373,52.1038],[1.347,52.1028],[1.3522,52.1125],[1.3545,52.112],[1.3539,52.1115],[1.3523,52.1113],[1.3532,52.1107],[1.3532,52.1092],[1.3489,52.1027],[1.3331,52.1006],[1.3433,52.1019],[1.3356,52.1007],[1.3381,52.0999],[1.3318,52.0981],[1.3264,52.0895],[1.3196,52.0874],[1.319,52.0805],[1.3289,52.0729],[1.3293,52.0688],[1.3438,52.0643],[1.341,52.053],[1.3519,52.0455],[1.3528,52.0391],[1.3447,52.0313],[1.3579,52.027],[1.3663,52.0203],[1.3659,52.0083],[1.3953,51.9994],[1.3957,51.9986],[1.3955,51.999],[1.3954,51.9987],[1.3946,51.9987],[1.3939,51.9988],[1.3902,51.9998],[1.3888,51.9995],[1.3921,51.9966],[1.3957,51.9985],[1.3933,51.9859],[1.4158,51.9956],[1.4345,52.0085],[1.4457,52.0274],[1.4582,52.0338],[1.4557,52.0355],[1.4632,52.0483],[1.4591,52.0433],[1.4511,52.0431],[1.4506,52.0437],[1.4511,52.0442],[1.4577,52.0433],[1.4578,52.0448],[1.4617,52.0481],[1.4817,52.0594],[1.4793,52.0598],[1.4953,52.0643],[1.4982,52.0705],[1.5007,52.0719],[1.5044,52.0711],[1.504,52.0712],[1.5046,52.0715],[1.5017,52.0725],[1.5025,52.0723],[1.5045,52.0716],[1.5046,52.0715],[1.5041,52.0712],[1.5104,52.0695],[1.5234,52.0811],[1.5377,52.081],[1.5373,52.0899],[1.5529,52.0922],[1.566,52.1003],[1.5666,52.1037],[1.5708,52.1036],[1.5687,52.098],[1.5566,52.0906],[1.5406,52.0894],[1.5416,52.0792],[1.5621,52.0862],[1.5646,52.09],[1.5677,52.0914],[1.5783,52.0934],[1.5753,52.092],[1.5746,52.092],[1.5731,52.0916],[1.5723,52.0916],[1.5792,52.092],[1.5792,52.0919],[1.5796,52.0917],[1.5797,52.0916],[1.5784,52.0912],[1.5804,52.0914],[1.5815,52.0902],[1.5801,52.0885],[1.574,52.0886],[1.5804,52.0913],[1.5752,52.0905],[1.5674,52.0911],[1.565,52.0899],[1.5645,52.0874],[1.5622,52.0858],[1.5451,52.0796],[1.5453,52.0793],[1.545,52.0792],[1.5454,52.0785],[1.5474,52.0785],[1.5479,52.0779],[1.5473,52.0784],[1.5459,52.0783],[1.5454,52.0785],[1.545,52.0791],[1.5452,52.0795],[1.5437,52.0791],[1.5172,52.0668],[1.4895,52.0599],[1.4685,52.0489],[1.4621,52.0406],[1.4849,52.0556],[1.5788,52.0864],[1.5825,52.091],[1.5863,52.0994],[1.6069,52.1621],[1.6225,52.187],[1.6348,52.2803],[1.6484,52.2992],[1.6725,52.3141],[1.6679,52.3159],[1.6697,52.3161],[1.6752,52.3135],[1.6776,52.3161],[1.6914,52.35],[1.7282,52.4004],[1.7332,52.429],[1.7306,52.4357],[1.736,52.4508],[1.7497,52.4702],[1.7562,52.4715],[1.7448,52.4726],[1.7391,52.4709],[1.7232,52.4769],[1.7193,52.4754],[1.7168,52.4729],[1.7113,52.4746],[1.7222,52.4777],[1.7543,52.4728],[1.7581,52.475],[1.7577,52.4769],[1.7606,52.4759],[1.7565,52.472],[1.7598,52.4739],[1.7632,52.4811],[1.7338,52.5516],[1.7334,52.57],[1.7444,52.5749],[1.7381,52.5752],[1.7389,52.58],[1.7448,52.5799],[1.7377,52.5826],[1.737,52.5872],[1.7455,52.6263],[1.6976,52.7234],[1.678,52.7405],[1.5864,52.8017],[1.5409,52.8207],[1.4095,52.8926],[1.3631,52.9091],[1.3431,52.92],[1.301,52.9328],[1.2198,52.9452],[1.1242,52.9513],[0.9876,52.9789],[0.978,52.98],[0.9665,52.9779],[0.9579,52.9693],[0.9724,52.9784],[0.9752,52.9782],[0.969,52.9724],[0.9728,52.9756],[0.9711,52.974],[0.9803,52.9718],[0.9775,52.974],[0.9872,52.9768],[0.9816,52.9709],[0.9898,52.976],[0.9962,52.9765],[1.0116,52.9734],[1.0108,52.9714],[1.0148,52.9725],[1.0127,52.9709],[1.0388,52.9668],[1.0393,52.9667],[1.046,52.9656],[1.0462,52.9621],[1.0434,52.962],[1.0462,52.9605],[1.0471,52.959],[1.0453,52.9606],[1.046,52.9595],[1.0422,52.953],[1.0398,52.9531],[1.0411,52.9533],[1.0425,52.955],[1.0433,52.9554],[1.0432,52.9559],[1.0437,52.9575],[1.0448,52.9583],[1.0445,52.959],[1.0448,52.9592],[1.0458,52.9594],[1.0437,52.9602],[1.0432,52.9622],[1.0444,52.9631],[1.0392,52.9644],[1.0386,52.9645],[1.0315,52.9662],[1.0177,52.9634],[1.0165,52.959],[1.016,52.957],[1.0156,52.9554],[1.0116,52.9577],[1.0102,52.9586],[1.0098,52.9588],[1.007,52.9559],[0.9841,52.9593],[0.9826,52.9577],[0.9816,52.9584],[0.9815,52.9591],[0.9826,52.9613],[0.9788,52.9592],[0.9747,52.9625],[0.9728,52.96],[0.9691,52.9621],[0.9695,52.9591],[0.9645,52.9603],[0.9579,52.9572],[0.9541,52.9597],[0.9461,52.9589],[0.9449,52.9635],[0.9396,52.9627],[0.9392,52.9614],[0.9427,52.9607],[0.9426,52.9588],[0.9423,52.959],[0.9424,52.9595],[0.9418,52.9596],[0.9418,52.9602],[0.9403,52.9603],[0.9389,52.9615],[0.9391,52.9624],[0.9382,52.9627],[0.9365,52.9577],[0.9292,52.9572],[0.9281,52.9586],[0.9272,52.9597],[0.9261,52.959],[0.9236,52.9574],[0.919,52.9618],[0.9163,52.9615],[0.9189,52.9592],[0.9186,52.9588],[0.9196,52.9582],[0.9185,52.9588],[0.9188,52.9592],[0.9172,52.9598],[0.9177,52.9577],[0.915,52.9597],[0.912,52.9576],[0.9118,52.9583],[0.9147,52.9597],[0.9174,52.9602],[0.9161,52.9613],[0.9162,52.9618],[0.9186,52.9622],[0.9155,52.9626],[0.9131,52.9605],[0.9134,52.9617],[0.9152,52.9628],[0.9106,52.9633],[0.9072,52.957],[0.905,52.9585],[0.9081,52.9621],[0.9055,52.9624],[0.9027,52.9574],[0.9011,52.9582],[0.9037,52.9615],[0.8983,52.9609],[0.8972,52.9575],[0.8949,52.9609],[0.8936,52.9569],[0.8787,52.9592],[0.8761,52.9574],[0.8808,52.9573],[0.8696,52.9548],[0.8689,52.9569],[0.8512,52.9577],[0.8521,52.9731],[0.8351,52.9782],[0.8261,52.9779],[0.8108,52.9761],[0.8128,52.9741],[0.824,52.9772],[0.8125,52.9735],[0.8125,52.9703],[0.8094,52.9735],[0.7739,52.9787],[0.7569,52.9781],[0.7506,52.9764],[0.7638,52.9759],[0.76,52.9748],[0.7567,52.9756],[0.7578,52.9733],[0.7627,52.9741],[0.7593,52.9733],[0.7577,52.9733],[0.7572,52.9741],[0.7569,52.975],[0.7555,52.9747],[0.7538,52.9751],[0.7547,52.9711],[0.7597,52.9726],[0.7596,52.9717],[0.7579,52.9694],[0.7344,52.9625],[0.7325,52.9646],[0.7314,52.9608],[0.7301,52.9634],[0.7353,52.9681],[0.7318,52.9727],[0.7383,52.973],[0.7349,52.9725],[0.7377,52.9684],[0.741,52.9693],[0.7368,52.9706],[0.7409,52.9708],[0.7443,52.9692],[0.7421,52.9719],[0.7453,52.9723],[0.7459,52.9715],[0.7457,52.9711],[0.745,52.9711],[0.7457,52.9705],[0.7462,52.9709],[0.7472,52.9707],[0.7459,52.9726],[0.7504,52.9724],[0.7505,52.9723],[0.7504,52.9718],[0.7497,52.9711],[0.747,52.9714],[0.7476,52.9702],[0.7462,52.9707],[0.7462,52.9662],[0.7522,52.9728],[0.7427,52.9752],[0.7236,52.9717],[0.7109,52.9722],[0.7022,52.9734],[0.7042,52.9754],[0.7011,52.9774],[0.7025,52.9748],[0.7019,52.9747],[0.7013,52.975],[0.7,52.9749],[0.6984,52.9752],[0.6964,52.9752],[0.7004,52.9775],[0.6961,52.9782],[0.6845,52.9721],[0.6754,52.9714],[0.6807,52.9694],[0.6935,52.9738],[0.6888,52.9712],[0.7019,52.9735],[0.6846,52.9673],[0.6844,52.9698],[0.6814,52.9671],[0.6757,52.9687],[0.6596,52.9674],[0.6545,52.967],[0.6434,52.9661],[0.6356,52.9683],[0.6465,52.9693],[0.6374,52.9711],[0.658,52.9712],[0.6492,52.9737],[0.657,52.9733],[0.6683,52.97],[0.6653,52.9724],[0.6685,52.9721],[0.6699,52.9709],[0.6742,52.9758],[0.6637,52.9784],[0.622,52.9734],[0.6204,52.9704],[0.6261,52.9707],[0.6131,52.967],[0.6122,52.969],[0.6137,52.9709],[0.6129,52.9691],[0.6158,52.9711],[0.6192,52.9691],[0.6158,52.9732],[0.5895,52.9767],[0.5857,52.975],[0.5934,52.9731],[0.5905,52.972],[0.5937,52.9705],[0.5972,52.9734],[0.6018,52.9724],[0.5994,52.9722],[0.5971,52.9733],[0.5982,52.9719],[0.5977,52.9715],[0.5966,52.9717],[0.5963,52.9711],[0.5957,52.9708],[0.594,52.9702],[0.595,52.968],[0.5988,52.968],[0.5984,52.9682],[0.5983,52.9686],[0.5994,52.9696],[0.5986,52.9708],[0.5996,52.9713],[0.6001,52.9701],[0.5985,52.9682],[0.6015,52.9676],[0.6021,52.9684],[0.6044,52.9682],[0.6034,52.9677],[0.6022,52.9683],[0.6019,52.9676],[0.6014,52.9674],[0.5993,52.9679],[0.6021,52.967],[0.6009,52.967],[0.5986,52.9677],[0.5994,52.9665],[0.5944,52.9679],[0.5908,52.9653],[0.5911,52.9656],[0.5941,52.9679],[0.5942,52.9681],[0.5884,52.9708],[0.5864,52.9694],[0.5908,52.9679],[0.5868,52.9692],[0.5899,52.9658],[0.5869,52.966],[0.5866,52.9664],[0.587,52.968],[0.5863,52.9684],[0.5861,52.9696],[0.5872,52.971],[0.5838,52.9704],[0.5863,52.9731],[0.5817,52.9712],[0.585,52.9674],[0.5779,52.9706],[0.5748,52.9657],[0.5834,52.9663],[0.5772,52.9654],[0.5759,52.9658],[0.5763,52.964],[0.5712,52.9685],[0.5637,52.9695],[0.5683,52.9709],[0.5616,52.9719],[0.5628,52.9728],[0.5693,52.9711],[0.5666,52.9727],[0.5699,52.9755],[0.5324,52.9736],[0.5198,52.9686],[0.5159,52.9627],[0.4904,52.9481],[0.4792,52.9316],[0.4712,52.9078],[0.4449,52.8729],[0.4461,52.8584],[0.4438,52.8477],[0.4496,52.8424],[0.4491,52.8424],[0.4465,52.8433],[0.446,52.8437],[0.4455,52.8445],[0.4452,52.8447],[0.4445,52.8442],[0.4436,52.8478],[0.4438,52.8509],[0.4448,52.8527],[0.4445,52.8534],[0.4329,52.853],[0.4308,52.849],[0.4305,52.8492],[0.4303,52.8493],[0.43,52.8511],[0.4189,52.8463],[0.4143,52.8395],[0.405,52.8376],[0.408,52.8336],[0.4105,52.8349],[0.4119,52.8348],[0.4136,52.8341],[0.4133,52.8341],[0.413,52.8342],[0.4118,52.8348],[0.4102,52.8347],[0.4118,52.8324],[0.4081,52.8334],[0.409,52.8315],[0.408,52.8327],[0.4067,52.8349],[0.4044,52.835],[0.4026,52.8368],[0.4033,52.8339],[0.4025,52.834],[0.4007,52.8348],[0.4002,52.8352],[0.3808,52.8225],[0.3584,52.8131],[0.3581,52.8101],[0.3733,52.8138],[0.3812,52.8133],[0.3765,52.8108],[0.3731,52.8125],[0.3702,52.8112],[0.3668,52.8107],[0.3742,52.8095],[0.3591,52.81],[0.3633,52.8068],[0.3645,52.8067],[0.367,52.8066],[0.3677,52.8065],[0.367,52.8066],[0.3645,52.8066],[0.3634,52.8067],[0.3618,52.8073],[0.3596,52.809],[0.3584,52.808],[0.3609,52.8038],[0.3621,52.8041],[0.3644,52.8042],[0.3648,52.8045],[0.3665,52.8048],[0.3662,52.8047],[0.3649,52.8044],[0.3645,52.8041],[0.3627,52.8038],[0.3621,52.804],[0.3612,52.8037],[0.3624,52.802],[0.3681,52.8024],[0.3628,52.8017],[0.3653,52.798],[0.3657,52.7984],[0.3667,52.7982],[0.3671,52.7987],[0.3686,52.7986],[0.3697,52.7999],[0.3697,52.7995],[0.3695,52.7992],[0.3686,52.7986],[0.3679,52.7984],[0.3671,52.7986],[0.3667,52.7981],[0.3656,52.7982],[0.3719,52.7907],[0.3681,52.7892],[0.3558,52.8042],[0.3524,52.8025],[0.3538,52.8062],[0.3452,52.8033],[0.3462,52.8041],[0.3535,52.8064],[0.352,52.8094],[0.3485,52.8112],[0.3496,52.8087],[0.3422,52.8057],[0.346,52.8077],[0.3495,52.8087],[0.3443,52.8085],[0.3484,52.8106],[0.3396,52.8079],[0.3423,52.8098],[0.348,52.8106],[0.348,52.8114],[0.3395,52.8103],[0.3398,52.8105],[0.3405,52.8108],[0.3421,52.8112],[0.3472,52.8121],[0.3457,52.8135],[0.3429,52.813],[0.3402,52.8118],[0.3349,52.8104],[0.3354,52.8106],[0.3362,52.8109],[0.3401,52.8118],[0.3427,52.813],[0.3446,52.8134],[0.3447,52.8141],[0.3317,52.818],[0.3144,52.8187],[0.3176,52.8153],[0.3143,52.8161],[0.314,52.8186],[0.3053,52.8185],[0.3059,52.8175],[0.3059,52.8164],[0.3069,52.8153],[0.3061,52.8159],[0.3058,52.8164],[0.3058,52.8176],[0.3047,52.8183],[0.2994,52.8183],[0.2991,52.8158],[0.2988,52.8172],[0.2989,52.8182],[0.2935,52.8183],[0.2906,52.8132],[0.2912,52.8154],[0.2914,52.8157],[0.292,52.816],[0.2919,52.8164],[0.2925,52.8168],[0.2922,52.8174],[0.2922,52.8182],[0.2872,52.8192],[0.2785,52.8162],[0.2833,52.8129],[0.2829,52.8129],[0.2815,52.8134],[0.2807,52.8138],[0.2769,52.8167],[0.2814,52.8115],[0.2806,52.8118],[0.2789,52.8133],[0.2773,52.8138],[0.2767,52.8141],[0.2752,52.8168],[0.2706,52.8162],[0.2728,52.8135],[0.2712,52.8143],[0.2698,52.8159],[0.2731,52.8112],[0.2749,52.8107],[0.2731,52.8111],[0.2721,52.8124],[0.2667,52.8134],[0.2659,52.8144],[0.2651,52.8138],[0.2641,52.8159],[0.26,52.8149],[0.263,52.8109],[0.2703,52.8108],[0.2692,52.8106],[0.2677,52.8105],[0.2672,52.8105],[0.2641,52.81],[0.2627,52.8111],[0.2598,52.8144],[0.2607,52.8099],[0.2603,52.81],[0.2597,52.8114],[0.2598,52.812],[0.259,52.8128],[0.2587,52.8133],[0.2594,52.816],[0.2576,52.8169],[0.2552,52.8106],[0.2572,52.8166],[0.2542,52.818],[0.2532,52.8166],[0.2545,52.8142],[0.2545,52.8133],[0.2545,52.8142],[0.2537,52.8151],[0.2531,52.8166],[0.2539,52.8179],[0.2519,52.8163],[0.2511,52.814],[0.2507,52.8135],[0.2505,52.8125],[0.2506,52.8135],[0.2511,52.814],[0.2512,52.815],[0.2518,52.8163],[0.2539,52.818],[0.2525,52.8194],[0.2452,52.8219],[0.2429,52.8179],[0.2452,52.8221],[0.2388,52.82],[0.2389,52.8208],[0.2393,52.8213],[0.2402,52.822],[0.2346,52.8233],[0.2225,52.8229],[0.2283,52.8167],[0.227,52.8167],[0.2268,52.8167],[0.2266,52.8168],[0.2256,52.8189],[0.2256,52.8188],[0.2258,52.8184],[0.2258,52.818],[0.2253,52.8169],[0.223,52.817],[0.2258,52.8183],[0.2224,52.8212],[0.2206,52.8187],[0.2221,52.8221],[0.2096,52.8201],[0.2094,52.8203],[0.212,52.8219],[0.2125,52.8221],[0.2142,52.8222],[0.2154,52.826],[0.2076,52.8222],[0.2141,52.8259],[0.2054,52.8247],[0.2037,52.8263],[0.2054,52.8247],[0.2113,52.8284],[0.2018,52.8295],[0.213,52.8293],[0.205,52.8314],[0.2052,52.8316],[0.2062,52.832],[0.2085,52.8323],[0.208,52.8331],[0.2029,52.8318],[0.2076,52.8336],[0.2016,52.8326],[0.1997,52.8329],[0.2016,52.8327],[0.2034,52.8338],[0.2061,52.8337],[0.2037,52.8367],[0.1958,52.835],[0.2022,52.8382],[0.1934,52.8371],[0.1936,52.8386],[0.2015,52.8386],[0.195,52.8412],[0.1954,52.8412],[0.1964,52.8409],[0.1988,52.8413],[0.2005,52.8411],[0.197,52.8464],[0.1915,52.8458],[0.1924,52.842],[0.1846,52.8445],[0.1899,52.8443],[0.1908,52.8461],[0.1962,52.8467],[0.1906,52.8474],[0.1913,52.8485],[0.1924,52.8486],[0.1952,52.8484],[0.1957,52.8486],[0.1927,52.8524],[0.1895,52.8537],[0.1876,52.8501],[0.1823,52.8501],[0.1835,52.8481],[0.1798,52.85],[0.1813,52.85],[0.1819,52.8498],[0.1824,52.8502],[0.1859,52.8514],[0.1874,52.8515],[0.1869,52.8547],[0.1823,52.8519],[0.1778,52.8546],[0.1769,52.8519],[0.1749,52.8509],[0.1768,52.8522],[0.1724,52.8524],[0.1729,52.8527],[0.1733,52.8527],[0.1766,52.8523],[0.1769,52.854],[0.1777,52.8547],[0.1774,52.8551],[0.1719,52.854],[0.1637,52.8623],[0.1642,52.8623],[0.1663,52.8608],[0.1714,52.8565],[0.1728,52.8563],[0.1742,52.8555],[0.1772,52.8555],[0.1823,52.8536],[0.1862,52.8551],[0.1821,52.8558],[0.1834,52.8588],[0.1814,52.8569],[0.1732,52.8571],[0.1802,52.8582],[0.1748,52.8582],[0.1737,52.8596],[0.175,52.8593],[0.1755,52.859],[0.1758,52.8586],[0.1765,52.8587],[0.1802,52.8583],[0.1814,52.8579],[0.1828,52.8588],[0.1811,52.8586],[0.1742,52.8605],[0.1755,52.8604],[0.1767,52.8603],[0.1783,52.8597],[0.1804,52.8596],[0.1824,52.8589],[0.1833,52.8591],[0.1807,52.8642],[0.1779,52.862],[0.1712,52.8633],[0.1742,52.8636],[0.1776,52.8633],[0.1801,52.8641],[0.1769,52.864],[0.1803,52.866],[0.1728,52.8661],[0.1772,52.8666],[0.1796,52.8661],[0.1764,52.874],[0.1732,52.8717],[0.1735,52.8723],[0.1753,52.8742],[0.1727,52.8754],[0.1716,52.8732],[0.1703,52.8772],[0.1706,52.8753],[0.1682,52.8744],[0.1697,52.8735],[0.1686,52.8739],[0.1682,52.8742],[0.1682,52.8745],[0.1704,52.8754],[0.1693,52.8762],[0.1694,52.8771],[0.1685,52.8773],[0.1626,52.8744],[0.1638,52.8758],[0.1651,52.8765],[0.1621,52.8768],[0.1681,52.8776],[0.1517,52.8815],[0.1537,52.8774],[0.1514,52.8773],[0.1501,52.8741],[0.1491,52.8747],[0.1479,52.8725],[0.1453,52.872],[0.1451,52.8722],[0.1453,52.8724],[0.1475,52.8727],[0.1462,52.8744],[0.1498,52.8764],[0.1455,52.8755],[0.1469,52.8762],[0.1502,52.8765],[0.1513,52.8776],[0.1502,52.8772],[0.1478,52.8768],[0.1442,52.8774],[0.1444,52.8775],[0.1445,52.8775],[0.147,52.8774],[0.1485,52.8779],[0.149,52.878],[0.1492,52.8778],[0.1496,52.8773],[0.1499,52.8772],[0.1511,52.8777],[0.1521,52.8779],[0.1503,52.8808],[0.1476,52.8794],[0.1501,52.8814],[0.1459,52.8787],[0.1459,52.8794],[0.146,52.8796],[0.1461,52.8798],[0.1502,52.8824],[0.1359,52.8747],[0.1338,52.8802],[0.1262,52.8844],[0.1329,52.8808],[0.1339,52.8802],[0.1369,52.8755],[0.1416,52.8797],[0.1468,52.882],[0.145,52.885],[0.1409,52.8832],[0.1404,52.8853],[0.1383,52.8818],[0.1391,52.8851],[0.1396,52.8855],[0.1404,52.886],[0.1395,52.886],[0.1352,52.8831],[0.1378,52.8868],[0.1319,52.8888],[0.1317,52.8867],[0.13,52.8894],[0.13,52.8872],[0.1296,52.8868],[0.1299,52.8872],[0.1297,52.8879],[0.1297,52.8887],[0.13,52.8895],[0.127,52.8882],[0.1277,52.8888],[0.1294,52.8898],[0.1228,52.8912],[0.1197,52.8844],[0.12,52.8859],[0.1202,52.8865],[0.1204,52.8869],[0.1202,52.8878],[0.1208,52.8884],[0.1207,52.8899],[0.121,52.8905],[0.1199,52.8915],[0.1189,52.8908],[0.12,52.8886],[0.1192,52.8841],[0.1176,52.8831],[0.1185,52.8823],[0.1179,52.8816],[0.1202,52.8809],[0.1183,52.8812],[0.1178,52.8816],[0.1185,52.8823],[0.1177,52.8828],[0.1175,52.883],[0.1175,52.8831],[0.1177,52.8834],[0.1191,52.8841],[0.1188,52.885],[0.1187,52.8879],[0.1197,52.8891],[0.1187,52.8904],[0.1163,52.8852],[0.1162,52.8854],[0.1162,52.886],[0.1165,52.887],[0.1176,52.8889],[0.1173,52.8894],[0.1187,52.8923],[0.1176,52.8927],[0.1155,52.8852],[0.1169,52.8816],[0.116,52.8819],[0.1153,52.8823],[0.1164,52.8825],[0.1163,52.8827],[0.1159,52.8833],[0.1155,52.8841],[0.1154,52.8852],[0.1156,52.8866],[0.1158,52.8893],[0.1165,52.8906],[0.1167,52.8909],[0.1165,52.8908],[0.1147,52.8888],[0.1149,52.8839],[0.115,52.8824],[0.1015,52.884],[0.1002,52.894],[0.0949,52.8867],[0.0946,52.887],[0.0945,52.8873],[0.0945,52.8886],[0.0951,52.8909],[0.0995,52.8945],[0.0932,52.8945],[0.0921,52.8913],[0.0926,52.8897],[0.092,52.8879],[0.0993,52.8844],[0.0925,52.8855],[0.0925,52.887],[0.0923,52.886],[0.0915,52.8855],[0.092,52.8852],[0.0917,52.8852],[0.0915,52.8854],[0.0915,52.8856],[0.0923,52.8863],[0.0919,52.8879],[0.0924,52.8897],[0.0912,52.8904],[0.0927,52.8943],[0.089,52.8974],[0.0858,52.8968],[0.0893,52.8918],[0.0795,52.894],[0.0873,52.8922],[0.0856,52.8967],[0.084,52.8944],[0.0838,52.8963],[0.0752,52.8955],[0.0851,52.8968],[0.0821,52.898],[0.0858,52.8997],[0.0737,52.8956],[0.0654,52.8978],[0.0825,52.8995],[0.0783,52.9003],[0.0797,52.902],[0.0751,52.9005],[0.0779,52.9023],[0.0739,52.9001],[0.0763,52.9037],[0.0714,52.9009],[0.0734,52.906],[0.0652,52.9045],[0.0649,52.8993],[0.0648,52.9045],[0.0574,52.9024],[0.0601,52.9013],[0.0607,52.9003],[0.0621,52.9002],[0.0621,52.8992],[0.0575,52.9],[0.0621,52.8993],[0.0606,52.9],[0.06,52.9012],[0.0571,52.9023],[0.0587,52.9044],[0.0499,52.8997],[0.0495,52.8998],[0.0484,52.9007],[0.0484,52.9009],[0.0489,52.9011],[0.0513,52.902],[0.0479,52.9015],[0.0472,52.9009],[0.0473,52.899],[0.0468,52.8986],[0.0472,52.899],[0.047,52.8999],[0.0472,52.9009],[0.0474,52.9012],[0.0482,52.9016],[0.0511,52.9021],[0.0481,52.9017],[0.0466,52.9015],[0.0465,52.9014],[0.046,52.9004],[0.0423,52.8984],[0.0424,52.8973],[0.0421,52.8973],[0.042,52.8974],[0.042,52.898],[0.0422,52.8984],[0.0462,52.9011],[0.0348,52.8969],[0.028,52.8979],[0.0275,52.8974],[0.0306,52.8969],[0.0222,52.894],[0.0238,52.8949],[0.0265,52.896],[0.0275,52.8963],[0.0277,52.8965],[0.0235,52.8964],[0.0295,52.8989],[-0.0379,52.8726],[0.0034,52.8901],[-0.0014,52.8902],[-0.0005,52.8916],[-0.0011,52.8904],[0.0014,52.8912],[0.0025,52.8912],[0.0038,52.8908],[0.0036,52.8916],[0.0037,52.8915],[0.0039,52.8908],[0.0036,52.8903],[0.0039,52.8903],[0.0095,52.8928],[-0.0045,52.8954],[0.0027,52.8953],[0.0016,52.8957],[0.0011,52.8969],[0.0058,52.9007],[0.0042,52.8969],[0.0018,52.8958],[0.0039,52.8956],[0.0057,52.8943],[0.0087,52.8962],[0.011,52.8934],[0.019,52.8963],[0.0138,52.8953],[0.0136,52.8958],[0.0147,52.8969],[0.0133,52.8972],[0.0144,52.8973],[0.0146,52.8971],[0.0148,52.8969],[0.0147,52.8967],[0.0137,52.8958],[0.014,52.8954],[0.0145,52.896],[0.0153,52.8968],[0.0163,52.8972],[0.0206,52.8968],[0.0185,52.898],[0.019,52.8981],[0.0194,52.898],[0.0205,52.8974],[0.021,52.897],[0.0242,52.898],[0.0171,52.8988],[0.0198,52.8992],[0.0216,52.8991],[0.023,52.8987],[0.023,52.8991],[0.0248,52.8982],[0.0296,52.9],[0.0242,52.8997],[0.0241,52.9002],[0.0247,52.901],[0.0249,52.9011],[0.0255,52.9012],[0.0249,52.9016],[0.022,52.9007],[0.016,52.9007],[0.0127,52.9021],[0.0091,52.8998],[0.0106,52.9014],[0.0117,52.9021],[0.0086,52.9029],[0.0138,52.9021],[0.0177,52.9009],[0.0254,52.9023],[0.0265,52.902],[0.0272,52.9006],[0.0286,52.9022],[0.0288,52.9021],[0.0291,52.9017],[0.0287,52.9013],[0.0301,52.9003],[0.0362,52.9031],[0.0221,52.9042],[0.0178,52.9023],[0.0111,52.9047],[0.0136,52.9071],[0.0176,52.9024],[0.0199,52.9057],[0.0281,52.9041],[0.024,52.9077],[0.022,52.9067],[0.0161,52.9082],[0.0188,52.9108],[0.0218,52.9069],[0.0223,52.9068],[0.0233,52.9077],[0.024,52.9078],[0.0354,52.9036],[0.0223,52.9096],[0.0229,52.9106],[0.0233,52.9104],[0.0246,52.9087],[0.0264,52.9082],[0.026,52.9114],[0.0298,52.9087],[0.0305,52.9067],[0.0284,52.9129],[0.0319,52.9092],[0.0309,52.9067],[0.0357,52.9049],[0.035,52.907],[0.0378,52.9094],[0.0347,52.9081],[0.0332,52.9127],[0.0364,52.9124],[0.0284,52.9154],[0.0282,52.9164],[0.0247,52.9149],[0.0209,52.9148],[0.0191,52.9118],[0.0201,52.9142],[0.0137,52.9161],[0.0202,52.9144],[0.0209,52.915],[0.0222,52.9149],[0.0219,52.9152],[0.0248,52.9151],[0.0264,52.9166],[0.029,52.917],[0.0245,52.9169],[0.0269,52.9175],[0.029,52.9172],[0.0316,52.9144],[0.0348,52.9141],[0.0369,52.9124],[0.0382,52.9093],[0.0357,52.9068],[0.0373,52.9058],[0.0421,52.9088],[0.0397,52.91],[0.0447,52.9107],[0.0393,52.9109],[0.0439,52.9148],[0.0399,52.9141],[0.0353,52.9154],[0.0376,52.9168],[0.0335,52.9184],[0.0335,52.9188],[0.0336,52.919],[0.0347,52.9194],[0.0343,52.9199],[0.0347,52.9197],[0.035,52.9192],[0.0362,52.9187],[0.0395,52.9144],[0.0466,52.9153],[0.0373,52.9205],[0.0378,52.9211],[0.039,52.9213],[0.0398,52.9208],[0.0407,52.9198],[0.0406,52.9217],[0.042,52.9191],[0.041,52.9226],[0.0292,52.9195],[0.0267,52.9237],[0.0267,52.924],[0.027,52.9241],[0.0286,52.9245],[0.029,52.9245],[0.0292,52.9243],[0.0293,52.924],[0.0289,52.9235],[0.0292,52.9232],[0.0287,52.9217],[0.029,52.9212],[0.0312,52.9223],[0.0314,52.9216],[0.0362,52.9216],[0.0381,52.9232],[0.0348,52.9217],[0.0372,52.924],[0.0325,52.9237],[0.0322,52.9245],[0.0327,52.9257],[0.033,52.9256],[0.033,52.9255],[0.0322,52.9245],[0.0328,52.9239],[0.0359,52.9251],[0.0424,52.922],[0.0397,52.9265],[0.0423,52.9256],[0.0436,52.9243],[0.0431,52.9183],[0.0493,52.9165],[0.0442,52.9189],[0.049,52.9178],[0.0453,52.9208],[0.0424,52.9279],[0.0352,52.9308],[0.0388,52.9312],[0.0417,52.9283],[0.0418,52.9307],[0.0441,52.9276],[0.0449,52.9285],[0.0483,52.9287],[0.048,52.9284],[0.0473,52.9281],[0.0472,52.9279],[0.0462,52.928],[0.0454,52.9282],[0.0444,52.9276],[0.0428,52.9275],[0.0448,52.9257],[0.0492,52.9271],[0.0452,52.9234],[0.0474,52.9211],[0.0503,52.9241],[0.05,52.92],[0.0485,52.9194],[0.0518,52.9172],[0.0548,52.9205],[0.0512,52.9232],[0.0524,52.9283],[0.0527,52.9283],[0.0529,52.9281],[0.0529,52.9278],[0.0525,52.9271],[0.0527,52.9266],[0.0519,52.9258],[0.0526,52.9248],[0.0543,52.9271],[0.0543,52.9263],[0.054,52.9255],[0.0528,52.9248],[0.0535,52.9244],[0.0525,52.9228],[0.055,52.9208],[0.0546,52.9197],[0.056,52.9194],[0.0552,52.9216],[0.0585,52.9206],[0.0552,52.9224],[0.0612,52.9219],[0.0567,52.9233],[0.0628,52.923],[0.0557,52.9243],[0.067,52.9256],[0.0647,52.9271],[0.0634,52.9263],[0.0579,52.9252],[0.0616,52.9263],[0.0579,52.9257],[0.0552,52.9265],[0.0561,52.9268],[0.0579,52.9258],[0.0611,52.9266],[0.0633,52.9264],[0.0648,52.9276],[0.0569,52.9268],[0.064,52.9286],[0.0679,52.9262],[0.0687,52.9277],[0.0651,52.9287],[0.0697,52.9279],[0.0658,52.9288],[0.078,52.9318],[0.0573,52.93],[0.0351,52.935],[0.0299,52.9337],[0.0346,52.9351],[0.0221,52.9386],[-0.0104,52.9676],[0.0254,52.9395],[0.0527,52.9313],[0.0772,52.9332],[0.0782,52.9348],[0.0757,52.9342],[0.074,52.9345],[0.0731,52.9358],[0.0735,52.936],[0.0739,52.9359],[0.0752,52.9349],[0.0752,52.9344],[0.0757,52.9343],[0.0774,52.9362],[0.0759,52.9358],[0.0728,52.9365],[0.0729,52.9366],[0.073,52.9366],[0.075,52.9363],[0.0759,52.9358],[0.0761,52.9363],[0.0771,52.9362],[0.0774,52.9368],[0.0724,52.9387],[0.0726,52.9388],[0.0733,52.939],[0.0751,52.9389],[0.0774,52.938],[0.0754,52.9388],[0.075,52.9396],[0.0752,52.9395],[0.0754,52.9394],[0.0755,52.9388],[0.0764,52.9388],[0.0778,52.9382],[0.0744,52.9404],[0.0763,52.9413],[0.0778,52.9408],[0.0782,52.9402],[0.0785,52.9403],[0.081,52.9479],[0.0845,52.9473],[0.0839,52.9539],[0.0865,52.9517],[0.0863,52.9541],[0.0882,52.9525],[0.0925,52.9561],[0.0916,52.9558],[0.0907,52.9558],[0.0897,52.9568],[0.0854,52.9557],[0.0858,52.9564],[0.0899,52.9569],[0.0904,52.9567],[0.0915,52.9559],[0.0932,52.9565],[0.0863,52.9576],[0.0865,52.958],[0.0869,52.9581],[0.0877,52.9576],[0.091,52.9582],[0.0925,52.9571],[0.0958,52.9599],[0.0931,52.9608],[0.0903,52.9593],[0.0874,52.9589],[0.0911,52.9598],[0.0868,52.9609],[0.092,52.9603],[0.0865,52.9617],[0.094,52.9616],[0.0926,52.9641],[0.0962,52.964],[0.092,52.9643],[0.096,52.9642],[0.094,52.9668],[0.0978,52.9653],[0.0978,52.9701],[0.0995,52.9697],[0.1028,52.965],[0.1008,52.9693],[0.1018,52.9708],[0.101,52.9692],[0.1022,52.9689],[0.1029,52.9683],[0.1036,52.9655],[0.1074,52.967],[0.1054,52.969],[0.1091,52.97],[0.106,52.9705],[0.1054,52.9725],[0.1035,52.9723],[0.1055,52.9729],[0.1077,52.9705],[0.1115,52.9713],[0.1081,52.9726],[0.1127,52.973],[0.1077,52.9734],[0.1067,52.9749],[0.1079,52.9734],[0.1107,52.9745],[0.1124,52.9737],[0.1093,52.9762],[0.1119,52.979],[0.113,52.9733],[0.116,52.9779],[0.1126,52.9793],[0.1179,52.9784],[0.1182,52.9826],[0.121,52.9848],[0.12,52.9802],[0.1241,52.9843],[0.122,52.9864],[0.1243,52.9843],[0.127,52.9864],[0.1237,52.99],[0.1269,52.9878],[0.127,52.9867],[0.1277,52.991],[0.1287,52.9903],[0.1289,52.9893],[0.1331,52.9909],[0.1319,52.9937],[0.1334,52.9913],[0.1356,52.9931],[0.1343,52.9935],[0.1341,52.994],[0.1318,52.9947],[0.1341,52.994],[0.1345,52.9934],[0.136,52.9933],[0.1391,52.9961],[0.1356,52.9976],[0.1353,52.9968],[0.1354,52.9972],[0.1355,52.9976],[0.1366,52.9975],[0.1358,52.9981],[0.1365,52.9988],[0.136,52.9981],[0.1392,52.9965],[0.1392,52.9961],[0.1433,52.9998],[0.137,53.0037],[0.142,53.0016],[0.1435,52.9999],[0.1433,53.0031],[0.1471,53.0025],[0.1442,53.005],[0.1459,53.0052],[0.1464,53.0047],[0.1464,53.0036],[0.1473,53.0028],[0.1466,53.0066],[0.1476,53.0074],[0.1508,53.0065],[0.147,53.0095],[0.1484,53.009],[0.1502,53.0071],[0.1508,53.007],[0.1558,53.0093],[0.1512,53.0115],[0.1586,53.0103],[0.1572,53.0117],[0.1566,53.0142],[0.1571,53.0141],[0.1573,53.0139],[0.1576,53.0133],[0.1574,53.012],[0.1578,53.0116],[0.1578,53.0112],[0.1584,53.0106],[0.159,53.0138],[0.1591,53.0135],[0.1593,53.0127],[0.1589,53.0119],[0.1593,53.0116],[0.1624,53.0125],[0.1583,53.0157],[0.1591,53.0156],[0.1596,53.0153],[0.1599,53.0149],[0.1606,53.0149],[0.1615,53.0148],[0.1622,53.0145],[0.1627,53.0125],[0.1647,53.0138],[0.1643,53.0139],[0.1629,53.0158],[0.161,53.0165],[0.1626,53.016],[0.163,53.0158],[0.1639,53.0149],[0.1645,53.0139],[0.168,53.0157],[0.1646,53.0167],[0.1709,53.0172],[0.1684,53.0193],[0.1715,53.0174],[0.1701,53.0197],[0.1731,53.0196],[0.1684,53.0208],[0.1713,53.0214],[0.177,53.0201],[0.1746,53.0226],[0.1785,53.0207],[0.1735,53.0249],[0.1755,53.0266],[0.1753,53.0263],[0.1748,53.0257],[0.1736,53.0249],[0.1784,53.0243],[0.1796,53.0218],[0.1784,53.0265],[0.1793,53.0263],[0.1804,53.0224],[0.1805,53.0253],[0.1814,53.0223],[0.1855,53.03],[0.1857,53.0297],[0.1862,53.0279],[0.1871,53.0273],[0.1923,53.0277],[0.1889,53.03],[0.1948,53.0287],[0.1902,53.0311],[0.1944,53.03],[0.1947,53.0323],[0.1893,53.0349],[0.1915,53.0343],[0.1948,53.0324],[0.1955,53.0316],[0.1954,53.0304],[0.1969,53.0305],[0.1972,53.0307],[0.1965,53.0306],[0.1963,53.0312],[0.1968,53.0329],[0.1968,53.0324],[0.1967,53.0317],[0.1963,53.0312],[0.1967,53.0306],[0.2129,53.0362],[0.2114,53.038],[0.2135,53.036],[0.2209,53.0385],[0.2193,53.0394],[0.2186,53.0412],[0.2187,53.0411],[0.2192,53.0403],[0.2193,53.0399],[0.2193,53.0395],[0.2197,53.0393],[0.2209,53.0409],[0.2214,53.0387],[0.2251,53.0407],[0.2227,53.0445],[0.223,53.0445],[0.2235,53.0444],[0.2241,53.044],[0.2245,53.0436],[0.2251,53.0409],[0.2279,53.0421],[0.2246,53.0453],[0.2268,53.0467],[0.2271,53.0465],[0.2271,53.0463],[0.2262,53.0455],[0.2276,53.0444],[0.2282,53.043],[0.2317,53.0432],[0.2304,53.0462],[0.2319,53.0434],[0.2409,53.0467],[0.2481,53.051],[0.2395,53.0503],[0.2407,53.0527],[0.236,53.053],[0.2373,53.0541],[0.2376,53.0543],[0.2378,53.0543],[0.2473,53.0512],[0.2434,53.0569],[0.2473,53.0542],[0.2494,53.0556],[0.2488,53.0522],[0.2583,53.0565],[0.2689,53.0631],[0.2596,53.0625],[0.2587,53.0642],[0.2672,53.0643],[0.2635,53.0667],[0.2708,53.0651],[0.2718,53.0668],[0.2689,53.0665],[0.2663,53.0674],[0.2671,53.0693],[0.2675,53.0694],[0.2687,53.0695],[0.269,53.0693],[0.2689,53.0688],[0.268,53.0671],[0.2717,53.067],[0.2707,53.07],[0.2721,53.0691],[0.2723,53.0674],[0.275,53.0712],[0.2758,53.0697],[0.2757,53.0695],[0.2753,53.0692],[0.2757,53.0689],[0.2853,53.0738],[0.2815,53.0761],[0.282,53.0762],[0.2823,53.0762],[0.2867,53.0749],[0.2824,53.0767],[0.2821,53.0773],[0.2826,53.0766],[0.285,53.076],[0.2873,53.0749],[0.2838,53.0769],[0.2869,53.0762],[0.2855,53.0801],[0.2818,53.0801],[0.2825,53.0802],[0.2826,53.0803],[0.2827,53.0803],[0.2852,53.0802],[0.2855,53.0801],[0.2884,53.0758],[0.2952,53.0796],[0.2929,53.0803],[0.2916,53.0828],[0.2919,53.0827],[0.2926,53.0815],[0.2931,53.0813],[0.2933,53.0806],[0.2943,53.0805],[0.2959,53.0799],[0.3045,53.084],[0.3038,53.0867],[0.3077,53.0856],[0.3141,53.0883],[0.3108,53.0895],[0.317,53.0903],[0.3012,53.0914],[0.2943,53.0882],[0.2946,53.0884],[0.3005,53.0913],[0.3011,53.0915],[0.3017,53.0915],[0.3046,53.0912],[0.3066,53.0915],[0.3096,53.0918],[0.3088,53.0931],[0.3138,53.0918],[0.3118,53.0949],[0.319,53.0911],[0.3161,53.094],[0.3203,53.0957],[0.3191,53.1012],[0.3146,53.1015],[0.309,53.1051],[0.3085,53.1056],[0.3082,53.1066],[0.3084,53.1079],[0.3072,53.1099],[0.3037,53.1115],[0.3053,53.1109],[0.3073,53.1098],[0.3085,53.1078],[0.3087,53.1055],[0.3137,53.1033],[0.3144,53.1017],[0.3166,53.1022],[0.3184,53.1019],[0.3191,53.1014],[0.3199,53.0992],[0.3205,53.0956],[0.3177,53.0928],[0.3201,53.0934],[0.3208,53.0932],[0.321,53.0925],[0.3232,53.0967],[0.3221,53.0937],[0.3211,53.0925],[0.3208,53.0924],[0.3205,53.0925],[0.3206,53.0931],[0.3197,53.0932],[0.3193,53.0917],[0.3266,53.0928],[0.3262,53.0904],[0.3342,53.0937],[0.3339,53.0932],[0.3314,53.092],[0.3283,53.091],[0.334,53.0866],[0.337,53.1012],[0.3431,53.1115],[0.3402,53.1126],[0.343,53.1124],[0.3425,53.1192],[0.3434,53.1116],[0.3404,53.1042],[0.345,53.1074],[0.3433,53.1055],[0.3376,53.1015],[0.3449,53.1053],[0.3491,53.1123],[0.3467,53.1267],[0.3555,53.1921],[0.3402,53.221],[0.3366,53.2414],[0.3194,53.2717],[0.2891,53.3055],[0.2355,53.3913],[0.228,53.3957],[0.2283,53.3989],[0.234,53.3972],[0.2316,53.4021],[0.23,53.4006],[0.2271,53.4026],[0.2238,53.4066],[0.2287,53.4061],[0.2208,53.4106],[0.2224,53.4078],[0.2142,53.4111],[0.2141,53.416],[0.2108,53.4143],[0.2144,53.4086],[0.2119,53.411],[0.2096,53.4089],[0.2098,53.4106],[0.2101,53.4111],[0.2105,53.4112],[0.2112,53.4109],[0.2117,53.4111],[0.2103,53.4143],[0.2121,53.4161],[0.2086,53.4153],[0.2064,53.4102],[0.2084,53.4155],[0.2038,53.4153],[0.2077,53.4161],[0.2096,53.4157],[0.2106,53.4167],[0.2131,53.4166],[0.2074,53.4169],[0.2012,53.4156],[0.2005,53.4159],[0.2084,53.4171],[0.1895,53.4173],[0.1896,53.4181],[0.1921,53.4183],[0.2111,53.4174],[0.2055,53.4192],[0.1997,53.4292],[0.1966,53.4294],[0.1983,53.4259],[0.1969,53.4286],[0.1967,53.4275],[0.1938,53.4271],[0.194,53.4272],[0.1946,53.4274],[0.195,53.4274],[0.1954,53.4274],[0.1965,53.428],[0.1964,53.4296],[0.1974,53.4305],[0.1938,53.4293],[0.1946,53.4325],[0.1884,53.4327],[0.1887,53.4329],[0.189,53.433],[0.191,53.4334],[0.1942,53.4326],[0.19,53.4341],[0.1929,53.436],[0.1877,53.4345],[0.1879,53.4347],[0.1881,53.4348],[0.191,53.4358],[0.1879,53.4358],[0.189,53.436],[0.1905,53.4358],[0.191,53.4363],[0.1925,53.4362],[0.1912,53.4374],[0.1846,53.4356],[0.1869,53.4379],[0.1817,53.4347],[0.1805,53.4341],[0.1794,53.4339],[0.1754,53.437],[0.1804,53.4341],[0.1869,53.438],[0.189,53.4378],[0.1854,53.4385],[0.1903,53.4391],[0.1794,53.4434],[0.1794,53.4513],[0.1653,53.4738],[0.1736,53.471],[0.1475,53.4924],[0.1387,53.4949],[0.1432,53.4854],[0.1346,53.4849],[0.124,53.4954],[0.1295,53.4967],[0.1292,53.4993],[0.1158,53.5032],[0.1141,53.5013],[0.1062,53.505],[0.1129,53.4946],[0.1041,53.4953],[0.1077,53.4914],[0.1027,53.4943],[0.105,53.4921],[0.1098,53.4904],[0.1069,53.491],[0.1031,53.493],[0.104,53.4921],[0.1166,53.4869],[0.1213,53.4837],[0.1039,53.4919],[0.1151,53.4843],[0.1149,53.4842],[0.1139,53.4841],[0.1126,53.4846],[0.1094,53.4864],[0.1084,53.4877],[0.1079,53.4862],[0.1055,53.4888],[0.1069,53.4866],[0.105,53.4865],[0.1052,53.4875],[0.1057,53.4879],[0.1053,53.4888],[0.1053,53.4878],[0.1019,53.4849],[0.1055,53.4827],[0.1019,53.4846],[0.1019,53.4851],[0.1032,53.4862],[0.1007,53.4846],[0.1051,53.4879],[0.1029,53.4922],[0.1039,53.4885],[0.1018,53.4925],[0.0945,53.4889],[0.1013,53.4945],[0.0907,53.4919],[0.0904,53.4924],[0.0905,53.4926],[0.0942,53.4947],[0.0845,53.4994],[0.0869,53.5009],[0.0817,53.5103],[0.086,53.513],[0.0905,53.5105],[0.0883,53.5149],[0.0779,53.5178],[0.081,53.5154],[0.0766,53.5131],[0.0707,53.5152],[0.0725,53.5179],[0.0539,53.5197],[0.0268,53.5297],[0.0398,53.5213],[0.0385,53.5193],[0.0417,53.5188],[0.0427,53.5188],[0.0418,53.5187],[0.0388,53.5191],[0.0406,53.5165],[0.0601,53.5127],[0.0396,53.5131],[0.0411,53.5105],[0.0406,53.508],[0.0406,53.5105],[0.0388,53.5131],[0.0441,53.514],[0.0371,53.5172],[0.0361,53.5216],[0.0357,53.5189],[0.0364,53.5176],[0.038,53.5164],[0.042,53.5144],[0.0375,53.5146],[0.0398,53.5104],[0.0369,53.5105],[0.0385,53.5108],[0.0374,53.5146],[0.0378,53.515],[0.0392,53.5156],[0.0348,53.5147],[0.0345,53.5151],[0.0349,53.5157],[0.0369,53.5168],[0.0356,53.5181],[0.0349,53.5177],[0.0348,53.5161],[0.0338,53.5146],[0.0339,53.5149],[0.0341,53.5152],[0.0342,53.5158],[0.0347,53.5161],[0.0344,53.5168],[0.0347,53.5177],[0.0355,53.5182],[0.0353,53.5192],[0.0298,53.5152],[0.0258,53.5163],[0.0324,53.5177],[0.0206,53.5184],[0.0241,53.5191],[0.0263,53.5188],[0.0289,53.518],[0.0308,53.5181],[0.0335,53.5221],[0.0296,53.5197],[0.0322,53.5223],[0.0284,53.5232],[0.0275,53.5205],[0.0229,53.5204],[0.0282,53.5227],[0.0191,53.5234],[-0.0323,53.5662],[-0.064,53.5837],[-0.0721,53.5838],[-0.0792,53.5769],[-0.0834,53.5803],[-0.0939,53.5811],[-0.1528,53.6154],[-0.2019,53.6371],[-0.203,53.6418],[-0.2111,53.6433],[-0.2324,53.6632],[-0.2378,53.6637],[-0.2348,53.6647],[-0.2444,53.6701],[-0.2632,53.6905],[-0.2682,53.69],[-0.2641,53.6919],[-0.2664,53.6954],[-0.2794,53.7083],[-0.2893,53.7132],[-0.2998,53.7144],[-0.3354,53.7109],[-0.3618,53.7057],[-0.3616,53.7039],[-0.3625,53.7055],[-0.3876,53.7022],[-0.3933,53.7003],[-0.3935,53.6969],[-0.3952,53.7],[-0.439,53.6974],[-0.4419,53.7149],[-0.434,53.7163],[-0.4341,53.719],[-0.432,53.7168],[-0.3858,53.7241],[-0.3187,53.7412],[-0.2995,53.741],[-0.2972,53.7428],[-0.2732,53.7409],[-0.2515,53.7327],[-0.243,53.7386],[-0.2469,53.7402],[-0.2472,53.7411],[-0.2466,53.7402],[-0.2439,53.7397],[-0.2428,53.7388],[-0.2432,53.7294],[-0.2344,53.7282],[-0.2303,53.7336],[-0.2318,53.7288],[-0.2369,53.7267],[-0.2272,53.7084],[-0.2223,53.707],[-0.2275,53.7096],[-0.2235,53.713],[-0.214,53.7089],[-0.2163,53.7056],[-0.2205,53.7061],[-0.2029,53.6977],[-0.2064,53.7036],[-0.1971,53.6968],[-0.2024,53.6975],[-0.2015,53.6952],[-0.1742,53.6806],[-0.1334,53.6507],[-0.1304,53.6523],[-0.1305,53.6493],[-0.1034,53.6352],[-0.0539,53.629],[-0.0497,53.6321],[0.0349,53.6491],[0.0752,53.6421],[0.1045,53.6326],[0.1246,53.6234],[0.147,53.6083],[0.117,53.6623],[-0.0371,53.7891],[-0.1316,53.8738],[-0.1557,53.9019],[-0.21,54.0003],[-0.2158,54.0381],[-0.2103,54.0603],[-0.1984,54.0779],[-0.187,54.08],[-0.1933,54.0801],[-0.1911,54.0813],[-0.1872,54.0811],[-0.1864,54.0796],[-0.1825,54.0872],[-0.1654,54.0994],[-0.1408,54.1043],[-0.105,54.104],[-0.0817,54.1108],[-0.0762,54.1164],[-0.0823,54.1175],[-0.083,54.1225],[-0.1028,54.1312],[-0.1062,54.1293],[-0.1087,54.1324],[-0.1136,54.1311],[-0.1291,54.1352],[-0.1701,54.151],[-0.2189,54.1581],[-0.2441,54.1663],[-0.2737,54.1829],[-0.2844,54.1979],[-0.284,54.2091],[-0.2774,54.2173],[-0.2571,54.2155],[-0.3128,54.2282],[-0.3153,54.2324],[-0.334,54.2378],[-0.3393,54.2425],[-0.3503,54.2407],[-0.366,54.2461],[-0.3701,54.2503],[-0.3663,54.2538],[-0.3745,54.2616],[-0.3842,54.2643],[-0.3964,54.274],[-0.3961,54.2818],[-0.3879,54.2839],[-0.3873,54.282],[-0.3842,54.2861],[-0.3848,54.2884],[-0.3879,54.2906],[-0.3968,54.2884],[-0.4059,54.2932],[-0.4102,54.2999],[-0.4077,54.3051],[-0.4176,54.3102],[-0.4175,54.3204],[-0.4218,54.3257],[-0.4175,54.3315],[-0.4235,54.3389],[-0.4324,54.3398],[-0.4327,54.3496],[-0.439,54.3565],[-0.4462,54.3587],[-0.4482,54.3702],[-0.4635,54.389],[-0.4747,54.3995],[-0.4781,54.3986],[-0.4912,54.4076],[-0.5036,54.4076],[-0.5255,54.4182],[-0.5328,54.4334],[-0.5212,54.4419],[-0.5211,54.4467],[-0.5567,54.465],[-0.5654,54.477],[-0.5859,54.4842],[-0.5886,54.4893],[-0.5928,54.4876],[-0.6094,54.4905],[-0.612,54.4931],[-0.6116,54.4919],[-0.6097,54.4906],[-0.6136,54.4882],[-0.6098,54.4835],[-0.6143,54.475],[-0.6149,54.4785],[-0.6118,54.4837],[-0.6146,54.4883],[-0.6128,54.4931],[-0.6142,54.4909],[-0.6228,54.4914],[-0.6684,54.501],[-0.6749,54.5064],[-0.6723,54.5121],[-0.6812,54.5191],[-0.6946,54.5204],[-0.7061,54.5308],[-0.7157,54.5344],[-0.7193,54.5304],[-0.7271,54.5305],[-0.7312,54.5279],[-0.7449,54.5286],[-0.7498,54.533],[-0.7471,54.5364],[-0.7509,54.5418],[-0.7672,54.5468],[-0.7645,54.5485],[-0.769,54.5522],[-0.7743,54.554],[-0.7748,54.5579],[-0.7884,54.5603],[-0.7896,54.5585],[-0.7886,54.561],[-0.8085,54.5583],[-0.8447,54.5704],[-0.8968,54.5712],[-0.8992,54.5756],[-0.9044,54.5744],[-0.9172,54.5812],[-0.9189,54.5849],[-0.9259,54.5866],[-0.9422,54.589],[-0.9622,54.585],[-1.0012,54.5929],[-1.0395,54.6069],[-1.0565,54.6173],[-1.0704,54.6207],[-1.0893,54.6205],[-1.1189,54.6292],[-1.1391,54.6409],[-1.1373,54.6476],[-1.143,54.6369],[-1.1402,54.6383],[-1.1373,54.6289],[-1.1539,54.6292],[-1.1532,54.6249],[-1.1672,54.6197],[-1.1721,54.6223],[-1.1654,54.6281],[-1.1704,54.6295],[-1.1657,54.6281],[-1.1688,54.6255],[-1.169,54.6274],[-1.1726,54.6215],[-1.2009,54.6218],[-1.1882,54.6326],[-1.1672,54.6325],[-1.1593,54.6358],[-1.1734,54.6334],[-1.168,54.6379],[-1.1675,54.6464],[-1.1577,54.6484],[-1.1641,54.6473],[-1.1831,54.659],[-1.1991,54.6806],[-1.1987,54.6856],[-1.1941,54.6882],[-1.1986,54.6863],[-1.1978,54.692],[-1.1927,54.6885],[-1.196,54.6923],[-1.188,54.6934],[-1.1963,54.6985],[-1.193,54.7006],[-1.1859,54.6975],[-1.1902,54.6967],[-1.1849,54.6933],[-1.1771,54.6947],[-1.174,54.6918],[-1.1753,54.6965],[-1.2431,54.7222],[-1.2665,54.7435],[-1.2923,54.761],[-1.3086,54.7804],[-1.3126,54.8118],[-1.3258,54.8329],[-1.3215,54.8368],[-1.3246,54.8349],[-1.3294,54.8384],[-1.3207,54.8375],[-1.3225,54.8386],[-1.3244,54.8391],[-1.3265,54.8393],[-1.3284,54.8393],[-1.3288,54.8387],[-1.3304,54.8393],[-1.3454,54.855],[-1.3598,54.8889],[-1.3609,54.8999],[-1.3515,54.9053],[-1.3553,54.9055],[-1.3504,54.9058],[-1.3586,54.913],[-1.3528,54.9191],[-1.3592,54.9138],[-1.3635,54.9228],[-1.3523,54.9213],[-1.3546,54.9223],[-1.3572,54.9229],[-1.36,54.9231],[-1.3633,54.9229],[-1.3679,54.9344],[-1.3533,54.9576],[-1.3573,54.9666],[-1.3618,54.9719],[-1.3801,54.9796],[-1.3806,54.9857],[-1.3935,54.9883],[-1.4104,54.9984],[-1.4142,55.0051],[-1.401,55.0113],[-1.4098,55.0082],[-1.4186,55.0032],[-1.4238,55.0081],[-1.4387,55.0047],[-1.4438,54.9933],[-1.441,54.9943],[-1.449,54.9865],[-1.4625,54.9844],[-1.4731,54.9863],[-1.4736,54.989],[-1.4569,54.9885],[-1.4511,54.9911],[-1.4428,55.0069],[-1.4325,55.0089],[-1.4298,55.0133],[-1.4175,55.0141],[-1.4163,55.0167],[-1.4028,55.0145],[-1.4207,55.0196],[-1.4198,55.023],[-1.4264,55.0256],[-1.4285,55.0331],[-1.4324,55.0343],[-1.4285,55.0379],[-1.4422,55.0452],[-1.4518,55.0555],[-1.455,55.0642],[-1.4514,55.0701],[-1.4579,55.0713],[-1.4638,55.0796],[-1.4692,55.08],[-1.4701,55.0851],[-1.4779,55.0862],[-1.492,55.0989],[-1.4983,55.114],[-1.4941,55.1186],[-1.4894,55.1164],[-1.4955,55.1221],[-1.4978,55.1178],[-1.5004,55.1279],[-1.5277,55.1372],[-1.5429,55.1328],[-1.5652,55.1339],[-1.5341,55.1378],[-1.5415,55.1422],[-1.55,55.1421],[-1.5608,55.1466],[-1.5589,55.1464],[-1.5545,55.1456],[-1.5522,55.1443],[-1.5519,55.143],[-1.541,55.1433],[-1.5329,55.1391],[-1.524,55.1414],[-1.5199,55.1388],[-1.5219,55.1435],[-1.5156,55.1362],[-1.4989,55.1287],[-1.4866,55.1164],[-1.4985,55.1295],[-1.5161,55.1434],[-1.5261,55.1599],[-1.5295,55.1618],[-1.5401,55.1611],[-1.5329,55.1633],[-1.5252,55.1626],[-1.5214,55.1702],[-1.5132,55.1748],[-1.5117,55.1836],[-1.499,55.1855],[-1.5051,55.1926],[-1.5017,55.1963],[-1.5114,55.1998],[-1.5261,55.2156],[-1.5291,55.2229],[-1.5254,55.2272],[-1.5544,55.2473],[-1.5722,55.2767],[-1.5701,55.2916],[-1.5578,55.3073],[-1.5498,55.3114],[-1.5494,55.3218],[-1.5702,55.3354],[-1.5707,55.339],[-1.5721,55.3388],[-1.5738,55.3362],[-1.5862,55.3359],[-1.609,55.3444],[-1.6102,55.3495],[-1.6134,55.3492],[-1.6133,55.3451],[-1.6173,55.3439],[-1.6271,55.3486],[-1.6227,55.3479],[-1.6165,55.3442],[-1.6141,55.3492],[-1.6126,55.3498],[-1.61,55.3499],[-1.6074,55.3481],[-1.6081,55.3446],[-1.5925,55.3396],[-1.5965,55.3464],[-1.582,55.3376],[-1.5705,55.3398],[-1.5767,55.3398],[-1.5811,55.3394],[-1.5882,55.3448],[-1.6014,55.3615],[-1.6083,55.3838],[-1.6138,55.3844],[-1.6146,55.3799],[-1.6237,55.3897],[-1.6233,55.3916],[-1.618,55.3904],[-1.6197,55.394],[-1.6185,55.3953],[-1.6096,55.3953],[-1.6182,55.3995],[-1.6253,55.3978],[-1.619,55.3997],[-1.6121,55.3979],[-1.6104,55.397],[-1.6089,55.3952],[-1.6105,55.3942],[-1.6134,55.3949],[-1.6147,55.3936],[-1.6184,55.3948],[-1.6174,55.3892],[-1.6213,55.3884],[-1.6116,55.385],[-1.5967,55.3944],[-1.5907,55.4042],[-1.5803,55.4068],[-1.5818,55.4181],[-1.5753,55.4309],[-1.5873,55.4343],[-1.5933,55.4402],[-1.5863,55.4466],[-1.5935,55.4578],[-1.5886,55.462],[-1.5935,55.473],[-1.5911,55.4924],[-1.5955,55.4913],[-1.6143,55.4982],[-1.6171,55.5031],[-1.6136,55.5094],[-1.6187,55.5145],[-1.6106,55.5217],[-1.619,55.5226],[-1.6185,55.5264],[-1.6262,55.5278],[-1.6383,55.5409],[-1.6324,55.5503],[-1.6188,55.5522],[-1.6281,55.5544],[-1.6265,55.5577],[-1.6333,55.5597],[-1.6456,55.5742],[-1.6476,55.5724],[-1.6521,55.5713],[-1.6523,55.5717],[-1.6515,55.5722],[-1.6501,55.5725],[-1.6477,55.5726],[-1.6438,55.5762],[-1.6396,55.5767],[-1.6453,55.5822],[-1.6648,55.5861],[-1.692,55.6062],[-1.7165,55.6123],[-1.7227,55.6168],[-1.7423,55.6186],[-1.7586,55.6112],[-1.7641,55.6045],[-1.7708,55.6035],[-1.775,55.612],[-1.7863,55.616],[-1.7718,55.6174],[-1.7648,55.626],[-1.7835,55.6438],[-1.7902,55.6467],[-1.8036,55.6352],[-1.8134,55.6337],[-1.8411,55.6427],[-1.8461,55.6512],[-1.8573,55.6561],[-1.8681,55.6679],[-1.874,55.6754],[-1.8731,55.6828],[-1.8814,55.6848],[-1.8844,55.6946],[-1.9132,55.7059],[-1.9178,55.7112],[-1.9609,55.7333],[-1.9633,55.7383],[-1.9719,55.7419],[-1.9924,55.7612],[-2.0035,55.7617],[-2.0138,55.7714],[-2.0285,55.7682],[-2.0231,55.7717],[-2.0301,55.7705],[-2.0373,55.7607],[-2.0478,55.7577],[-2.1011,55.7616],[-2.1085,55.7584],[-2.1074,55.7526],[-2.1101,55.7581],[-2.1078,55.7604],[-2.1,55.7629],[-2.088,55.763],[-2.0545,55.7582],[-2.0454,55.7592],[-2.0629,55.762],[-2.0646,55.7635],[-2.0623,55.762],[-2.0502,55.7616],[-2.0425,55.7598],[-2.0374,55.763],[-2.0356,55.7706],[-2.0189,55.7746],[-2.0111,55.7725],[-2.0042,55.7655],[-1.9927,55.7676],[-1.9913,55.7658],[-1.9841,55.7648],[-1.9912,55.7659],[-1.9974,55.7768],[-1.9947,55.7797],[-2.0013,55.7825],[-1.9999,55.786],[-2.0137,55.7916],[-2.0241,55.8019],[-2.0312,55.8042],[-2.0301,55.808],[-2.0482,55.8201],[-2.0567,55.837],[-2.0698,55.8427],[-2.0711,55.8556],[-2.0756,55.857],[-2.0743,55.8705],[-2.0824,55.8756],[-2.088,55.875],[-2.0874,55.8741],[-2.0857,55.8735],[-2.089,55.87],[-2.0868,55.8729],[-2.0927,55.8741],[-2.0911,55.878],[-2.0957,55.8771],[-2.0975,55.879],[-2.1036,55.8757],[-2.1097,55.8803],[-2.1255,55.8837],[-2.1266,55.8894],[-2.1345,55.8917],[-2.1273,55.8989],[-2.1352,55.9025],[-2.1298,55.9088],[-2.1333,55.9093],[-2.1313,55.9111],[-2.1378,55.917],[-2.1481,55.918],[-2.1526,55.914],[-2.1752,55.9162],[-2.1898,55.9222],[-2.1998,55.9231],[-2.205,55.9266],[-2.2038,55.9292],[-2.2092,55.9284],[-2.2116,55.9309],[-2.2219,55.9309],[-2.2237,55.933],[-2.2408,55.9304],[-2.2591,55.9238],[-2.2797,55.9251],[-2.2824,55.9276],[-2.3011,55.9294],[-2.3013,55.9316],[-2.3304,55.9303],[-2.3376,55.9333],[-2.3386,55.9374],[-2.353,55.9386],[-2.3535,55.9426],[-2.3616,55.9427],[-2.3854,55.951],[-2.3978,55.9603],[-2.4029,55.9718],[-2.4075,55.9733],[-2.4088,55.9711],[-2.4191,55.9705],[-2.4223,55.9727],[-2.4189,55.9744],[-2.4387,55.9798],[-2.4451,55.9879],[-2.4652,55.9877],[-2.4739,55.9958],[-2.4886,55.9954],[-2.5093,55.9998],[-2.512,56.0057],[-2.5129,56.0042],[-2.5315,56.0068],[-2.5356,56.0045],[-2.5422,56.0052],[-2.542,56.0018],[-2.5492,55.9985],[-2.5808,56.0147],[-2.5712,56.0078],[-2.5781,56.0012],[-2.5979,55.9977],[-2.599,56.0035],[-2.6042,56.0049],[-2.5942,56.0078],[-2.5916,56.0166],[-2.5835,56.0071],[-2.5912,56.0167],[-2.5818,56.0234],[-2.5877,56.0221],[-2.5937,56.0239],[-2.6116,56.0338],[-2.6112,56.0381],[-2.6204,56.0479],[-2.6295,56.0524],[-2.6371,56.0522],[-2.643,56.0551],[-2.6476,56.0535],[-2.6497,56.057],[-2.6545,56.057],[-2.6538,56.0594],[-2.6706,56.0578],[-2.6793,56.0617],[-2.6949,56.0609],[-2.7004,56.0574],[-2.712,56.0584],[-2.717,56.0625],[-2.7208,56.059],[-2.7406,56.0625],[-2.7572,56.0596],[-2.7738,56.0651],[-2.8145,56.0626],[-2.8233,56.0532],[-2.8324,56.0506],[-2.8383,56.0412],[-2.8482,56.0383],[-2.8658,56.0376],[-2.8714,56.0248],[-2.8599,56.0166],[-2.85,56.0147],[-2.859,56.0114],[-2.8694,56.0113],[-2.8754,56.0142],[-2.8917,56.0105],[-2.8929,56.0067],[-2.8854,56.0023],[-2.8851,55.9981],[-2.8885,55.9922],[-2.9005,55.9883],[-2.8974,55.9856],[-2.9002,55.9815],[-2.9214,55.9735],[-2.9557,55.9733],[-2.9658,55.9695],[-2.9714,55.9703],[-2.9846,55.9598],[-3.01,55.9529],[-3.0206,55.9513],[-3.0405,55.9541],[-3.047,55.9525],[-3.0488,55.9491],[-3.0683,55.9466],[-3.0668,55.9451],[-3.0953,55.9492],[-3.1162,55.9569],[-3.1569,55.9818],[-3.1824,55.9915],[-3.1755,55.9852],[-3.1626,55.981],[-3.1745,55.9836],[-3.172,55.9812],[-3.1554,55.9763],[-3.1712,55.9805],[-3.1678,55.9793],[-3.1752,55.9791],[-3.1721,55.9796],[-3.1755,55.983],[-3.1805,55.9803],[-3.1868,55.9814],[-3.1847,55.988],[-3.1784,55.9865],[-3.1814,55.9889],[-3.1847,55.9881],[-3.1847,55.9893],[-3.1957,55.9849],[-3.1954,55.9811],[-3.202,55.9801],[-3.2182,55.9806],[-3.2207,55.9879],[-3.2184,55.9803],[-3.2219,55.9808],[-3.2216,55.9861],[-3.2258,55.985],[-3.2281,55.9871],[-3.2229,55.9878],[-3.2301,55.9871],[-3.2339,55.9837],[-3.2503,55.9839],[-3.2631,55.9791],[-3.2894,55.979],[-3.2991,55.9812],[-3.3021,55.9782],[-3.3085,55.983],[-3.3172,55.983],[-3.33,55.9879],[-3.3339,55.9926],[-3.3522,56.0017],[-3.366,55.9987],[-3.3769,55.9914],[-3.3913,55.9897],[-3.4065,55.9935],[-3.4093,55.9973],[-3.4094,55.9968],[-3.4071,55.9938],[-3.4148,55.9928],[-3.413,55.9976],[-3.416,55.995],[-3.4173,55.9935],[-3.434,55.9933],[-3.4725,55.9999],[-3.4812,55.9976],[-3.5083,55.9983],[-3.5161,56.0021],[-3.5155,56.0064],[-3.5253,56.0041],[-3.5968,56.0209],[-3.608,56.0207],[-3.6156,56.0159],[-3.6322,56.0181],[-3.6319,56.014],[-3.661,56.0147],[-3.6758,56.0115],[-3.6762,56.0078],[-3.6786,56.0061],[-3.6873,56.0051],[-3.6769,56.0073],[-3.6776,56.0093],[-3.6762,56.0121],[-3.6715,56.0157],[-3.6842,56.0231],[-3.6773,56.0263],[-3.6803,56.0302],[-3.7039,56.0203],[-3.6802,56.0309],[-3.6803,56.0358],[-3.6903,56.037],[-3.7037,56.0267],[-3.7296,56.0238],[-3.7302,56.0244],[-3.7159,56.0269],[-3.7285,56.0338],[-3.7261,56.0413],[-3.7336,56.0646],[-3.7687,56.0776],[-3.803,56.1068],[-3.8202,56.0985],[-3.8329,56.099],[-3.8408,56.1048],[-3.8366,56.1141],[-3.8393,56.1164],[-3.8548,56.1184],[-3.8543,56.1107],[-3.8653,56.1058],[-3.8729,56.1092],[-3.8638,56.1153],[-3.8665,56.12],[-3.8785,56.1193],[-3.8874,56.1298],[-3.9006,56.1213],[-3.9075,56.1215],[-3.9068,56.1233],[-3.9024,56.1241],[-3.9065,56.1223],[-3.9018,56.1217],[-3.8886,56.1315],[-3.8811,56.1273],[-3.8768,56.12],[-3.8675,56.1211],[-3.8635,56.1182],[-3.863,56.1142],[-3.8711,56.1102],[-3.8681,56.1076],[-3.8577,56.1104],[-3.8587,56.1182],[-3.8527,56.1213],[-3.8283,56.1148],[-3.8265,56.1098],[-3.8339,56.1058],[-3.8304,56.1032],[-3.8261,56.1035],[-3.8222,56.11],[-3.8161,56.1117],[-3.7974,56.1089],[-3.7651,56.0854],[-3.7485,56.0795],[-3.7388,56.079],[-3.7367,56.0808],[-3.7366,56.0757],[-3.7242,56.0688],[-3.7257,56.067],[-3.7049,56.0545],[-3.6861,56.048],[-3.669,56.0465],[-3.6528,56.0523],[-3.6176,56.0559],[-3.609,56.0464],[-3.5948,56.0457],[-3.5866,56.0504],[-3.5904,56.0595],[-3.5755,56.0588],[-3.5468,56.0398],[-3.5313,56.0398],[-3.5318,56.0375],[-3.5271,56.0414],[-3.5217,56.0417],[-3.5134,56.0402],[-3.5052,56.0341],[-3.4936,56.0353],[-3.4822,56.0338],[-3.4789,56.0302],[-3.4634,56.0303],[-3.4592,56.0279],[-3.4628,56.024],[-3.456,56.0204],[-3.4428,56.0179],[-3.4488,56.0217],[-3.443,56.0212],[-3.4467,56.0222],[-3.444,56.0249],[-3.4415,56.0226],[-3.4384,56.0238],[-3.4394,56.0222],[-3.4089,56.0161],[-3.4042,56.0096],[-3.3993,56.0068],[-3.3962,56.01],[-3.3959,56.0067],[-3.3934,56.0086],[-3.3915,56.0059],[-3.388,56.0225],[-3.4027,56.0242],[-3.3954,56.0267],[-3.3954,56.0292],[-3.3888,56.0246],[-3.3748,56.0293],[-3.3571,56.0261],[-3.3499,56.0274],[-3.3502,56.0305],[-3.3412,56.0336],[-3.3474,56.0366],[-3.3369,56.0394],[-3.3235,56.038],[-3.3224,56.0336],[-3.307,56.0397],[-3.3104,56.0439],[-3.3038,56.0478],[-3.2996,56.0473],[-3.2949,56.053],[-3.2836,56.0504],[-3.287,56.0522],[-3.2842,56.0562],[-3.2657,56.0595],[-3.2509,56.061],[-3.2374,56.0535],[-3.2405,56.0568],[-3.2361,56.0537],[-3.2224,56.0566],[-3.2253,56.061],[-3.2164,56.0639],[-3.1743,56.0626],[-3.1738,56.0684],[-3.166,56.0728],[-3.1589,56.0837],[-3.1604,56.0993],[-3.1535,56.1133],[-3.1494,56.1133],[-3.151,56.1167],[-3.1481,56.1129],[-3.1412,56.1194],[-3.1316,56.1193],[-3.1247,56.1236],[-3.1237,56.1214],[-3.0966,56.1396],[-3.0842,56.1397],[-3.0624,56.1591],[-3.0463,56.1675],[-3.0363,56.1666],[-3.0177,56.1744],[-3.0142,56.1796],[-3.011,56.1811],[-3.0079,56.1793],[-2.9966,56.1887],[-3.0015,56.1921],[-2.9957,56.1926],[-2.9656,56.2079],[-2.9359,56.2124],[-2.9098,56.2104],[-2.8924,56.2067],[-2.8814,56.2016],[-2.8752,56.1962],[-2.8819,56.1928],[-2.8727,56.195],[-2.8668,56.1936],[-2.8693,56.187],[-2.8527,56.1891],[-2.8442,56.1835],[-2.8385,56.1834],[-2.8319,56.1888],[-2.8189,56.1897],[-2.8165,56.1883],[-2.8202,56.1855],[-2.8118,56.187],[-2.813,56.1832],[-2.8075,56.1849],[-2.8004,56.1932],[-2.7816,56.2009],[-2.7639,56.2048],[-2.7656,56.203],[-2.7432,56.2107],[-2.727,56.2128],[-2.729,56.2104],[-2.7193,56.215],[-2.7079,56.2155],[-2.7031,56.2228],[-2.6969,56.2196],[-2.7001,56.2225],[-2.6958,56.2215],[-2.6956,56.2194],[-2.6948,56.2221],[-2.6831,56.2246],[-2.6733,56.2337],[-2.6466,56.243],[-2.6287,56.2537],[-2.6297,56.2574],[-2.6187,56.2617],[-2.6029,56.2635],[-2.5853,56.2791],[-2.5967,56.2825],[-2.5993,56.2867],[-2.613,56.2865],[-2.6307,56.2929],[-2.6543,56.3086],[-2.6603,56.3184],[-2.6724,56.3206],[-2.6808,56.3183],[-2.679,56.3213],[-2.6897,56.3263],[-2.7061,56.3245],[-2.7136,56.328],[-2.7218,56.3259],[-2.7392,56.3276],[-2.7495,56.3323],[-2.7778,56.3328],[-2.7842,56.3391],[-2.7837,56.3398],[-2.7795,56.3394],[-2.7896,56.3432],[-2.8051,56.3449],[-2.8129,56.3634],[-2.8199,56.3676],[-2.8279,56.3553],[-2.8355,56.3535],[-2.8591,56.3593],[-2.8638,56.3639],[-2.8698,56.3598],[-2.8874,56.3619],[-2.8878,56.3559],[-2.9094,56.354],[-2.8902,56.3572],[-2.8914,56.3673],[-2.8685,56.3674],[-2.86,56.371],[-2.854,56.3687],[-2.8448,56.372],[-2.8393,56.3711],[-2.8121,56.3869],[-2.8006,56.4236],[-2.808,56.4413],[-2.8166,56.4437],[-2.8296,56.4436],[-2.8548,56.4387],[-2.8655,56.4401],[-2.8696,56.4459],[-2.8832,56.4524],[-2.9213,56.4516],[-2.9372,56.4465],[-2.946,56.4363],[-2.9672,56.4312],[-2.9902,56.4206],[-3.0393,56.4157],[-3.047,56.4088],[-3.0638,56.4028],[-3.0953,56.3938],[-3.1159,56.3918],[-3.1798,56.372],[-3.1957,56.3639],[-3.2294,56.3563],[-3.2263,56.3551],[-3.2609,56.3508],[-3.2955,56.3526],[-3.3077,56.3477],[-3.3239,56.3485],[-3.3346,56.3522],[-3.3312,56.3414],[-3.3375,56.3382],[-3.3423,56.3398],[-3.3393,56.3443],[-3.3448,56.3473],[-3.3444,56.3514],[-3.3481,56.3502],[-3.3467,56.3519],[-3.3442,56.3519],[-3.3436,56.3469],[-3.3403,56.3459],[-3.3387,56.3446],[-3.3389,56.3427],[-3.3413,56.3397],[-3.3376,56.3387],[-3.3324,56.343],[-3.3375,56.3495],[-3.3352,56.3526],[-3.3077,56.3488],[-3.3011,56.3536],[-3.3217,56.3599],[-3.3402,56.3734],[-3.3666,56.3782],[-3.3796,56.3837],[-3.4007,56.3788],[-3.4108,56.3795],[-3.3805,56.3852],[-3.3617,56.3785],[-3.3398,56.3756],[-3.3166,56.3621],[-3.3026,56.3575],[-3.287,56.3566],[-3.2582,56.3667],[-3.2318,56.3685],[-3.2142,56.3774],[-3.2142,56.3757],[-3.2032,56.3792],[-3.1567,56.4052],[-3.1273,56.4283],[-3.0999,56.4385],[-3.0845,56.4507],[-3.0689,56.4503],[-3.0694,56.4524],[-3.0589,56.453],[-3.0525,56.4583],[-3.04,56.4511],[-2.9886,56.4513],[-2.9523,56.4627],[-2.9332,56.4658],[-2.9172,56.4655],[-2.9089,56.4681],[-2.8885,56.4687],[-2.8693,56.4622],[-2.8369,56.4751],[-2.8045,56.4799],[-2.7896,56.4795],[-2.7468,56.4651],[-2.7357,56.4647],[-2.7248,56.4731],[-2.7159,56.4947],[-2.7086,56.4989],[-2.6957,56.5008],[-2.6723,56.5096],[-2.6654,56.5156],[-2.6357,56.5271],[-2.6286,56.5351],[-2.6047,56.5502],[-2.585,56.5531],[-2.5668,56.5606],[-2.5485,56.5617],[-2.5387,56.5667],[-2.5378,56.5758],[-2.521,56.5812],[-2.5233,56.5837],[-2.5181,56.5862],[-2.5195,56.591],[-2.5041,56.5986],[-2.5047,56.602],[-2.4938,56.6085],[-2.4874,56.6189],[-2.4802,56.6214],[-2.4829,56.6287],[-2.5026,56.6307],[-2.5062,56.6487],[-2.5109,56.651],[-2.5053,56.6519],[-2.5,56.6626],[-2.4849,56.6681],[-2.4837,56.6716],[-2.4714,56.6726],[-2.4683,56.6708],[-2.4664,56.6758],[-2.4511,56.6784],[-2.4488,56.682],[-2.4472,56.6799],[-2.4489,56.6834],[-2.4412,56.6866],[-2.439,56.6917],[-2.4435,56.693],[-2.4425,56.6971],[-2.4356,56.7009],[-2.4646,56.7012],[-2.4762,56.705],[-2.4808,56.7036],[-2.4798,56.6998],[-2.4873,56.7011],[-2.5156,56.6985],[-2.5314,56.7054],[-2.5363,56.7121],[-2.5286,56.7087],[-2.5151,56.7234],[-2.4774,56.7217],[-2.4723,56.714],[-2.476,56.7071],[-2.464,56.7034],[-2.4516,56.704],[-2.4443,56.7242],[-2.4266,56.7535],[-2.4328,56.7505],[-2.4491,56.7511],[-2.4457,56.7513],[-2.4426,56.7511],[-2.4451,56.7519],[-2.4358,56.7513],[-2.4284,56.755],[-2.4281,56.7534],[-2.3995,56.7742],[-2.3863,56.776],[-2.3758,56.7736],[-2.3754,56.7774],[-2.3582,56.7872],[-2.3257,56.7962],[-2.3081,56.8072],[-2.2896,56.8276],[-2.2867,56.8264],[-2.2854,56.828],[-2.2861,56.8262],[-2.2773,56.8296],[-2.2754,56.8412],[-2.2711,56.8437],[-2.2747,56.8455],[-2.2698,56.8433],[-2.2586,56.846],[-2.2423,56.8605],[-2.2388,56.8596],[-2.2271,56.8688],[-2.2137,56.8836],[-2.2194,56.8866],[-2.2157,56.8905],[-2.2134,56.8892],[-2.2162,56.8949],[-2.2032,56.9002],[-2.2037,56.9078],[-2.1995,56.9068],[-2.1966,56.9088],[-2.2013,56.9228],[-2.197,56.9304],[-2.2008,56.9328],[-2.196,56.9336],[-2.1997,56.9375],[-2.1955,56.9424],[-2.1994,56.9446],[-2.1942,56.9463],[-2.2004,56.9482],[-2.1966,56.951],[-2.191,56.9508],[-2.2005,56.9537],[-2.1948,56.959],[-2.2036,56.9588],[-2.2031,56.9607],[-2.2001,56.9605],[-2.2063,56.9621],[-2.2091,56.9676],[-2.2062,56.9669],[-2.1965,56.9739],[-2.1868,56.9768],[-2.1875,56.9787],[-2.1774,56.9796],[-2.1818,56.9809],[-2.1822,56.986],[-2.1751,56.9973],[-2.1665,57.0025],[-2.1678,57.0091],[-2.1612,57.0095],[-2.1642,57.0137],[-2.1584,57.0164],[-2.1616,57.0181],[-2.1479,57.0235],[-2.1474,57.0287],[-2.1419,57.0299],[-2.1436,57.0326],[-2.1343,57.0335],[-2.1327,57.0384],[-2.1206,57.0436],[-2.1236,57.0481],[-2.1109,57.0538],[-2.1109,57.0571],[-2.1049,57.0573],[-2.1056,57.0636],[-2.0925,57.0681],[-2.0956,57.068],[-2.0923,57.0719],[-2.0962,57.074],[-2.0886,57.0795],[-2.0917,57.08],[-2.0871,57.0829],[-2.0895,57.0839],[-2.0814,57.0877],[-2.0829,57.092],[-2.0766,57.0943],[-2.0779,57.0962],[-2.0724,57.0973],[-2.0732,57.1038],[-2.0634,57.1073],[-2.0665,57.1095],[-2.0594,57.1128],[-2.0601,57.1179],[-2.0573,57.1173],[-2.0535,57.1219],[-2.0564,57.1222],[-2.0414,57.1322],[-2.0488,57.1292],[-2.0575,57.1311],[-2.0587,57.1352],[-2.0498,57.1359],[-2.0526,57.1319],[-2.0484,57.132],[-2.0469,57.1402],[-2.0527,57.1403],[-2.0556,57.1449],[-2.0557,57.1425],[-2.0675,57.1414],[-2.061,57.1457],[-2.0688,57.143],[-2.0746,57.1471],[-2.0789,57.1573],[-2.0774,57.1769],[-2.084,57.1741],[-2.0954,57.1752],[-2.0993,57.1779],[-2.1066,57.1773],[-2.1052,57.1737],[-2.1077,57.1756],[-2.1077,57.1772],[-2.1072,57.1776],[-2.0991,57.1782],[-2.0884,57.176],[-2.0783,57.177],[-2.055,57.2244],[-2.0369,57.2517],[-1.9724,57.3247],[-1.953,57.3316],[-1.9556,57.3344],[-1.9409,57.3398],[-1.9342,57.348],[-1.9332,57.3466],[-1.9228,57.3502],[-1.9229,57.355],[-1.9159,57.36],[-1.9119,57.3595],[-1.9151,57.3622],[-1.9099,57.366],[-1.8936,57.3737],[-1.8882,57.3732],[-1.8651,57.3891],[-1.8582,57.3899],[-1.8644,57.4003],[-1.8612,57.4064],[-1.8477,57.4138],[-1.8489,57.4163],[-1.8482,57.4161],[-1.8465,57.4141],[-1.8458,57.4111],[-1.8437,57.41],[-1.8384,57.4099],[-1.8381,57.4129],[-1.8367,57.4126],[-1.8367,57.4108],[-1.8352,57.411],[-1.8357,57.4141],[-1.8276,57.4167],[-1.8343,57.416],[-1.8286,57.4219],[-1.8154,57.4276],[-1.8185,57.428],[-1.8145,57.4307],[-1.8203,57.4325],[-1.8163,57.4348],[-1.8196,57.4354],[-1.8095,57.4383],[-1.8057,57.4453],[-1.7974,57.4472],[-1.7965,57.4513],[-1.8009,57.4538],[-1.79,57.4559],[-1.7898,57.4585],[-1.7816,57.4608],[-1.7783,57.4705],[-1.7711,57.47],[-1.7766,57.4711],[-1.7782,57.4749],[-1.7753,57.4747],[-1.7964,57.4838],[-1.7833,57.4889],[-1.7753,57.4965],[-1.7826,57.4912],[-1.7875,57.4962],[-1.7931,57.4948],[-1.79,57.5032],[-1.7773,57.5013],[-1.7705,57.5055],[-1.7738,57.5012],[-1.7794,57.5004],[-1.7779,57.5],[-1.7724,57.5011],[-1.7728,57.4998],[-1.7709,57.501],[-1.7726,57.4971],[-1.7663,57.5028],[-1.7671,57.5069],[-1.7873,57.516],[-1.7975,57.5162],[-1.7989,57.5235],[-1.8059,57.5285],[-1.8069,57.5361],[-1.8019,57.545],[-1.8061,57.5514],[-1.8041,57.5565],[-1.8256,57.5708],[-1.8224,57.5706],[-1.8283,57.592],[-1.8208,57.6078],[-1.8239,57.6127],[-1.867,57.6265],[-1.8868,57.6386],[-1.8853,57.6352],[-1.8907,57.6342],[-1.8878,57.636],[-1.8903,57.639],[-1.8856,57.6385],[-1.8988,57.6554],[-1.9181,57.668],[-1.92,57.675],[-1.9241,57.675],[-1.9328,57.6785],[-1.9459,57.681],[-1.943,57.6804],[-1.951,57.6757],[-1.9547,57.6745],[-1.9611,57.6733],[-1.9648,57.6735],[-1.9699,57.6699],[-1.965,57.6737],[-1.954,57.675],[-1.9744,57.6762],[-1.9991,57.6828],[-2.0013,57.6858],[-1.9966,57.6914],[-2.0007,57.6923],[-1.9978,57.6909],[-2.001,57.6898],[-2.0037,57.6922],[-2.0032,57.6933],[-1.9997,57.6923],[-2.0006,57.6939],[-1.995,57.6918],[-2.0024,57.6986],[-2.0122,57.6955],[-2.016,57.698],[-2.0229,57.6972],[-2.0425,57.6917],[-2.052,57.6935],[-2.0554,57.6972],[-2.0566,57.695],[-2.058,57.6978],[-2.0709,57.6995],[-2.0825,57.7005],[-2.1103,57.6972],[-2.114,57.6988],[-2.1107,57.6997],[-2.118,57.7011],[-2.1514,57.6831],[-2.1578,57.6816],[-2.1613,57.6844],[-2.1751,57.6736],[-2.1781,57.6753],[-2.1926,57.6713],[-2.2085,57.6764],[-2.212,57.6799],[-2.2176,57.6775],[-2.2187,57.68],[-2.2208,57.6776],[-2.2215,57.6807],[-2.2236,57.6786],[-2.226,57.6808],[-2.2373,57.6795],[-2.2455,57.6828],[-2.2636,57.6793],[-2.2648,57.6835],[-2.2714,57.6819],[-2.2746,57.6872],[-2.2928,57.6894],[-2.2901,57.6943],[-2.2976,57.6962],[-2.3272,57.6863],[-2.3255,57.6771],[-2.3389,57.6738],[-2.3441,57.6699],[-2.3499,57.6696],[-2.3618,57.6762],[-2.382,57.6701],[-2.396,57.6687],[-2.408,57.6716],[-2.4226,57.6706],[-2.4285,57.6723],[-2.4277,57.6742],[-2.4344,57.6712],[-2.4416,57.6721],[-2.447,57.6689],[-2.4551,57.6722],[-2.4665,57.6707],[-2.4693,57.6724],[-2.4726,57.6705],[-2.4777,57.6737],[-2.4887,57.6717],[-2.4973,57.6731],[-2.4984,57.67],[-2.5131,57.6639],[-2.5121,57.6588],[-2.5146,57.657],[-2.5283,57.6514],[-2.5137,57.6593],[-2.5143,57.6643],[-2.5232,57.6695],[-2.5229,57.6709],[-2.5209,57.6706],[-2.5227,57.671],[-2.5248,57.6713],[-2.5412,57.6691],[-2.5538,57.6707],[-2.5669,57.6749],[-2.5742,57.6827],[-2.5839,57.6775],[-2.5933,57.6786],[-2.5983,57.6821],[-2.6129,57.6791],[-2.6161,57.6816],[-2.6379,57.6801],[-2.6481,57.6841],[-2.6488,57.6876],[-2.6618,57.6865],[-2.6614,57.6892],[-2.6674,57.6906],[-2.6837,57.6828],[-2.6867,57.6868],[-2.6941,57.6844],[-2.6986,57.6868],[-2.7067,57.686],[-2.7143,57.6927],[-2.7402,57.6817],[-2.7476,57.6825],[-2.7478,57.6894],[-2.7501,57.6915],[-2.7578,57.691],[-2.7578,57.694],[-2.7774,57.6925],[-2.7931,57.7008],[-2.8018,57.6953],[-2.8061,57.6972],[-2.8271,57.6926],[-2.8463,57.6983],[-2.8478,57.7061],[-2.8587,57.7065],[-2.8652,57.7035],[-2.8792,57.705],[-2.8818,57.7024],[-2.8956,57.6997],[-2.9013,57.7015],[-2.904,57.6977],[-2.9107,57.6991],[-2.9223,57.6975],[-2.9318,57.687],[-2.9513,57.6838],[-2.9619,57.6806],[-2.9594,57.6802],[-2.9518,57.6823],[-2.9594,57.6792],[-2.9734,57.6783],[-3.0161,57.6642],[-3.039,57.6648],[-3.0993,57.676],[-3.0926,57.6718],[-3.0976,57.6631],[-3.0996,57.6676],[-3.095,57.6726],[-3.0974,57.6702],[-3.1032,57.6729],[-3.1054,57.6684],[-3.106,57.6705],[-3.1042,57.6733],[-3.1077,57.6724],[-3.1083,57.6731],[-3.1069,57.6748],[-3.1139,57.6759],[-3.0997,57.6741],[-3.1041,57.6767],[-3.1131,57.6761],[-3.1369,57.6802],[-3.2306,57.7015],[-3.2808,57.7192],[-3.2549,57.7037],[-3.2701,57.7096],[-3.2832,57.7177],[-3.2778,57.7237],[-3.279,57.7239],[-3.2799,57.7221],[-3.2837,57.7247],[-3.2771,57.7238],[-3.2796,57.7246],[-3.289,57.7252],[-3.3042,57.7205],[-3.3419,57.7249],[-3.3849,57.7194],[-3.3918,57.7162],[-3.4125,57.7129],[-3.4191,57.7151],[-3.4279,57.7108],[-3.4385,57.7119],[-3.4356,57.711],[-3.4384,57.7094],[-3.4582,57.7039],[-3.4823,57.7022],[-3.4978,57.7044],[-3.5005,57.7013],[-3.498,57.7028],[-3.489,57.6976],[-3.4931,57.6844],[-3.5006,57.6759],[-3.5175,57.6674],[-3.5515,57.6616],[-3.6182,57.6641],[-3.6258,57.6622],[-3.6169,57.6612],[-3.6002,57.651],[-3.5951,57.6515],[-3.5829,57.646],[-3.5847,57.6419],[-3.5801,57.6365],[-3.5896,57.6312],[-3.5961,57.6311],[-3.599,57.6341],[-3.6006,57.6315],[-3.6081,57.6359],[-3.6213,57.6349],[-3.6216,57.639],[-3.623,57.6387],[-3.6288,57.6347],[-3.6249,57.6389],[-3.6275,57.6398],[-3.637,57.635],[-3.6372,57.6352],[-3.6367,57.6357],[-3.6351,57.636],[-3.6359,57.6366],[-3.6306,57.6392],[-3.6374,57.64],[-3.6361,57.6433],[-3.646,57.6402],[-3.6453,57.6365],[-3.6474,57.6383],[-3.6463,57.6383],[-3.6465,57.6399],[-3.6419,57.6438],[-3.6224,57.6451],[-3.6261,57.647],[-3.6197,57.6553],[-3.6338,57.6627],[-3.6499,57.663],[-3.7017,57.6578],[-3.732,57.6498],[-3.7348,57.648],[-3.7097,57.6553],[-3.7018,57.6475],[-3.7481,57.6319],[-3.7444,57.6388],[-3.7288,57.6449],[-3.7211,57.6443],[-3.7211,57.6464],[-3.7354,57.6444],[-3.7695,57.6282],[-3.807,57.6207],[-3.8249,57.6115],[-3.8324,57.6037],[-3.8017,57.6202],[-3.7849,57.6232],[-3.7846,57.6211],[-3.7988,57.6148],[-3.8001,57.6098],[-3.8058,57.6107],[-3.8326,57.5972],[-3.8606,57.5937],[-3.863,57.5874],[-3.8608,57.5935],[-3.8673,57.59],[-3.9097,57.5862],[-3.9378,57.5865],[-3.9656,57.5914],[-4.0074,57.603],[-3.9683,57.5888],[-3.971,57.5885],[-4.0067,57.6005],[-4.0108,57.6003],[-4.0131,57.6025],[-4.0151,57.6003],[-4.0128,57.6021],[-4.0112,57.6003],[-4.0194,57.5977],[-4.0185,57.5934],[-4.0182,57.5952],[-4.0152,57.5942],[-4.019,57.5922],[-4.0581,57.5912],[-4.0764,57.5825],[-4.06,57.5824],[-4.0475,57.5768],[-4.0391,57.5692],[-4.0407,57.5603],[-4.0521,57.553],[-4.1024,57.5351],[-4.1185,57.5194],[-4.1076,57.5205],[-4.1128,57.5161],[-4.1281,57.5148],[-4.1474,57.5184],[-4.1483,57.5017],[-4.1656,57.4899],[-4.1794,57.485],[-4.1868,57.4838],[-4.1917,57.4898],[-4.1964,57.4872],[-4.1938,57.4897],[-4.1958,57.4885],[-4.2088,57.495],[-4.2099,57.493],[-4.2106,57.4951],[-4.2209,57.4968],[-4.229,57.4941],[-4.2343,57.4957],[-4.2331,57.4933],[-4.2378,57.4927],[-4.2374,57.4956],[-4.2403,57.4937],[-4.2464,57.4953],[-4.2511,57.4905],[-4.2632,57.4908],[-4.2593,57.489],[-4.2887,57.4812],[-4.3069,57.4836],[-4.3155,57.4801],[-4.33,57.4847],[-4.3635,57.4825],[-4.3752,57.4795],[-4.3853,57.4824],[-4.3943,57.4909],[-4.4084,57.4975],[-4.4094,57.5046],[-4.3788,57.512],[-4.3738,57.5121],[-4.372,57.5084],[-4.3697,57.5125],[-4.3564,57.5108],[-4.3448,57.5057],[-4.3104,57.5022],[-4.2709,57.5053],[-4.2482,57.501],[-4.2344,57.5007],[-4.2305,57.5079],[-4.2185,57.517],[-4.2104,57.5183],[-4.1942,57.5393],[-4.2019,57.5436],[-4.2184,57.5422],[-4.231,57.547],[-4.2479,57.545],[-4.2461,57.5476],[-4.2519,57.5493],[-4.2409,57.552],[-4.2247,57.5512],[-4.1872,57.5458],[-4.1755,57.5532],[-4.1736,57.5645],[-4.1408,57.5774],[-4.1331,57.5794],[-4.115,57.5785],[-4.0911,57.5741],[-4.1016,57.5782],[-4.1124,57.5888],[-4.1126,57.5945],[-4.1053,57.5985],[-4.1021,57.6074],[-4.069,57.627],[-4.0465,57.6466],[-4.0251,57.6587],[-4.0116,57.6623],[-3.9934,57.6764],[-4.001,57.6801],[-4.0269,57.6795],[-4.037,57.684],[-4.0421,57.6778],[-4.0596,57.6751],[-4.0856,57.6649],[-4.1599,57.6573],[-4.1679,57.6631],[-4.1639,57.6699],[-4.1655,57.6759],[-4.2059,57.6724],[-4.2146,57.6741],[-4.2348,57.6694],[-4.3254,57.6306],[-4.3519,57.6116],[-4.3586,57.6136],[-4.3551,57.61],[-4.3664,57.6016],[-4.382,57.593],[-4.4019,57.5868],[-4.4097,57.5799],[-4.4162,57.5776],[-4.4182,57.5769],[-4.4286,57.5732],[-4.4252,57.5772],[-4.4281,57.5783],[-4.4222,57.5813],[-4.4243,57.5842],[-4.4067,57.5928],[-4.4191,57.6018],[-4.4131,57.6075],[-4.3784,57.6244],[-4.3663,57.6259],[-4.3622,57.6337],[-4.3471,57.64],[-4.333,57.6523],[-4.3246,57.6556],[-4.3178,57.6537],[-4.3055,57.656],[-4.2999,57.6593],[-4.3026,57.6623],[-4.2988,57.6649],[-4.2795,57.6646],[-4.2794,57.665],[-4.2992,57.6654],[-4.3021,57.6711],[-4.2992,57.6767],[-4.2802,57.6833],[-4.2614,57.6783],[-4.2549,57.6785],[-4.2515,57.6806],[-4.2553,57.6786],[-4.2652,57.6797],[-4.2511,57.681],[-4.2526,57.6834],[-4.2486,57.6808],[-4.2468,57.6838],[-4.2381,57.68],[-4.2434,57.6841],[-4.2394,57.688],[-4.2073,57.6926],[-4.1805,57.689],[-4.1799,57.6866],[-4.1858,57.6863],[-4.1854,57.6841],[-4.1792,57.6844],[-4.179,57.6869],[-4.1678,57.6852],[-4.1464,57.6954],[-4.1378,57.6879],[-4.1461,57.6962],[-4.1147,57.7118],[-4.1083,57.7186],[-4.0731,57.7323],[-4.0501,57.7294],[-4.0382,57.737],[-4.0237,57.7383],[-4.0159,57.7357],[-4.0117,57.7387],[-4.0096,57.731],[-4.0119,57.7264],[-4.0253,57.7197],[-4.0251,57.7129],[-4.0296,57.7107],[-4.0377,57.6954],[-4.0353,57.6932],[-4.0281,57.6945],[-4.0282,57.6994],[-4.0248,57.6926],[-4.0068,57.6945],[-3.9866,57.6915],[-3.9765,57.6939],[-3.9317,57.728],[-3.9182,57.7439],[-3.9169,57.7524],[-3.9096,57.7539],[-3.9113,57.7552],[-3.9091,57.7537],[-3.8946,57.7661],[-3.8716,57.776],[-3.8117,57.825],[-3.7934,57.8364],[-3.7783,57.8537],[-3.7798,57.8613],[-3.772,57.8669],[-3.7978,57.8651],[-3.8122,57.8605],[-3.8288,57.84],[-3.8282,57.8355],[-3.8491,57.8307],[-3.8565,57.8253],[-3.8959,57.8209],[-3.9098,57.8227],[-3.9186,57.8205],[-3.9198,57.8172],[-3.939,57.8169],[-3.9384,57.8147],[-3.952,57.8126],[-3.9526,57.8147],[-3.9423,57.8149],[-3.9429,57.8189],[-3.9269,57.8209],[-3.9186,57.8265],[-3.9109,57.8273],[-3.9109,57.8296],[-3.8919,57.8245],[-3.9185,57.8378],[-3.9222,57.8369],[-3.9108,57.8331],[-3.9116,57.8297],[-3.9272,57.8331],[-3.9252,57.8352],[-3.9293,57.8337],[-3.9447,57.8446],[-3.9592,57.8477],[-3.9682,57.8461],[-4.0257,57.8211],[-4.0475,57.8147],[-4.0769,57.8282],[-4.1021,57.8335],[-4.0982,57.8375],[-4.1091,57.8352],[-4.11,57.8411],[-4.1127,57.8342],[-4.1371,57.8449],[-4.1393,57.8439],[-4.1312,57.8375],[-4.1188,57.8334],[-4.1199,57.8292],[-4.1409,57.8282],[-4.1499,57.8336],[-4.1633,57.8338],[-4.1705,57.8471],[-4.1821,57.8561],[-4.1889,57.8513],[-4.1909,57.8625],[-4.2377,57.8591],[-4.2702,57.8505],[-4.2811,57.857],[-4.2916,57.8544],[-4.3027,57.8568],[-4.2999,57.8618],[-4.3032,57.863],[-4.3161,57.8615],[-4.334,57.8677],[-4.3336,57.8698],[-4.3485,57.8725],[-4.35,57.8763],[-4.3552,57.8767],[-4.362,57.882],[-4.359,57.8858],[-4.3491,57.887],[-4.3463,57.8911],[-4.3328,57.8807],[-4.3049,57.8732],[-4.2903,57.8619],[-4.2711,57.8613],[-4.2743,57.8666],[-4.2719,57.8697],[-4.2373,57.8712],[-4.2327,57.875],[-4.2095,57.8727],[-4.1867,57.8669],[-4.1755,57.8682],[-4.1739,57.8601],[-4.1626,57.8592],[-4.1488,57.8598],[-4.1392,57.87],[-4.1353,57.8701],[-4.133,57.8633],[-4.1396,57.8623],[-4.1346,57.8593],[-4.1436,57.8576],[-4.1491,57.8595],[-4.1466,57.8551],[-4.1205,57.8556],[-4.1113,57.8484],[-4.1069,57.8551],[-4.0958,57.8612],[-4.0681,57.8676],[-4.034,57.867],[-4.0173,57.86],[-4.0126,57.8612],[-4.0171,57.8588],[-4.0212,57.8588],[-4.0164,57.8572],[-4.0105,57.8601],[-4.0094,57.8636],[-4.013,57.8909],[-4.0051,57.8939],[-4.0013,57.9013],[-3.9922,57.9031],[-4.0067,57.9338],[-3.9832,57.9696],[-3.9703,57.9747],[-3.9642,57.9737],[-3.9491,57.9773],[-3.9357,57.983],[-3.8913,57.9881],[-3.8714,58.0017],[-3.8478,58.0065],[-3.8465,58.01],[-3.8528,58.0117],[-3.8493,58.0117],[-3.8451,58.0104],[-3.8412,58.0132],[-3.8333,58.0389],[-3.8166,58.0451],[-3.8043,58.0571],[-3.7802,58.0647],[-3.7644,58.063],[-3.7584,58.0674],[-3.7454,58.0682],[-3.7346,58.0777],[-3.7049,58.0864],[-3.6721,58.1021],[-3.6587,58.1129],[-3.6512,58.1142],[-3.6587,58.1201],[-3.6559,58.1192],[-3.652,58.1152],[-3.6416,58.1149],[-3.6306,58.1188],[-3.6291,58.1225],[-3.6197,58.1256],[-3.6126,58.1322],[-3.5994,58.134],[-3.5734,58.1434],[-3.5496,58.1582],[-3.5083,58.1719],[-3.4949,58.1819],[-3.4972,58.1817],[-3.4991,58.1836],[-3.4988,58.1838],[-3.4984,58.1836],[-3.4973,58.1821],[-3.4965,58.1824],[-3.4885,58.1906],[-3.4756,58.1957],[-3.464,58.2136],[-3.4377,58.2298],[-3.4283,58.2442],[-3.4229,58.2448],[-3.4281,58.2466],[-3.4243,58.2461],[-3.4226,58.2446],[-3.4188,58.2443],[-3.4149,58.2454],[-3.395,58.2629],[-3.3815,58.2705],[-3.3388,58.2815],[-3.3283,58.2816],[-3.3306,58.2859],[-3.318,58.2857],[-3.3143,58.2877],[-3.3116,58.2863],[-3.2974,58.2893],[-3.2894,58.2952],[-3.291,58.2978],[-3.2866,58.2944],[-3.2725,58.2989],[-3.2593,58.3002],[-3.2515,58.2981],[-3.2097,58.31],[-3.1783,58.3359],[-3.1628,58.3417],[-3.1643,58.344],[-3.1594,58.3448],[-3.1625,58.3454],[-3.15,58.35],[-3.1527,58.3512],[-3.1447,58.3558],[-3.1267,58.3595],[-3.1169,58.3666],[-3.1199,58.3682],[-3.1079,58.3712],[-3.1118,58.3733],[-3.1061,58.377],[-3.1102,58.3785],[-3.0983,58.3886],[-3.0998,58.3888],[-3.1027,58.3877],[-3.0977,58.393],[-3.1022,58.3944],[-3.0877,58.4044],[-3.0913,58.4114],[-3.0845,58.414],[-3.0876,58.4166],[-3.0832,58.4171],[-3.0868,58.4183],[-3.0793,58.4227],[-3.083,58.4232],[-3.0693,58.4286],[-3.0691,58.4329],[-3.0805,58.4372],[-3.0818,58.4409],[-3.0928,58.4408],[-3.1152,58.4469],[-3.119,58.4459],[-3.1228,58.4489],[-3.1068,58.4459],[-3.0926,58.4413],[-3.0866,58.4427],[-3.0616,58.4417],[-3.0595,58.4423],[-3.0593,58.4442],[-3.0634,58.4462],[-3.0533,58.4477],[-3.0497,58.4519],[-3.0572,58.4601],[-3.0484,58.4723],[-3.0503,58.4793],[-3.0632,58.4794],[-3.0781,58.475],[-3.1055,58.4738],[-3.1232,58.4811],[-3.1359,58.5003],[-3.126,58.5274],[-3.0888,58.5463],[-3.0816,58.5567],[-3.0672,58.564],[-3.068,58.5711],[-3.06,58.5813],[-3.0675,58.5843],[-3.0729,58.5919],[-3.0427,58.5981],[-3.043,58.6037],[-3.0356,58.6103],[-3.0407,58.6141],[-3.0376,58.632],[-3.032,58.6378],[-3.0242,58.6399],[-3.0245,58.6441],[-3.0331,58.6464],[-3.0403,58.6441],[-3.0522,58.6477],[-3.063,58.6441],[-3.1003,58.6467],[-3.1142,58.6422],[-3.128,58.6429],[-3.139,58.639],[-3.1581,58.6373],[-3.1617,58.6382],[-3.1586,58.6408],[-3.165,58.6395],[-3.1721,58.6504],[-3.1758,58.6525],[-3.1791,58.6507],[-3.1893,58.6603],[-3.195,58.6557],[-3.2197,58.6551],[-3.2261,58.6496],[-3.239,58.6495],[-3.2495,58.6544],[-3.2592,58.6517],[-3.2694,58.6539],[-3.3103,58.6431],[-3.3101,58.6464],[-3.3184,58.6477],[-3.3213,58.6461],[-3.3218,58.6487],[-3.3442,58.6467],[-3.3551,58.6642],[-3.3638,58.6699],[-3.377,58.6721],[-3.4027,58.6628],[-3.4134,58.6408],[-3.3945,58.6323],[-3.3739,58.6277],[-3.371,58.6224],[-3.3488,58.6181],[-3.3471,58.6117],[-3.3542,58.6017],[-3.3701,58.5948],[-3.3757,58.5942],[-3.3964,58.603],[-3.4102,58.602],[-3.4225,58.6046],[-3.4308,58.6026],[-3.4345,58.6061],[-3.4294,58.6105],[-3.4505,58.609],[-3.4579,58.6127],[-3.4789,58.6094],[-3.4829,58.6106],[-3.5003,58.605],[-3.5124,58.5978],[-3.5131,58.5994],[-3.5252,58.5969],[-3.543,58.6021],[-3.5518,58.6084],[-3.5464,58.61],[-3.5508,58.6114],[-3.5453,58.6123],[-3.543,58.6101],[-3.545,58.6127],[-3.5403,58.6139],[-3.5399,58.6107],[-3.5352,58.6229],[-3.5571,58.6237],[-3.5807,58.618],[-3.5894,58.6193],[-3.6311,58.6152],[-3.64,58.6152],[-3.6424,58.618],[-3.6483,58.6172],[-3.6536,58.6222],[-3.6726,58.6142],[-3.6728,58.6067],[-3.6776,58.6094],[-3.6942,58.6047],[-3.6971,58.6059],[-3.728,58.5939],[-3.7428,58.5832],[-3.7737,58.5751],[-3.7792,58.5692],[-3.7755,58.5659],[-3.7837,58.5631],[-3.794,58.5654],[-3.7928,58.5724],[-3.8014,58.5736],[-3.8233,58.5671],[-3.8238,58.5671],[-3.8233,58.5686],[-3.8336,58.5674],[-3.8406,58.5689],[-3.8453,58.565],[-3.8541,58.5656],[-3.859,58.5629],[-3.8938,58.5682],[-3.9079,58.564],[-3.9069,58.5589],[-3.9167,58.5589],[-3.9235,58.5628],[-3.9246,58.5687],[-3.9328,58.5711],[-3.9323,58.5735],[-3.9346,58.5706],[-3.9382,58.5726],[-3.9418,58.5716],[-3.9387,58.5701],[-3.943,58.5706],[-3.9449,58.5671],[-3.9504,58.5684],[-3.9496,58.5711],[-3.9532,58.5745],[-3.9523,58.5727],[-3.9574,58.5742],[-3.9698,58.5685],[-3.985,58.5703],[-4.005,58.5643],[-4.0063,58.575],[-4.013,58.5825],[-4.0103,58.5874],[-4.0188,58.6017],[-4.0191,58.5957],[-4.0256,58.5909],[-4.0342,58.5916],[-4.0366,58.5885],[-4.0389,58.5919],[-4.0435,58.5911],[-4.0432,58.5822],[-4.0488,58.5839],[-4.0506,58.5814],[-4.0474,58.5718],[-4.0603,58.5676],[-4.0607,58.5648],[-4.0628,58.5664],[-4.0712,58.5641],[-4.0696,58.5567],[-4.0742,58.5516],[-4.081,58.5524],[-4.0873,58.5617],[-4.0873,58.5578],[-4.0896,58.5595],[-4.0939,58.5567],[-4.0976,58.5626],[-4.1034,58.563],[-4.1052,58.5654],[-4.1035,58.5611],[-4.1102,58.5602],[-4.1154,58.569],[-4.1189,58.5663],[-4.1258,58.5694],[-4.125,58.5663],[-4.1287,58.567],[-4.1329,58.562],[-4.1437,58.5666],[-4.1444,58.565],[-4.1473,58.5662],[-4.149,58.5617],[-4.1528,58.5635],[-4.1566,58.548],[-4.1651,58.5467],[-4.1662,58.5438],[-4.1751,58.5456],[-4.176,58.541],[-4.1848,58.5464],[-4.1907,58.5447],[-4.1913,58.5476],[-4.1956,58.5464],[-4.1975,58.5493],[-4.2007,58.5485],[-4.2016,58.5529],[-4.2143,58.5512],[-4.21,58.5411],[-4.2203,58.5402],[-4.2093,58.5339],[-4.2104,58.5318],[-4.2232,58.532],[-4.225,58.5347],[-4.233,58.5346],[-4.2399,58.5377],[-4.2416,58.5337],[-4.2165,58.5105],[-4.2216,58.5139],[-4.2288,58.5144],[-4.2301,58.5207],[-4.2394,58.5222],[-4.2383,58.5262],[-4.2619,58.5258],[-4.266,58.5179],[-4.2668,58.5229],[-4.2728,58.5262],[-4.261,58.5296],[-4.2627,58.533],[-4.2715,58.5383],[-4.2806,58.5385],[-4.2816,58.5408],[-4.2905,58.5394],[-4.2991,58.5432],[-4.3027,58.541],[-4.3059,58.5431],[-4.3152,58.5402],[-4.3201,58.5419],[-4.3186,58.5374],[-4.3302,58.5423],[-4.3311,58.5385],[-4.3366,58.5415],[-4.3509,58.5387],[-4.364,58.5313],[-4.3749,58.5187],[-4.3767,58.5205],[-4.3832,58.5105],[-4.3965,58.5094],[-4.4206,58.4934],[-4.4368,58.4922],[-4.4297,58.4922],[-4.4244,58.4884],[-4.4229,58.482],[-4.4308,58.4786],[-4.4232,58.4739],[-4.4329,58.4774],[-4.437,58.4762],[-4.4446,58.4657],[-4.4547,58.4613],[-4.4579,58.4555],[-4.4765,58.442],[-4.4753,58.4471],[-4.4806,58.4495],[-4.4672,58.4577],[-4.4625,58.475],[-4.4517,58.4852],[-4.4561,58.4944],[-4.4499,58.4966],[-4.4471,58.5029],[-4.4386,58.5048],[-4.4334,58.5098],[-4.4253,58.5106],[-4.4249,58.5132],[-4.4092,58.5218],[-4.4128,58.5253],[-4.4212,58.5245],[-4.43,58.5295],[-4.4292,58.5329],[-4.4248,58.5328],[-4.4242,58.5382],[-4.4286,58.5418],[-4.4249,58.55],[-4.4278,58.5517],[-4.434,58.5503],[-4.432,58.5536],[-4.437,58.5563],[-4.4429,58.5516],[-4.4464,58.5531],[-4.4502,58.549],[-4.4566,58.5483],[-4.4516,58.5554],[-4.4564,58.5576],[-4.4566,58.5615],[-4.4928,58.5679],[-4.4985,58.5758],[-4.5142,58.5787],[-4.5244,58.5771],[-4.5268,58.58],[-4.5333,58.579],[-4.5354,58.5814],[-4.5391,58.5788],[-4.5428,58.5815],[-4.5454,58.5783],[-4.5527,58.577],[-4.5584,58.5789],[-4.5711,58.5758],[-4.5766,58.5804],[-4.5895,58.578],[-4.5917,58.5763],[-4.5883,58.5747],[-4.5996,58.57],[-4.5948,58.5636],[-4.6043,58.5547],[-4.5951,58.547],[-4.5932,58.5345],[-4.6011,58.5331],[-4.6023,58.527],[-4.6127,58.5226],[-4.6143,58.5145],[-4.619,58.5135],[-4.6161,58.5197],[-4.619,58.5239],[-4.6271,58.5238],[-4.6344,58.5201],[-4.643,58.5203],[-4.6614,58.5069],[-4.6616,58.4984],[-4.6687,58.4984],[-4.6693,58.4958],[-4.6651,58.4978],[-4.6608,58.4959],[-4.6634,58.4829],[-4.6741,58.4837],[-4.6846,58.4773],[-4.6946,58.4779],[-4.7004,58.4685],[-4.7162,58.4629],[-4.7229,58.4643],[-4.7364,58.447],[-4.7458,58.4493],[-4.7451,58.4474],[-4.7524,58.4451],[-4.7468,58.4495],[-4.7611,58.4494],[-4.7517,58.4526],[-4.7527,58.4596],[-4.745,58.4579],[-4.7467,58.463],[-4.7291,58.4754],[-4.7117,58.4968],[-4.7014,58.5032],[-4.6945,58.5042],[-4.6928,58.5105],[-4.6878,58.5128],[-4.6858,58.5115],[-4.67,58.5261],[-4.663,58.525],[-4.6532,58.5328],[-4.6545,58.5443],[-4.6637,58.5488],[-4.6591,58.5481],[-4.6537,58.5512],[-4.6576,58.5524],[-4.6588,58.5498],[-4.6633,58.5528],[-4.6674,58.5499],[-4.6715,58.5517],[-4.6764,58.5493],[-4.6815,58.5522],[-4.6786,58.5535],[-4.6856,58.5559],[-4.7031,58.556],[-4.7101,58.5609],[-4.7046,58.5665],[-4.7126,58.5668],[-4.7155,58.5691],[-4.7201,58.564],[-4.7177,58.5704],[-4.7265,58.5705],[-4.7346,58.5662],[-4.7452,58.5757],[-4.7406,58.5802],[-4.7425,58.5841],[-4.7534,58.5826],[-4.7575,58.5889],[-4.7632,58.5879],[-4.7667,58.5905],[-4.765,58.5975],[-4.7711,58.6013],[-4.7681,58.6052],[-4.7747,58.6046],[-4.7798,58.6001],[-4.7918,58.6008],[-4.7872,58.5953],[-4.7795,58.5944],[-4.7696,58.5872],[-4.7663,58.5791],[-4.7681,58.5766],[-4.7798,58.5781],[-4.7978,58.5759],[-4.8059,58.5624],[-4.7899,58.5529],[-4.7782,58.5512],[-4.7783,58.5473],[-4.7821,58.5398],[-4.7887,58.5375],[-4.7983,58.5276],[-4.7978,58.5237],[-4.8037,58.5253],[-4.809,58.5208],[-4.8095,58.5144],[-4.8135,58.5228],[-4.8112,58.5267],[-4.8312,58.5225],[-4.8219,58.5246],[-4.8173,58.5313],[-4.7963,58.5405],[-4.7931,58.5464],[-4.7981,58.5511],[-4.812,58.555],[-4.8207,58.5631],[-4.8168,58.5715],[-4.8232,58.5709],[-4.8181,58.5788],[-4.8224,58.5802],[-4.8161,58.5887],[-4.8287,58.5944],[-4.8246,58.597],[-4.8416,58.6019],[-4.8468,58.5985],[-4.8778,58.6148],[-4.8938,58.6123],[-4.9354,58.6171],[-4.9436,58.6092],[-4.957,58.6098],[-4.9585,58.6139],[-4.9721,58.6162],[-4.9776,58.6152],[-4.9757,58.6175],[-4.9803,58.62],[-4.9849,58.6194],[-4.9851,58.6218],[-4.9902,58.6217],[-4.9969,58.6268],[-5.0016,58.6254],[-5.0028,58.6271],[-5.0113,58.6225],[-5.0163,58.6148],[-5.0086,58.6077],[-5.0148,58.6066],[-5.0129,58.6039],[-5.0166,58.6012],[-5.0114,58.5991],[-5.0104,58.5927],[-5.0111,58.5906],[-5.02,58.5889],[-5.0217,58.5864],[-5.0166,58.5833],[-5.0218,58.5792],[-5.014,58.5777],[-5.0284,58.5719],[-5.0279,58.5691],[-5.0337,58.5686],[-5.0306,58.5619],[-5.0378,58.5589],[-5.0397,58.5517],[-5.0524,58.5423],[-5.0706,58.5356],[-5.0913,58.5372],[-5.0909,58.5341],[-5.0983,58.5286],[-5.1056,58.5296],[-5.1068,58.5224],[-5.1138,58.5217],[-5.1183,58.5159],[-5.1199,58.5103],[-5.116,58.5069],[-5.1221,58.4996],[-5.1189,58.4951],[-5.1202,58.4964],[-5.1254,58.4938],[-5.1261,58.4889],[-5.121,58.49],[-5.121,58.4849],[-5.1131,58.4838],[-5.1148,58.4785],[-5.1075,58.4824],[-5.1032,58.481],[-5.1057,58.4785],[-5.0984,58.4785],[-5.1026,58.4753],[-5.0964,58.4789],[-5.0902,58.4784],[-5.087,58.4767],[-5.0896,58.4752],[-5.0858,58.4751],[-5.09,58.4704],[-5.0676,58.463],[-5.056,58.4639],[-5.0553,58.4597],[-5.0652,58.4609],[-5.078,58.4571],[-5.0482,58.4538],[-5.0505,58.4584],[-5.045,58.4543],[-5.0162,58.4525],[-5.0083,58.4496],[-5.0199,58.4508],[-5.0156,58.4451],[-4.9911,58.4401],[-5.0011,58.436],[-4.9884,58.4266],[-4.993,58.4231],[-5.0336,58.4492],[-5.0485,58.4513],[-5.0572,58.4487],[-5.0621,58.4521],[-5.0693,58.4503],[-5.075,58.4518],[-5.0792,58.4502],[-5.0773,58.4486],[-5.0613,58.4488],[-5.0648,58.4459],[-5.081,58.4477],[-5.0871,58.446],[-5.1012,58.4403],[-5.083,58.4375],[-5.0915,58.4365],[-5.0913,58.4382],[-5.1029,58.4387],[-5.1021,58.4359],[-5.1095,58.4358],[-5.1085,58.4311],[-5.1178,58.4283],[-5.111,58.4279],[-5.1127,58.4226],[-5.1101,58.4225],[-5.1027,58.4263],[-5.1056,58.4223],[-5.0915,58.4238],[-5.0943,58.4222],[-5.0898,58.4221],[-5.0901,58.4201],[-5.0788,58.4203],[-5.0804,58.4179],[-5.0725,58.4154],[-5.0884,58.4173],[-5.1051,58.4148],[-5.1113,58.416],[-5.1137,58.4134],[-5.1102,58.4108],[-5.1005,58.4109],[-5.0947,58.407],[-5.0673,58.4086],[-5.0667,58.4148],[-5.047,58.4153],[-5.0455,58.4116],[-5.0316,58.4104],[-5.0365,58.4082],[-5.0522,58.4115],[-5.071,58.402],[-5.059,58.4053],[-5.054,58.4045],[-5.0629,58.3977],[-5.0553,58.3971],[-5.0543,58.3952],[-5.0432,58.3955],[-5.0433,58.3928],[-5.0324,58.3928],[-5.0445,58.3863],[-5.0197,58.3769],[-5.0222,58.3766],[-5.0351,58.3788],[-5.0364,58.3732],[-5.0447,58.3732],[-5.0454,58.38],[-5.039,58.3788],[-5.0405,58.3768],[-5.0368,58.3809],[-5.0464,58.3842],[-5.0463,58.3821],[-5.049,58.3835],[-5.0575,58.3814],[-5.0588,58.3847],[-5.068,58.382],[-5.0639,58.3898],[-5.0684,58.3906],[-5.0701,58.3874],[-5.0751,58.3876],[-5.0769,58.3911],[-5.0776,58.3926],[-5.0784,58.394],[-5.0935,58.3887],[-5.0898,58.394],[-5.1098,58.3984],[-5.1163,58.3959],[-5.1198,58.3987],[-5.1146,58.4],[-5.128,58.405],[-5.1319,58.4117],[-5.1424,58.4123],[-5.1382,58.4097],[-5.1475,58.4108],[-5.1438,58.4076],[-5.1478,58.4079],[-5.1458,58.4066],[-5.1519,58.4047],[-5.147,58.4033],[-5.1522,58.4024],[-5.1496,58.4003],[-5.1535,58.4008],[-5.1532,58.3978],[-5.1492,58.3979],[-5.1495,58.3915],[-5.1427,58.3886],[-5.1444,58.3853],[-5.1481,58.3857],[-5.1586,58.3758],[-5.1663,58.373],[-5.1709,58.3631],[-5.176,58.362],[-5.1652,58.3601],[-5.166,58.3577],[-5.1548,58.3529],[-5.1625,58.351],[-5.1637,58.3536],[-5.1731,58.3528],[-5.1753,58.3549],[-5.1831,58.3511],[-5.1749,58.3508],[-5.1793,58.3462],[-5.1673,58.3435],[-5.1677,58.3411],[-5.1758,58.3411],[-5.1726,58.338],[-5.1703,58.3393],[-5.1698,58.3363],[-5.165,58.3376],[-5.1585,58.3353],[-5.1684,58.3304],[-5.1695,58.3254],[-5.1656,58.3243],[-5.1695,58.3219],[-5.159,58.3206],[-5.1626,58.3183],[-5.1537,58.3192],[-5.1484,58.3221],[-5.1553,58.323],[-5.1486,58.324],[-5.1467,58.3274],[-5.1364,58.3271],[-5.1374,58.3232],[-5.1285,58.3197],[-5.1337,58.3206],[-5.1447,58.3165],[-5.1472,58.3117],[-5.1367,58.3105],[-5.1342,58.3082],[-5.1273,58.3106],[-5.1328,58.3068],[-5.1415,58.3069],[-5.1444,58.3039],[-5.1416,58.3021],[-5.1461,58.3031],[-5.1481,58.3008],[-5.1452,58.2986],[-5.1392,58.3004],[-5.1346,58.2981],[-5.1407,58.2941],[-5.1396,58.291],[-5.1314,58.2938],[-5.121,58.2936],[-5.1271,58.2901],[-5.1211,58.2875],[-5.1201,58.2834],[-5.1254,58.2825],[-5.1331,58.2883],[-5.1374,58.2861],[-5.1387,58.2803],[-5.1342,58.2778],[-5.1253,58.2796],[-5.1252,58.2822],[-5.1167,58.2797],[-5.1082,58.2828],[-5.1143,58.2794],[-5.1025,58.2785],[-5.104,58.2768],[-5.1112,58.2778],[-5.1089,58.2746],[-5.1025,58.2761],[-5.0822,58.2639],[-5.0686,58.2621],[-5.064,58.2593],[-5.0581,58.2603],[-5.0564,58.2575],[-5.0414,58.261],[-5.0295,58.2555],[-5.0225,58.2591],[-5.029,58.2607],[-5.0327,58.2573],[-5.0376,58.26],[-5.0275,58.2635],[-5.0275,58.2611],[-5.0198,58.26],[-5.0176,58.2612],[-5.0257,58.2633],[-5.0225,58.2641],[-5.0079,58.2641],[-4.9921,58.2588],[-4.9849,58.26],[-4.9703,58.2569],[-4.9421,58.26],[-4.9235,58.2575],[-4.9225,58.2552],[-4.9493,58.2534],[-4.9825,58.2549],[-4.9948,58.2506],[-4.9864,58.2443],[-4.9672,58.2394],[-4.9473,58.2307],[-4.9489,58.226],[-4.937,58.2226],[-4.9391,58.2184],[-4.9358,58.2139],[-4.9556,58.2261],[-4.9776,58.2276],[-4.9904,58.2381],[-5.0031,58.2409],[-5.0072,58.2549],[-5.0132,58.2559],[-5.0194,58.2539],[-5.0193,58.2578],[-5.0282,58.2535],[-5.0237,58.2498],[-5.0392,58.2478],[-5.0501,58.2516],[-5.0565,58.2465],[-5.077,58.252],[-5.105,58.2641],[-5.1023,58.266],[-5.1089,58.2701],[-5.12,58.2696],[-5.1139,58.2673],[-5.1186,58.2652],[-5.1228,58.2673],[-5.1335,58.2665],[-5.1309,58.2648],[-5.1262,58.2659],[-5.133,58.2604],[-5.1224,58.2594],[-5.1206,58.2578],[-5.1202,58.2475],[-5.1299,58.2517],[-5.1244,58.255],[-5.1283,58.2559],[-5.126,58.2591],[-5.1293,58.256],[-5.1314,58.2564],[-5.1351,58.2602],[-5.1414,58.2605],[-5.154,58.2529],[-5.1619,58.2598],[-5.1657,58.2584],[-5.1728,58.248],[-5.1681,58.2441],[-5.1732,58.2416],[-5.1579,58.2331],[-5.1736,58.238],[-5.1768,58.2469],[-5.1829,58.2472],[-5.1807,58.2511],[-5.1854,58.252],[-5.1879,58.249],[-5.2036,58.2465],[-5.2139,58.25],[-5.2117,58.2534],[-5.2181,58.256],[-5.2299,58.249],[-5.2299,58.2452],[-5.2346,58.247],[-5.2329,58.2504],[-5.2281,58.2511],[-5.2314,58.2531],[-5.2393,58.2533],[-5.2367,58.2513],[-5.2398,58.2489],[-5.2503,58.2506],[-5.2523,58.2466],[-5.2597,58.2473],[-5.2613,58.2434],[-5.2716,58.2441],[-5.2757,58.2386],[-5.2894,58.2369],[-5.295,58.2339],[-5.2929,58.2314],[-5.3104,58.2242],[-5.313,58.2337],[-5.3209,58.2363],[-5.3184,58.2391],[-5.3251,58.2417],[-5.3324,58.2402],[-5.3434,58.2427],[-5.3374,58.2518],[-5.3679,58.2513],[-5.3715,58.2592],[-5.3749,58.2592],[-5.3731,58.2644],[-5.3759,58.2642],[-5.3875,58.2552],[-5.393,58.2552],[-5.3977,58.2514],[-5.3959,58.2443],[-5.4037,58.2402],[-5.4046,58.2358],[-5.3815,58.2303],[-5.3694,58.2202],[-5.3611,58.2174],[-5.3588,58.2031],[-5.3395,58.1994],[-5.3445,58.1923],[-5.3429,58.1895],[-5.3389,58.1907],[-5.3352,58.1889],[-5.3393,58.1855],[-5.3317,58.1843],[-5.3322,58.1805],[-5.3164,58.1818],[-5.3157,58.1811],[-5.3186,58.1809],[-5.3123,58.1772],[-5.3041,58.1757],[-5.3069,58.1699],[-5.318,58.17],[-5.3134,58.169],[-5.3153,58.1677],[-5.3098,58.1679],[-5.3098,58.1623],[-5.2993,58.1659],[-5.2957,58.1657],[-5.2956,58.164],[-5.291,58.1672],[-5.2799,58.1668],[-5.2729,58.1695],[-5.2741,58.1674],[-5.2839,58.164],[-5.3013,58.1629],[-5.3081,58.154],[-5.3006,58.1539],[-5.2962,58.1505],[-5.2836,58.1541],[-5.2786,58.1484],[-5.2644,58.1476],[-5.2521,58.1535],[-5.2496,58.1518],[-5.2376,58.1555],[-5.2416,58.1511],[-5.2395,58.1466],[-5.2512,58.1488],[-5.2514,58.1421],[-5.2632,58.1419],[-5.2583,58.1376],[-5.2696,58.139],[-5.273,58.1361],[-5.2867,58.1377],[-5.2895,58.1401],[-5.2989,58.1377],[-5.2924,58.1365],[-5.2836,58.1256],[-5.2662,58.1258],[-5.2622,58.1211],[-5.2786,58.1225],[-5.2869,58.1203],[-5.2894,58.1222],[-5.303,58.1197],[-5.295,58.1135],[-5.2792,58.1146],[-5.2858,58.1077],[-5.2804,58.1084],[-5.2773,58.1058],[-5.2748,58.1089],[-5.2673,58.1021],[-5.2782,58.103],[-5.2784,58.1001],[-5.2709,58.1013],[-5.2759,58.0954],[-5.282,58.0948],[-5.2736,58.0918],[-5.2816,58.0912],[-5.2752,58.0845],[-5.278,58.0835],[-5.2829,58.0864],[-5.2889,58.0787],[-5.2806,58.0737],[-5.2928,58.074],[-5.2926,58.0706],[-5.2998,58.0695],[-5.3006,58.0642],[-5.3097,58.0661],[-5.308,58.0691],[-5.3252,58.0686],[-5.3297,58.0757],[-5.339,58.0803],[-5.3395,58.0766],[-5.3519,58.0786],[-5.3575,58.0681],[-5.3531,58.0594],[-5.3571,58.0576],[-5.3677,58.0758],[-5.3742,58.076],[-5.3806,58.0806],[-5.3806,58.0874],[-5.3828,58.0857],[-5.3902,58.0874],[-5.4006,58.0968],[-5.4098,58.0989],[-5.4107,58.1022],[-5.4223,58.1034],[-5.4216,58.1054],[-5.4265,58.1063],[-5.4375,58.1045],[-5.4375,58.0966],[-5.4466,58.0974],[-5.455,58.0838],[-5.4486,58.0829],[-5.4471,58.08],[-5.4582,58.0774],[-5.4586,58.0744],[-5.4561,58.0699],[-5.4509,58.0709],[-5.4443,58.0618],[-5.4264,58.0588],[-5.4125,58.0528],[-5.4209,58.0469],[-5.4147,58.0451],[-5.4222,58.0436],[-5.4252,58.0401],[-5.4185,58.035],[-5.4202,58.0328],[-5.4094,58.0343],[-5.3873,58.0286],[-5.3716,58.0315],[-5.3575,58.0264],[-5.3477,58.0138],[-5.3562,58.0067],[-5.3313,58.0067],[-5.3201,57.9939],[-5.3078,57.9884],[-5.3076,57.9853],[-5.3133,57.9829],[-5.3107,57.9791],[-5.2462,57.9709],[-5.2407,57.9623],[-5.2279,57.961],[-5.226,57.9578],[-5.1922,57.9575],[-5.191,57.9513],[-5.1948,57.9494],[-5.1915,57.9477],[-5.1964,57.9455],[-5.1926,57.9442],[-5.1857,57.9453],[-5.1806,57.9543],[-5.1785,57.9531],[-5.1746,57.9561],[-5.1807,57.9468],[-5.1772,57.9438],[-5.1794,57.941],[-5.1899,57.9359],[-5.1986,57.9362],[-5.1996,57.9288],[-5.2166,57.9291],[-5.2238,57.9248],[-5.2056,57.9193],[-5.1945,57.9109],[-5.1799,57.9074],[-5.1719,57.9014],[-5.1677,57.9018],[-5.1659,57.8932],[-5.152,57.8965],[-5.1375,57.8882],[-5.1318,57.8794],[-5.1205,57.8789],[-5.1031,57.8721],[-5.0944,57.8647],[-5.0958,57.8613],[-5.0806,57.8509],[-5.0834,57.8475],[-5.0654,57.8268],[-5.0753,57.8198],[-5.099,57.8428],[-5.1202,57.8705],[-5.1282,57.872],[-5.1279,57.8746],[-5.151,57.8752],[-5.157,57.8805],[-5.1674,57.8827],[-5.1667,57.8855],[-5.1875,57.89],[-5.1976,57.898],[-5.208,57.9009],[-5.2173,57.9094],[-5.2326,57.9136],[-5.2424,57.9129],[-5.2366,57.9159],[-5.239,57.9177],[-5.2591,57.9172],[-5.2826,57.9116],[-5.3156,57.9107],[-5.3314,57.9148],[-5.3346,57.9187],[-5.3387,57.9182],[-5.3487,57.9256],[-5.3556,57.9268],[-5.3513,57.9327],[-5.3607,57.9391],[-5.3725,57.9373],[-5.3687,57.9323],[-5.3718,57.9298],[-5.3778,57.9321],[-5.3862,57.9307],[-5.3985,57.9335],[-5.4049,57.9307],[-5.4066,57.9277],[-5.3943,57.9207],[-5.3945,57.9129],[-5.3834,57.9092],[-5.3782,57.9105],[-5.3396,57.9066],[-5.3177,57.8923],[-5.3142,57.8823],[-5.3073,57.8771],[-5.2439,57.8659],[-5.2418,57.8567],[-5.2198,57.8479],[-5.2251,57.8428],[-5.2594,57.8496],[-5.2666,57.8539],[-5.2926,57.856],[-5.3244,57.8652],[-5.3326,57.8706],[-5.3367,57.8791],[-5.3492,57.886],[-5.3898,57.8992],[-5.3975,57.9048],[-5.414,57.9045],[-5.4224,57.9092],[-5.4314,57.9028],[-5.4334,57.8949],[-5.4384,57.8938],[-5.437,57.8891],[-5.4405,57.8868],[-5.4319,57.8832],[-5.4432,57.8781],[-5.4416,57.8699],[-5.4476,57.8714],[-5.4465,57.8697],[-5.4544,57.8691],[-5.4551,57.8628],[-5.4612,57.863],[-5.4595,57.8617],[-5.4521,57.8617],[-5.4523,57.8529],[-5.4547,57.851],[-5.4689,57.8528],[-5.4748,57.8583],[-5.4865,57.8576],[-5.4881,57.8613],[-5.5081,57.8616],[-5.5166,57.8654],[-5.536,57.8673],[-5.5402,57.8696],[-5.5394,57.8751],[-5.5501,57.882],[-5.5533,57.8905],[-5.5482,57.8992],[-5.5522,57.9],[-5.552,57.9026],[-5.5539,57.9003],[-5.5598,57.9021],[-5.5515,57.9128],[-5.5592,57.9133],[-5.5618,57.9186],[-5.5716,57.9154],[-5.5755,57.9108],[-5.5724,57.9174],[-5.5797,57.913],[-5.5809,57.9196],[-5.5912,57.9176],[-5.5917,57.9215],[-5.596,57.9205],[-5.6031,57.9247],[-5.6201,57.9242],[-5.6225,57.9194],[-5.6348,57.9143],[-5.6454,57.9034],[-5.6448,57.8961],[-5.6566,57.8894],[-5.643,57.8839],[-5.6537,57.882],[-5.656,57.8783],[-5.6449,57.8708],[-5.6475,57.8662],[-5.6387,57.863],[-5.6431,57.8551],[-5.6343,57.857],[-5.6299,57.8538],[-5.6261,57.8555],[-5.6081,57.8515],[-5.5989,57.8467],[-5.6013,57.8417],[-5.5958,57.8382],[-5.5943,57.8414],[-5.5838,57.8397],[-5.5809,57.8297],[-5.5839,57.8151],[-5.5977,57.8019],[-5.5935,57.7988],[-5.5805,57.7989],[-5.5776,57.7928],[-5.5821,57.7896],[-5.6047,57.7871],[-5.6057,57.7899],[-5.5985,57.7917],[-5.6019,57.7955],[-5.6086,57.7964],[-5.6218,57.7901],[-5.6224,57.7879],[-5.6143,57.7862],[-5.6052,57.7771],[-5.609,57.7758],[-5.599,57.7751],[-5.5962,57.7719],[-5.6038,57.7661],[-5.6083,57.7682],[-5.6194,57.7664],[-5.6684,57.7999],[-5.6637,57.8105],[-5.6675,57.8139],[-5.6611,57.8228],[-5.6636,57.8265],[-5.67,57.8279],[-5.6676,57.8324],[-5.6765,57.8295],[-5.6804,57.8314],[-5.6777,57.833],[-5.6814,57.8317],[-5.684,57.8339],[-5.6801,57.8428],[-5.6925,57.8438],[-5.6937,57.8502],[-5.6878,57.8518],[-5.6921,57.8545],[-5.6833,57.8652],[-5.6944,57.8683],[-5.6986,57.8674],[-5.7003,57.8707],[-5.716,57.8684],[-5.7242,57.872],[-5.7305,57.8659],[-5.739,57.8654],[-5.7609,57.8702],[-5.7795,57.8589],[-5.7925,57.8585],[-5.796,57.8609],[-5.8077,57.8614],[-5.8131,57.8593],[-5.8148,57.8544],[-5.8086,57.8409],[-5.8163,57.8322],[-5.8128,57.8285],[-5.8137,57.8181],[-5.8014,57.7936],[-5.8019,57.7833],[-5.8105,57.7694],[-5.8039,57.7623],[-5.812,57.7555],[-5.8129,57.7499],[-5.8055,57.7457],[-5.785,57.7446],[-5.7729,57.7409],[-5.7597,57.7313],[-5.6967,57.7301],[-5.6856,57.7177],[-5.6936,57.7116],[-5.6902,57.7099],[-5.6782,57.7127],[-5.682,57.7093],[-5.675,57.7013],[-5.6717,57.7015],[-5.6782,57.699],[-5.6824,57.701],[-5.6879,57.6991],[-5.679,57.6907],[-5.6837,57.689],[-5.6916,57.6907],[-5.6954,57.6966],[-5.7027,57.6951],[-5.7077,57.6995],[-5.719,57.7008],[-5.7224,57.698],[-5.7306,57.6986],[-5.7246,57.703],[-5.7265,57.706],[-5.7378,57.7083],[-5.7598,57.7067],[-5.7734,57.6971],[-5.7895,57.6974],[-5.7916,57.6897],[-5.7872,57.6839],[-5.8117,57.6609],[-5.8093,57.6527],[-5.8124,57.6499],[-5.8175,57.65],[-5.8194,57.6397],[-5.8136,57.6369],[-5.8005,57.6407],[-5.7718,57.6323],[-5.7554,57.6234],[-5.7332,57.6066],[-5.7367,57.597],[-5.7276,57.5854],[-5.7062,57.5786],[-5.6857,57.5769],[-5.682,57.5674],[-5.6883,57.5662],[-5.6909,57.5696],[-5.6977,57.5691],[-5.7017,57.5721],[-5.7042,57.564],[-5.7008,57.562],[-5.6926,57.5633],[-5.691,57.5598],[-5.6861,57.5593],[-5.6851,57.5546],[-5.6813,57.5559],[-5.6704,57.5531],[-5.6667,57.5503],[-5.6687,57.5456],[-5.6512,57.5525],[-5.6364,57.5501],[-5.6349,57.5562],[-5.6138,57.5524],[-5.6038,57.5563],[-5.5924,57.5569],[-5.5716,57.5527],[-5.5493,57.5542],[-5.5188,57.5497],[-5.5235,57.5457],[-5.5163,57.5465],[-5.5136,57.5409],[-5.5193,57.5387],[-5.5207,57.531],[-5.5284,57.5317],[-5.5335,57.5293],[-5.5435,57.5316],[-5.5436,57.5342],[-5.5566,57.5349],[-5.5571,57.5376],[-5.5609,57.5366],[-5.5622,57.5383],[-5.559,57.5329],[-5.5648,57.531],[-5.5713,57.5368],[-5.5771,57.5361],[-5.5733,57.5289],[-5.5804,57.5345],[-5.5811,57.5324],[-5.5867,57.5342],[-5.598,57.5293],[-5.6058,57.5359],[-5.6157,57.5283],[-5.6223,57.5298],[-5.6219,57.5322],[-5.6257,57.531],[-5.6186,57.5253],[-5.621,57.5209],[-5.6331,57.5225],[-5.6295,57.5327],[-5.6364,57.5365],[-5.646,57.5358],[-5.646,57.5419],[-5.6569,57.5423],[-5.6597,57.5406],[-5.6497,57.5262],[-5.6521,57.5204],[-5.6451,57.5131],[-5.6496,57.509],[-5.6549,57.5149],[-5.6644,57.5159],[-5.6641,57.5194],[-5.6735,57.5268],[-5.6857,57.5263],[-5.699,57.5314],[-5.6996,57.5412],[-5.7048,57.5445],[-5.6985,57.5428],[-5.6983,57.5471],[-5.7075,57.5559],[-5.7135,57.5564],[-5.7171,57.5519],[-5.7094,57.547],[-5.7135,57.5464],[-5.7066,57.5398],[-5.7122,57.5438],[-5.7271,57.5477],[-5.7416,57.5434],[-5.7494,57.5505],[-5.7413,57.5516],[-5.7431,57.5539],[-5.7579,57.5572],[-5.7557,57.56],[-5.7613,57.5617],[-5.7679,57.5593],[-5.7695,57.5649],[-5.7743,57.5649],[-5.7763,57.5685],[-5.7782,57.5663],[-5.7818,57.567],[-5.7824,57.5741],[-5.7852,57.5721],[-5.7866,57.5744],[-5.7931,57.5734],[-5.7957,57.5761],[-5.7986,57.5743],[-5.7991,57.5795],[-5.8066,57.5798],[-5.8119,57.5859],[-5.8233,57.5818],[-5.8221,57.5799],[-5.8172,57.581],[-5.8202,57.5773],[-5.8262,57.5768],[-5.8316,57.5803],[-5.8414,57.5762],[-5.836,57.5596],[-5.8396,57.557],[-5.8432,57.5619],[-5.8496,57.5634],[-5.8499,57.5578],[-5.8455,57.5554],[-5.847,57.5522],[-5.8544,57.5499],[-5.8542,57.5267],[-5.8705,57.5032],[-5.8685,57.4811],[-5.8731,57.4752],[-5.871,57.4703],[-5.8637,57.4704],[-5.8608,57.4497],[-5.854,57.4424],[-5.8426,57.4407],[-5.8172,57.4437],[-5.8097,57.4422],[-5.8061,57.4383],[-5.8216,57.4274],[-5.8254,57.414],[-5.8248,57.4114],[-5.8202,57.4124],[-5.8156,57.4067],[-5.8109,57.406],[-5.8073,57.399],[-5.8117,57.398],[-5.8061,57.3914],[-5.8206,57.4016],[-5.8192,57.3885],[-5.8234,57.3857],[-5.8248,57.3905],[-5.8304,57.3921],[-5.8314,57.3906],[-5.8267,57.3847],[-5.8292,57.3798],[-5.8237,57.3743],[-5.8214,57.3606],[-5.8131,57.3623],[-5.816,57.3701],[-5.8076,57.3773],[-5.8046,57.3585],[-5.7992,57.3571],[-5.7955,57.3512],[-5.7899,57.3503],[-5.7887,57.3464],[-5.7482,57.3505],[-5.7302,57.3547],[-5.6888,57.3783],[-5.6815,57.3783],[-5.6683,57.3824],[-5.659,57.3885],[-5.6415,57.3912],[-5.633,57.3975],[-5.6249,57.3979],[-5.6242,57.405],[-5.6173,57.408],[-5.6086,57.4193],[-5.6064,57.4119],[-5.615,57.3997],[-5.6067,57.3985],[-5.6036,57.3952],[-5.5984,57.3955],[-5.5945,57.3905],[-5.5968,57.388],[-5.61,57.3855],[-5.6098,57.3836],[-5.6338,57.3802],[-5.6398,57.3754],[-5.6358,57.3664],[-5.5992,57.3652],[-5.6133,57.3591],[-5.6018,57.3552],[-5.5812,57.3595],[-5.5663,57.3578],[-5.5567,57.3599],[-5.5574,57.3575],[-5.5519,57.3582],[-5.552,57.3615],[-5.5195,57.3794],[-5.518,57.3832],[-5.506,57.388],[-5.4986,57.3881],[-5.5078,57.389],[-5.5056,57.3937],[-5.4797,57.4035],[-5.4665,57.4186],[-5.4488,57.4247],[-5.4499,57.4206],[-5.4421,57.4227],[-5.4421,57.4223],[-5.4425,57.4221],[-5.4456,57.4216],[-5.4464,57.4207],[-5.4399,57.42],[-5.4416,57.4155],[-5.4376,57.4162],[-5.4406,57.4139],[-5.436,57.4152],[-5.453,57.405],[-5.4591,57.3939],[-5.4561,57.3959],[-5.4571,57.3912],[-5.4947,57.3747],[-5.5059,57.3651],[-5.5341,57.3531],[-5.5782,57.3537],[-5.5866,57.3491],[-5.5852,57.3442],[-5.6001,57.3435],[-5.6204,57.3372],[-5.6219,57.3389],[-5.636,57.3388],[-5.6373,57.3357],[-5.6498,57.3345],[-5.6613,57.3348],[-5.6545,57.3353],[-5.6504,57.3397],[-5.646,57.34],[-5.6448,57.3419],[-5.6489,57.3422],[-5.6429,57.3441],[-5.6449,57.3461],[-5.6529,57.3439],[-5.6594,57.3455],[-5.6574,57.342],[-5.6619,57.34],[-5.6804,57.3391],[-5.6817,57.3417],[-5.6858,57.3415],[-5.6846,57.3363],[-5.681,57.3383],[-5.6776,57.3352],[-5.6825,57.3336],[-5.6838,57.3291],[-5.6725,57.3263],[-5.6884,57.3227],[-5.6972,57.3267],[-5.702,57.3241],[-5.7027,57.3174],[-5.7099,57.3186],[-5.7128,57.3163],[-5.715,57.3182],[-5.7135,57.3158],[-5.7229,57.3113],[-5.7189,57.3105],[-5.7246,57.3089],[-5.7271,57.3045],[-5.718,57.3027],[-5.7191,57.3041],[-5.7201,57.3042],[-5.7169,57.3044],[-5.717,57.3025],[-5.7298,57.2965],[-5.7182,57.2835],[-5.7274,57.2855],[-5.7341,57.2836],[-5.7325,57.2811],[-5.7143,57.2792],[-5.692,57.2827],[-5.6776,57.2806],[-5.6633,57.2817],[-5.6469,57.2866],[-5.6389,57.2823],[-5.627,57.2821],[-5.6199,57.2744],[-5.5984,57.2783],[-5.5932,57.2708],[-5.5786,57.275],[-5.5773,57.2727],[-5.5716,57.2735],[-5.5596,57.28],[-5.5615,57.2776],[-5.5501,57.2766],[-5.5377,57.2809],[-5.5263,57.2811],[-5.52,57.277],[-5.519,57.2837],[-5.5127,57.2883],[-5.517,57.2894],[-5.4989,57.2929],[-5.4886,57.3001],[-5.4904,57.3061],[-5.484,57.3104],[-5.4736,57.3138],[-5.4692,57.3123],[-5.4649,57.3157],[-5.4461,57.3164],[-5.4414,57.3147],[-5.4441,57.3115],[-5.4677,57.3084],[-5.4724,57.3098],[-5.4854,57.3066],[-5.4862,57.2972],[-5.494,57.2938],[-5.4974,57.2884],[-5.5151,57.2819],[-5.5149,57.2743],[-5.4996,57.2624],[-5.4801,57.2557],[-5.4621,57.2415],[-5.4503,57.2373],[-5.4186,57.2327],[-5.4159,57.2293],[-5.3968,57.2366],[-5.3967,57.2349],[-5.3922,57.2356],[-5.3988,57.2339],[-5.3947,57.2342],[-5.3984,57.2334],[-5.3927,57.2314],[-5.4039,57.2284],[-5.4039,57.2319],[-5.4078,57.2257],[-5.4185,57.2228],[-5.4193,57.2181],[-5.4272,57.2168],[-5.4231,57.2137],[-5.4254,57.2139],[-5.4276,57.2148],[-5.4267,57.213],[-5.433,57.2122],[-5.4469,57.2225],[-5.4813,57.2359],[-5.492,57.2455],[-5.5082,57.2536],[-5.5209,57.268],[-5.5301,57.2714],[-5.5346,57.2682],[-5.5424,57.2693],[-5.5492,57.2652],[-5.5807,57.2568],[-5.5913,57.2559],[-5.5974,57.2591],[-5.6083,57.2537],[-5.6359,57.2504],[-5.653,57.2382],[-5.6564,57.2279],[-5.6333,57.2233],[-5.6238,57.2125],[-5.6354,57.207],[-5.6426,57.1971],[-5.6778,57.1834],[-5.6821,57.1765],[-5.6923,57.1709],[-5.6927,57.1689],[-5.6884,57.1702],[-5.6872,57.1679],[-5.6917,57.1622],[-5.6792,57.148],[-5.6596,57.1426],[-5.6106,57.1457],[-5.5934,57.14],[-5.5827,57.139],[-5.5774,57.1329],[-5.5623,57.1339],[-5.5604,57.1264],[-5.5535,57.1245],[-5.5562,57.1229],[-5.5505,57.1167],[-5.5528,57.1127],[-5.5274,57.1018],[-5.5143,57.1015],[-5.4906,57.1056],[-5.4869,57.1009],[-5.4802,57.1052],[-5.4559,57.1077],[-5.4555,57.1101],[-5.4384,57.111],[-5.4228,57.1156],[-5.406,57.1102],[-5.3983,57.1111],[-5.3866,57.1077],[-5.389,57.1054],[-5.4174,57.1099],[-5.4314,57.1058],[-5.4509,57.1057],[-5.4953,57.0975],[-5.5102,57.0974],[-5.5225,57.0831],[-5.5247,57.0858],[-5.5514,57.0919],[-5.5593,57.0986],[-5.5643,57.0953],[-5.5678,57.0963],[-5.5712,57.1031],[-5.5758,57.1038],[-5.592,57.1193],[-5.6354,57.1232],[-5.6487,57.1278],[-5.6785,57.1192],[-5.6952,57.1206],[-5.7221,57.1179],[-5.73,57.1025],[-5.7265,57.101],[-5.7462,57.0908],[-5.7569,57.0901],[-5.7645,57.0869],[-5.7663,57.0822],[-5.7713,57.0832],[-5.7879,57.0721],[-5.7887,57.0654],[-5.7938,57.0669],[-5.7975,57.0654],[-5.7918,57.0529],[-5.7866,57.0521],[-5.7868,57.0485],[-5.7799,57.0483],[-5.7817,57.0438],[-5.7624,57.0516],[-5.7619,57.0465],[-5.7574,57.0453],[-5.7602,57.042],[-5.7562,57.0424],[-5.7581,57.0392],[-5.7516,57.036],[-5.756,57.0351],[-5.7546,57.0324],[-5.7403,57.0281],[-5.7327,57.0324],[-5.7431,57.0345],[-5.7083,57.0411],[-5.6896,57.0396],[-5.6733,57.0338],[-5.6704,57.0273],[-5.6765,57.0245],[-5.6817,57.0261],[-5.6846,57.021],[-5.6785,57.01],[-5.6624,56.9947],[-5.6395,56.9921],[-5.634,56.9898],[-5.6376,56.9893],[-5.6339,56.9873],[-5.6386,56.9872],[-5.6357,56.9856],[-5.6253,56.9873],[-5.6175,56.9825],[-5.6006,56.9864],[-5.5905,56.992],[-5.5726,56.9927],[-5.5324,57.0022],[-5.5295,57.0004],[-5.5231,57.0054],[-5.525,57.0033],[-5.5198,57.003],[-5.521,57.005],[-5.5201,57.0048],[-5.5192,57.0042],[-5.5186,57.0032],[-5.5248,56.9996],[-5.5101,56.9968],[-5.5125,56.9943],[-5.5316,56.9929],[-5.5793,56.984],[-5.5823,56.9811],[-5.5918,56.9801],[-5.5994,56.9831],[-5.6092,56.9829],[-5.6222,56.9756],[-5.6357,56.9753],[-5.6352,56.9699],[-5.641,56.9741],[-5.6564,56.9782],[-5.6603,56.9761],[-5.6717,56.9774],[-5.6911,56.9877],[-5.6974,56.9862],[-5.7082,56.991],[-5.7275,57.0184],[-5.7667,57.0152],[-5.778,57.0166],[-5.7921,57.0124],[-5.8077,57.0144],[-5.8208,57.0118],[-5.8236,57.0044],[-5.8285,57.0056],[-5.8249,57.0078],[-5.8296,57.008],[-5.8261,57.0087],[-5.8265,57.0088],[-5.83,57.0082],[-5.8306,57.0079],[-5.8349,57.0008],[-5.8309,56.9939],[-5.8347,56.9912],[-5.8433,56.9908],[-5.8475,56.9727],[-5.8369,56.9707],[-5.8282,56.9741],[-5.823,56.964],[-5.8167,56.9628],[-5.8171,56.9607],[-5.823,56.9609],[-5.8371,56.9682],[-5.845,56.967],[-5.85,56.958],[-5.8596,56.9573],[-5.8517,56.9524],[-5.855,56.952],[-5.856,56.9475],[-5.862,56.9469],[-5.8543,56.9442],[-5.8548,56.9439],[-5.8577,56.9442],[-5.8579,56.9438],[-5.8587,56.9444],[-5.8607,56.9438],[-5.8591,56.942],[-5.8544,56.943],[-5.8543,56.9409],[-5.8654,56.9405],[-5.8612,56.9367],[-5.8668,56.9361],[-5.8676,56.9332],[-5.863,56.9273],[-5.8697,56.9262],[-5.8736,56.9288],[-5.8752,56.927],[-5.8716,56.9247],[-5.8774,56.9255],[-5.8774,56.9228],[-5.8832,56.9232],[-5.883,56.9181],[-5.8873,56.9172],[-5.878,56.9152],[-5.8748,56.9108],[-5.8661,56.9079],[-5.8551,56.9096],[-5.85,56.9131],[-5.8517,56.9087],[-5.8508,56.908],[-5.8486,56.9104],[-5.8452,56.909],[-5.8459,56.9061],[-5.8545,56.9021],[-5.8496,56.9005],[-5.8619,56.8942],[-5.8618,56.8993],[-5.8649,56.897],[-5.8657,56.8996],[-5.8793,56.8988],[-5.8847,56.9055],[-5.8904,56.9057],[-5.9004,56.9023],[-5.895,56.8993],[-5.9001,56.8951],[-5.9237,56.8921],[-5.9219,56.8869],[-5.9178,56.8872],[-5.9218,56.8837],[-5.9171,56.8832],[-5.916,56.8802],[-5.9075,56.8836],[-5.9016,56.8759],[-5.8952,56.8778],[-5.8868,56.8741],[-5.8837,56.8795],[-5.8812,56.8795],[-5.8809,56.8749],[-5.8638,56.884],[-5.8585,56.8807],[-5.8445,56.8814],[-5.8276,56.8886],[-5.822,56.8855],[-5.808,56.8874],[-5.8004,56.8934],[-5.8039,56.8878],[-5.7966,56.8924],[-5.7899,56.889],[-5.7785,56.8934],[-5.7559,56.893],[-5.7374,56.896],[-5.7316,56.8909],[-5.7408,56.8885],[-5.7219,56.8892],[-5.7298,56.8876],[-5.7222,56.8873],[-5.7233,56.8851],[-5.751,56.8823],[-5.7854,56.8667],[-5.7815,56.8653],[-5.789,56.8597],[-5.7865,56.8583],[-5.7765,56.8609],[-5.7689,56.8577],[-5.7612,56.8596],[-5.756,56.8581],[-5.7564,56.855],[-5.7441,56.854],[-5.7373,56.8559],[-5.7258,56.851],[-5.7148,56.8542],[-5.7161,56.8626],[-5.6896,56.8797],[-5.6832,56.8782],[-5.6784,56.8801],[-5.6769,56.8766],[-5.67,56.8764],[-5.6728,56.8711],[-5.684,56.8681],[-5.6931,56.8686],[-5.7043,56.8619],[-5.7093,56.8483],[-5.7192,56.8437],[-5.7327,56.843],[-5.7383,56.8457],[-5.7448,56.8443],[-5.7566,56.8484],[-5.7637,56.8476],[-5.7646,56.8438],[-5.7736,56.8434],[-5.7736,56.8398],[-5.786,56.8367],[-5.8074,56.8385],[-5.8139,56.8352],[-5.8171,56.8284],[-5.8197,56.8325],[-5.8284,56.8348],[-5.8265,56.8317],[-5.8492,56.8347],[-5.8609,56.8297],[-5.8651,56.8107],[-5.8302,56.8036],[-5.8091,56.7963],[-5.763,56.7885],[-5.7601,56.7861],[-5.7519,56.788],[-5.7518,56.7868],[-5.7542,56.787],[-5.7468,56.7842],[-5.7489,56.7842],[-5.7525,56.7851],[-5.7547,56.7864],[-5.7508,56.7814],[-5.7779,56.7845],[-5.7801,56.7827],[-5.7967,56.7917],[-5.8039,56.784],[-5.8224,56.7865],[-5.8311,56.7699],[-5.8369,56.7781],[-5.8526,56.7798],[-5.8551,56.7775],[-5.8518,56.7721],[-5.855,56.7717],[-5.8513,56.7693],[-5.8515,56.7692],[-5.8524,56.7694],[-5.8532,56.7701],[-5.8551,56.7699],[-5.8551,56.7676],[-5.859,56.7708],[-5.8563,56.7706],[-5.8582,56.7779],[-5.8652,56.7778],[-5.8738,56.784],[-5.8764,56.7822],[-5.8772,56.7842],[-5.8834,56.7831],[-5.887,56.7853],[-5.8938,56.7742],[-5.8826,56.7702],[-5.8862,56.7693],[-5.8844,56.7665],[-5.8895,56.7665],[-5.8764,56.7644],[-5.8619,56.7585],[-5.8541,56.7622],[-5.8494,56.7603],[-5.8524,56.7526],[-5.8389,56.7515],[-5.8392,56.7511],[-5.8395,56.751],[-5.8434,56.7513],[-5.8369,56.748],[-5.8342,56.745],[-5.8342,56.7449],[-5.8347,56.7451],[-5.835,56.7456],[-5.8359,56.7457],[-5.8369,56.7461],[-5.837,56.7464],[-5.8373,56.7461],[-5.8381,56.7465],[-5.839,56.7483],[-5.8439,56.7484],[-5.8448,56.7512],[-5.8465,56.7463],[-5.8522,56.7468],[-5.8433,56.7446],[-5.8459,56.7408],[-5.8405,56.7404],[-5.8445,56.7394],[-5.8479,56.7428],[-5.8695,56.7415],[-5.877,56.7454],[-5.8701,56.7505],[-5.8697,56.7555],[-5.8863,56.7633],[-5.8968,56.7535],[-5.9097,56.7501],[-5.9174,56.7604],[-5.9344,56.7673],[-5.9453,56.7779],[-5.9659,56.7847],[-5.9655,56.7788],[-5.97,56.7788],[-5.9682,56.7744],[-5.9715,56.7724],[-5.9757,56.7744],[-5.9771,56.7706],[-5.9878,56.7684],[-5.9976,56.7707],[-6.0045,56.7689],[-6.0136,56.7722],[-6.0173,56.764],[-6.0292,56.7667],[-6.0319,56.7632],[-6.037,56.7632],[-6.0497,56.7666],[-6.0538,56.765],[-6.0509,56.7608],[-6.0574,56.7632],[-6.0571,56.7607],[-6.0651,56.7587],[-6.0811,56.7633],[-6.0927,56.7626],[-6.0941,56.7604],[-6.1007,56.7654],[-6.1183,56.7656],[-6.1371,56.7608],[-6.1447,56.7619],[-6.1504,56.7589],[-6.1566,56.7593],[-6.156,56.7549],[-6.1679,56.7516],[-6.1755,56.7556],[-6.1884,56.7549],[-6.1922,56.7532],[-6.19,56.75],[-6.1824,56.7485],[-6.1891,56.7459],[-6.181,56.7434],[-6.1852,56.7355],[-6.1895,56.7359],[-6.1888,56.7341],[-6.2016,56.7383],[-6.2118,56.735],[-6.2077,56.7307],[-6.2126,56.7259],[-6.2272,56.7273],[-6.2205,56.7227],[-6.2213,56.7202],[-6.2257,56.7206],[-6.2225,56.715],[-6.2266,56.7168],[-6.2279,56.7153],[-6.2184,56.7032],[-6.2018,56.6939],[-6.1922,56.6933],[-6.1881,56.688],[-6.1644,56.6858],[-6.1596,56.6872],[-6.1401,56.683],[-6.1178,56.6967],[-6.1141,56.6955],[-6.1099,56.6975],[-6.107,56.6943],[-6.1121,56.6913],[-6.1071,56.6928],[-6.0964,56.6879],[-6.0837,56.6939],[-6.0515,56.6931],[-6.0302,56.6803],[-6.0038,56.6834],[-5.9943,56.6814],[-5.9874,56.6849],[-5.9857,56.6779],[-5.9743,56.6724],[-5.971,56.6739],[-5.9724,56.6818],[-5.9626,56.6805],[-5.9595,56.6858],[-5.9524,56.6824],[-5.9526,56.6854],[-5.9457,56.6887],[-5.9381,56.6888],[-5.9273,56.6835],[-5.9262,56.6757],[-5.9217,56.6755],[-5.9212,56.6775],[-5.9093,56.6758],[-5.9041,56.68],[-5.9041,56.6764],[-5.8953,56.6735],[-5.8896,56.677],[-5.8852,56.6746],[-5.8609,56.6809],[-5.8502,56.674],[-5.8356,56.6749],[-5.8234,56.6833],[-5.8121,56.6852],[-5.7845,56.7061],[-5.7792,56.706],[-5.7777,56.7168],[-5.7699,56.7083],[-5.7588,56.7122],[-5.7606,56.7093],[-5.7558,56.7074],[-5.7326,56.712],[-5.7177,56.7103],[-5.7124,56.7052],[-5.7036,56.7039],[-5.703,56.7003],[-5.6913,56.6985],[-5.6783,56.6922],[-5.6859,56.691],[-5.6837,56.6895],[-5.6651,56.6888],[-5.6654,56.6865],[-5.6548,56.6819],[-5.5957,56.6916],[-5.5922,56.6885],[-5.5948,56.6875],[-5.5823,56.6891],[-5.5735,56.6914],[-5.5719,56.6954],[-5.5724,56.6922],[-5.57,56.6931],[-5.5608,56.6873],[-5.5398,56.6865],[-5.5434,56.6838],[-5.6023,56.6817],[-5.6094,56.677],[-5.6736,56.677],[-5.6867,56.684],[-5.7057,56.682],[-5.7221,56.6973],[-5.7476,56.7016],[-5.7564,56.6953],[-5.7675,56.6945],[-5.7802,56.6896],[-5.7911,56.6794],[-5.8076,56.6754],[-5.8202,56.67],[-5.8195,56.6672],[-5.8292,56.6661],[-5.8451,56.6592],[-5.852,56.6618],[-5.8635,56.6601],[-5.8793,56.6531],[-5.8769,56.6452],[-5.8654,56.6409],[-5.8655,56.6386],[-5.8485,56.6379],[-5.8274,56.6281],[-5.8262,56.6221],[-5.8307,56.6212],[-5.8416,56.6295],[-5.8537,56.631],[-5.8704,56.6393],[-5.8753,56.6381],[-5.8769,56.6413],[-5.8916,56.6394],[-5.893,56.6497],[-5.9063,56.6578],[-5.9182,56.6553],[-5.918,56.6521],[-5.9213,56.6545],[-5.921,56.6522],[-5.9284,56.6512],[-5.9389,56.6518],[-5.9435,56.6557],[-5.9501,56.6561],[-5.9546,56.6523],[-5.9725,56.6494],[-6.0023,56.6502],[-6.0073,56.6451],[-6.0017,56.6339],[-6.0049,56.626],[-6.0012,56.6199],[-5.9784,56.6104],[-5.9751,56.5975],[-5.963,56.5906],[-5.9596,56.5824],[-5.9446,56.5783],[-5.9355,56.5676],[-5.9077,56.5558],[-5.9046,56.5512],[-5.8949,56.5499],[-5.8836,56.5517],[-5.8667,56.5472],[-5.8645,56.5443],[-5.8427,56.5435],[-5.8378,56.5404],[-5.8161,56.538],[-5.8049,56.5336],[-5.7847,56.5322],[-5.7755,56.5346],[-5.7654,56.5533],[-5.7482,56.5649],[-5.7482,56.5629],[-5.7405,56.5622],[-5.7561,56.5502],[-5.7572,56.5421],[-5.7644,56.5373],[-5.7713,56.5378],[-5.7717,56.5322],[-5.7556,56.5184],[-5.7526,56.5181],[-5.7509,56.524],[-5.7459,56.5248],[-5.7324,56.5169],[-5.6949,56.5117],[-5.6905,56.4993],[-5.6853,56.4971],[-5.6461,56.5087],[-5.6222,56.52],[-5.5987,56.5254],[-5.59,56.5298],[-5.5879,56.5346],[-5.5766,56.5361],[-5.5598,56.5447],[-5.56,56.5495],[-5.5478,56.5536],[-5.543,56.5611],[-5.5456,56.5621],[-5.5234,56.5742],[-5.5169,56.5853],[-5.4922,56.6064],[-5.5233,56.6144],[-5.5272,56.6135],[-5.5285,56.6163],[-5.525,56.618],[-5.5042,56.6168],[-5.488,56.6102],[-5.4841,56.6174],[-5.4703,56.6153],[-5.4439,56.6327],[-5.4343,56.6427],[-5.4138,56.6484],[-5.4103,56.6421],[-5.3988,56.6469],[-5.3894,56.6554],[-5.3552,56.6752],[-5.3608,56.6827],[-5.355,56.6819],[-5.3523,56.6851],[-5.3398,56.6881],[-5.335,56.6941],[-5.321,56.6972],[-5.3189,56.7018],[-5.3041,56.7118],[-5.2985,56.7134],[-5.2884,56.7102],[-5.2841,56.7007],[-5.274,56.7125],[-5.2428,56.7202],[-5.2565,56.7318],[-5.2531,56.738],[-5.2306,56.7512],[-5.2315,56.7581],[-5.2411,56.7633],[-5.2369,56.7626],[-5.2362,56.766],[-5.2403,56.7668],[-5.2247,56.7696],[-5.2194,56.7681],[-5.2206,56.7645],[-5.2177,56.7656],[-5.2174,56.768],[-5.1812,56.7868],[-5.1659,56.7978],[-5.1544,56.8009],[-5.1514,56.8068],[-5.1227,56.8268],[-5.1241,56.8342],[-5.1527,56.837],[-5.18,56.8463],[-5.2551,56.8427],[-5.2602,56.8458],[-5.2674,56.8442],[-5.3222,56.8502],[-5.331,56.8542],[-5.3288,56.8577],[-5.3193,56.8591],[-5.3058,56.8562],[-5.2529,56.8527],[-5.2546,56.8541],[-5.2508,56.8545],[-5.2442,56.8527],[-5.2392,56.8548],[-5.191,56.855],[-5.1746,56.8524],[-5.1648,56.8481],[-5.1628,56.8439],[-5.1499,56.839],[-5.1306,56.8431],[-5.111,56.839],[-5.1017,56.8341],[-5.1021,56.8266],[-5.098,56.8321],[-5.0918,56.8303],[-5.0768,56.8344],[-5.1084,56.8231],[-5.142,56.7954],[-5.1623,56.7828],[-5.1727,56.7736],[-5.1712,56.7706],[-5.2075,56.7405],[-5.2317,56.727],[-5.2406,56.7163],[-5.2346,56.7137],[-5.2474,56.703],[-5.1853,56.6999],[-5.1857,56.6909],[-5.1784,56.6892],[-5.1675,56.6926],[-5.1621,56.6852],[-5.1582,56.6883],[-5.1458,56.6868],[-5.1221,56.695],[-5.1097,56.6952],[-5.1052,56.6984],[-5.0772,56.703],[-5.0688,56.7023],[-5.0575,56.7057],[-5.0457,56.7059],[-5.0131,56.7141],[-4.9981,56.7126],[-4.9933,56.7151],[-4.9931,56.713],[-4.9779,56.7158],[-4.9765,56.7143],[-5.01,56.7099],[-5.0187,56.7068],[-5.0447,56.7055],[-5.0561,56.701],[-5.0988,56.6936],[-5.107,56.6911],[-5.1118,56.6812],[-5.128,56.6814],[-5.1295,56.6796],[-5.1348,56.6823],[-5.1326,56.6798],[-5.1371,56.68],[-5.1374,56.6771],[-5.153,56.6777],[-5.1693,56.6856],[-5.182,56.688],[-5.1977,56.6858],[-5.2234,56.6864],[-5.2474,56.6736],[-5.2526,56.6655],[-5.2543,56.6705],[-5.2641,56.6721],[-5.2716,56.6687],[-5.2776,56.6699],[-5.2831,56.6646],[-5.3022,56.6618],[-5.3158,56.6544],[-5.3264,56.6471],[-5.3156,56.6503],[-5.3158,56.6463],[-5.3124,56.6481],[-5.3078,56.6463],[-5.3009,56.6473],[-5.2959,56.639],[-5.2971,56.6388],[-5.2986,56.6395],[-5.2982,56.6407],[-5.299,56.6394],[-5.2996,56.6367],[-5.316,56.6285],[-5.3189,56.6233],[-5.3608,56.6039],[-5.3806,56.5786],[-5.3836,56.5823],[-5.3881,56.5757],[-5.3823,56.5761],[-5.3818,56.5704],[-5.3743,56.5691],[-5.3749,56.567],[-5.3725,56.5683],[-5.3746,56.5667],[-5.3712,56.5676],[-5.3699,56.5649],[-5.3651,56.5653],[-5.3676,56.5646],[-5.3689,56.5646],[-5.375,56.5656],[-5.3836,56.5645],[-5.3902,56.5596],[-5.3857,56.5672],[-5.3911,56.5688],[-5.4015,56.5642],[-5.4083,56.5607],[-5.4066,56.5557],[-5.4154,56.5538],[-5.4212,56.5477],[-5.4103,56.5514],[-5.4052,56.5491],[-5.4168,56.5391],[-5.3932,56.5438],[-5.3949,56.5363],[-5.3929,56.5336],[-5.3866,56.5338],[-5.3879,56.5281],[-5.3815,56.5266],[-5.3825,56.5239],[-5.3748,56.5293],[-5.3664,56.5239],[-5.336,56.5372],[-5.3234,56.5486],[-5.3019,56.5514],[-5.2989,56.5489],[-5.2869,56.5478],[-5.2604,56.555],[-5.2425,56.5649],[-5.2374,56.5627],[-5.2315,56.5639],[-5.2348,56.5628],[-5.237,56.5625],[-5.2431,56.5642],[-5.2431,56.5605],[-5.249,56.5575],[-5.2429,56.5527],[-5.2495,56.5484],[-5.2758,56.544],[-5.2934,56.5467],[-5.2938,56.5443],[-5.3039,56.5409],[-5.3099,56.529],[-5.3103,56.5293],[-5.3102,56.53],[-5.3109,56.5306],[-5.3108,56.5326],[-5.3137,56.529],[-5.3243,56.5273],[-5.3336,56.5202],[-5.3537,56.5194],[-5.3537,56.5152],[-5.359,56.5136],[-5.3649,56.5168],[-5.3764,56.5113],[-5.3897,56.5102],[-5.3903,56.5135],[-5.402,56.5167],[-5.4012,56.5254],[-5.4117,56.5208],[-5.4126,56.5256],[-5.4203,56.5266],[-5.4263,56.5187],[-5.431,56.5176],[-5.4342,56.5214],[-5.439,56.5184],[-5.4533,56.5018],[-5.447,56.5022],[-5.4575,56.4964],[-5.4515,56.4971],[-5.4575,56.4933],[-5.4618,56.4939],[-5.4738,56.481],[-5.4693,56.4805],[-5.4521,56.4882],[-5.4591,56.4748],[-5.4539,56.4761],[-5.4354,56.4936],[-5.4255,56.4988],[-5.4235,56.5065],[-5.4196,56.5075],[-5.4208,56.5004],[-5.4271,56.4957],[-5.4136,56.4922],[-5.4054,56.4843],[-5.4004,56.4683],[-5.4071,56.4589],[-5.3921,56.457],[-5.3874,56.4595],[-5.3667,56.459],[-5.3615,56.4624],[-5.362,56.4702],[-5.3465,56.4717],[-5.3394,56.4709],[-5.332,56.466],[-5.3248,56.4666],[-5.3186,56.4636],[-5.3065,56.4624],[-5.2984,56.4634],[-5.2882,56.4605],[-5.2753,56.4647],[-5.2568,56.464],[-5.2443,56.4545],[-5.2294,56.4507],[-5.2302,56.4467],[-5.2223,56.4493],[-5.2281,56.4503],[-5.2125,56.4512],[-5.1846,56.4609],[-5.1851,56.4662],[-5.1751,56.4715],[-5.1744,56.4814],[-5.1686,56.4856],[-5.1644,56.4848],[-5.1559,56.5013],[-5.1378,56.5065],[-5.1372,56.5061],[-5.1371,56.5058],[-5.1377,56.5048],[-5.1349,56.5034],[-5.1291,56.5098],[-5.1194,56.5128],[-5.0897,56.5418],[-5.0786,56.5601],[-5.066,56.5635],[-5.0658,56.5631],[-5.0674,56.5618],[-5.0702,56.5613],[-5.0684,56.5612],[-5.0648,56.563],[-5.065,56.5625],[-5.0666,56.5617],[-5.0663,56.559],[-5.0625,56.5592],[-5.0738,56.5542],[-5.0847,56.5369],[-5.0957,56.5304],[-5.1033,56.5125],[-5.1177,56.5041],[-5.1198,56.4979],[-5.1282,56.4921],[-5.1191,56.489],[-5.1363,56.4899],[-5.1356,56.4876],[-5.1442,56.4821],[-5.1352,56.477],[-5.157,56.4719],[-5.1653,56.4651],[-5.1627,56.4624],[-5.1752,56.4549],[-5.196,56.447],[-5.205,56.4479],[-5.2254,56.4441],[-5.2285,56.4417],[-5.2235,56.4401],[-5.2261,56.4401],[-5.2292,56.441],[-5.2295,56.4448],[-5.2345,56.4397],[-5.2319,56.4378],[-5.2372,56.4363],[-5.2487,56.4374],[-5.267,56.4579],[-5.2706,56.4558],[-5.2689,56.4508],[-5.2752,56.4538],[-5.2864,56.4495],[-5.2812,56.4472],[-5.2827,56.4466],[-5.2813,56.4472],[-5.2866,56.4489],[-5.2882,56.4524],[-5.2998,56.4561],[-5.313,56.4532],[-5.3161,56.4578],[-5.3294,56.4504],[-5.3339,56.4536],[-5.3387,56.4524],[-5.3403,56.4561],[-5.3497,56.4597],[-5.3662,56.4545],[-5.3885,56.4557],[-5.4144,56.4497],[-5.415,56.4552],[-5.4222,56.4504],[-5.4321,56.4501],[-5.436,56.4473],[-5.4446,56.4489],[-5.4355,56.4544],[-5.4411,56.4557],[-5.444,56.4516],[-5.4515,56.4515],[-5.4655,56.446],[-5.4745,56.4357],[-5.4803,56.4344],[-5.4833,56.4366],[-5.4864,56.4262],[-5.4728,56.413],[-5.4857,56.4111],[-5.5141,56.3956],[-5.5141,56.3921],[-5.53,56.3797],[-5.5254,56.3806],[-5.5229,56.3776],[-5.5335,56.3724],[-5.5285,56.3704],[-5.5382,56.3599],[-5.5356,56.3542],[-5.5275,56.3541],[-5.5202,56.3454],[-5.493,56.3633],[-5.4904,56.3622],[-5.4955,56.3578],[-5.4798,56.3554],[-5.4532,56.3679],[-5.4428,56.3676],[-5.4425,56.3634],[-5.4723,56.3533],[-5.4988,56.3522],[-5.5124,56.3431],[-5.5215,56.3431],[-5.5205,56.3405],[-5.5384,56.3503],[-5.5428,56.3447],[-5.5492,56.3487],[-5.5545,56.3476],[-5.5777,56.3335],[-5.5809,56.3139],[-5.5885,56.3061],[-5.5868,56.2978],[-5.5919,56.2819],[-5.5898,56.2827],[-5.5847,56.2874],[-5.5797,56.2865],[-5.5792,56.2839],[-5.5947,56.265],[-5.5924,56.2623],[-5.5993,56.2542],[-5.5965,56.2491],[-5.5885,56.2503],[-5.5817,56.2481],[-5.562,56.2607],[-5.5351,56.2579],[-5.5229,56.2631],[-5.5179,56.2623],[-5.5172,56.2595],[-5.5051,56.2701],[-5.4953,56.2686],[-5.4939,56.2702],[-5.4978,56.2636],[-5.4814,56.2569],[-5.4818,56.2566],[-5.4827,56.2565],[-5.4835,56.2567],[-5.4837,56.2568],[-5.485,56.2547],[-5.5002,56.2571],[-5.5109,56.2522],[-5.5114,56.2467],[-5.5207,56.2463],[-5.5232,56.2497],[-5.5272,56.2493],[-5.5295,56.2442],[-5.5364,56.2451],[-5.543,56.2395],[-5.551,56.2381],[-5.5576,56.2401],[-5.5668,56.2367],[-5.563,56.2318],[-5.5575,56.2338],[-5.5486,56.2306],[-5.5465,56.2195],[-5.5409,56.2178],[-5.557,56.209],[-5.561,56.2096],[-5.5573,56.2039],[-5.5705,56.1952],[-5.5751,56.1838],[-5.5868,56.1774],[-5.5888,56.1725],[-5.584,56.1716],[-5.5856,56.1687],[-5.5938,56.1671],[-5.6005,56.1612],[-5.5988,56.16],[-5.5958,56.1603],[-5.6029,56.1483],[-5.6005,56.1471],[-5.5946,56.1535],[-5.5878,56.1535],[-5.6038,56.1432],[-5.6147,56.1315],[-5.6063,56.13],[-5.5983,56.1328],[-5.5916,56.1384],[-5.5917,56.1426],[-5.5805,56.146],[-5.5769,56.1542],[-5.5796,56.1571],[-5.5501,56.1695],[-5.5255,56.1882],[-5.5082,56.1913],[-5.5013,56.1861],[-5.5198,56.1747],[-5.5171,56.1691],[-5.5414,56.1463],[-5.5484,56.1432],[-5.5486,56.1384],[-5.5686,56.1137],[-5.5681,56.1097],[-5.5601,56.1093],[-5.5627,56.1052],[-5.5535,56.1116],[-5.5516,56.109],[-5.5477,56.1106],[-5.5549,56.1008],[-5.5395,56.1045],[-5.5365,56.1034],[-5.5388,56.1016],[-5.5303,56.1006],[-5.5292,56.0966],[-5.5447,56.0838],[-5.537,56.0863],[-5.5289,56.0851],[-5.5323,56.0798],[-5.5285,56.0749],[-5.5269,56.0764],[-5.5151,56.0739],[-5.5179,56.0792],[-5.5094,56.0787],[-5.512,56.0778],[-5.5174,56.0787],[-5.5124,56.0747],[-5.5142,56.0738],[-5.527,56.0724],[-5.5505,56.0808],[-5.5477,56.0867],[-5.5533,56.0911],[-5.5603,56.0919],[-5.5676,56.0877],[-5.5764,56.0917],[-5.5842,56.092],[-5.6056,56.0738],[-5.616,56.0599],[-5.6157,56.0642],[-5.6327,56.0525],[-5.6291,56.0534],[-5.6386,56.0436],[-5.6418,56.0336],[-5.6366,56.034],[-5.6357,56.0292],[-5.6379,56.0276],[-5.6457,56.0296],[-5.6567,56.0229],[-5.6589,56.0131],[-5.6655,56.0114],[-5.6878,55.9854],[-5.6775,55.9911],[-5.7066,55.9661],[-5.7043,55.9609],[-5.7145,55.9484],[-5.7037,55.959],[-5.6893,55.9619],[-5.6767,55.9692],[-5.6773,55.9671],[-5.6822,55.9656],[-5.6879,55.9559],[-5.6824,55.9553],[-5.6683,55.964],[-5.6547,55.9773],[-5.6657,55.9776],[-5.6655,55.9748],[-5.6704,55.9732],[-5.6728,55.9785],[-5.6709,55.9798],[-5.6654,55.9776],[-5.6664,55.9813],[-5.6633,55.9794],[-5.6648,55.983],[-5.6562,55.9905],[-5.652,56.0007],[-5.6472,56.0004],[-5.6359,56.013],[-5.6504,55.9896],[-5.6584,55.9836],[-5.6485,55.9829],[-5.6126,56.0168],[-5.6123,56.0202],[-5.62,56.0206],[-5.6202,56.0226],[-5.6225,56.0204],[-5.6271,56.0214],[-5.6253,56.0243],[-5.6211,56.0264],[-5.6187,56.0235],[-5.6121,56.0243],[-5.5768,56.0553],[-5.5866,56.0422],[-5.6091,56.024],[-5.5962,56.0255],[-5.5868,56.0391],[-5.5813,56.0388],[-5.5892,56.0302],[-5.5665,56.0415],[-5.575,56.0312],[-5.5982,56.0159],[-5.5914,56.0194],[-5.5934,56.0141],[-5.5789,56.0217],[-5.5772,56.0201],[-5.5651,56.0299],[-5.5726,56.017],[-5.5773,56.0128],[-5.5961,56.0094],[-5.6401,55.9649],[-5.6658,55.9488],[-5.6885,55.9109],[-5.6814,55.908],[-5.6869,55.8941],[-5.6817,55.8895],[-5.6842,55.8866],[-5.6789,55.8864],[-5.6584,55.9027],[-5.646,55.9043],[-5.647,55.9009],[-5.6385,55.9108],[-5.6329,55.9116],[-5.6324,55.9154],[-5.6251,55.9192],[-5.6241,55.9171],[-5.6199,55.9237],[-5.6158,55.9236],[-5.6091,55.9292],[-5.6018,55.9306],[-5.5992,55.9289],[-5.5778,55.9403],[-5.5716,55.9397],[-5.569,55.9374],[-5.5709,55.9378],[-5.5719,55.9385],[-5.576,55.9391],[-5.5713,55.9378],[-5.5725,55.9375],[-5.575,55.9374],[-5.5709,55.9373],[-5.5708,55.9339],[-5.5847,55.9262],[-5.5853,55.9204],[-5.6065,55.9131],[-5.6219,55.8977],[-5.6194,55.8923],[-5.6289,55.8878],[-5.6237,55.8881],[-5.6255,55.8834],[-5.6519,55.8634],[-5.6552,55.8529],[-5.663,55.8472],[-5.6628,55.8276],[-5.6713,55.8145],[-5.6666,55.8113],[-5.6659,55.8007],[-5.6399,55.7868],[-5.6301,55.7874],[-5.608,55.7951],[-5.6084,55.7893],[-5.621,55.7821],[-5.6131,55.7785],[-5.6137,55.7763],[-5.6004,55.7775],[-5.6127,55.7734],[-5.617,55.7687],[-5.6132,55.7664],[-5.6161,55.761],[-5.6069,55.7614],[-5.5895,55.7671],[-5.5759,55.78],[-5.5708,55.7812],[-5.5734,55.7747],[-5.539,55.7863],[-5.5285,55.7943],[-5.5193,55.7973],[-5.497,55.8174],[-5.4846,55.8195],[-5.4754,55.8352],[-5.4677,55.8382],[-5.4658,55.835],[-5.4628,55.8367],[-5.4554,55.8496],[-5.4462,55.857],[-5.4406,55.8603],[-5.4355,55.8572],[-5.4505,55.8472],[-5.4466,55.8369],[-5.454,55.8359],[-5.455,55.8322],[-5.4706,55.8218],[-5.4686,55.8149],[-5.4782,55.8099],[-5.4782,55.806],[-5.4807,55.8085],[-5.4835,55.8068],[-5.479,55.804],[-5.4847,55.8013],[-5.4882,55.8035],[-5.4993,55.7959],[-5.51,55.7941],[-5.5161,55.7848],[-5.5534,55.7671],[-5.5698,55.767],[-5.5833,55.7553],[-5.5841,55.7482],[-5.5962,55.7407],[-5.6015,55.7402],[-5.5975,55.7365],[-5.6186,55.7112],[-5.638,55.6967],[-5.6765,55.6828],[-5.6636,55.6674],[-5.674,55.6471],[-5.6724,55.6327],[-5.6778,55.6275],[-5.6804,55.616],[-5.6854,55.615],[-5.6835,55.6067],[-5.6928,55.5874],[-5.7148,55.5795],[-5.7162,55.5735],[-5.707,55.5526],[-5.7038,55.5325],[-5.7137,55.5206],[-5.7116,55.4811],[-5.7162,55.4436],[-5.7248,55.4274],[-5.7359,55.4232],[-5.7501,55.4247],[-5.7544,55.4148],[-5.7735,55.4083],[-5.7757,55.4037],[-5.7963,55.3914],[-5.7934,55.3833],[-5.799,55.3755],[-5.7965,55.369],[-5.8042,55.3647],[-5.7997,55.3621],[-5.8022,55.357],[-5.7992,55.3533],[-5.8052,55.3484],[-5.7983,55.3433],[-5.7968,55.3345],[-5.8015,55.3265],[-5.7984,55.3216],[-5.8048,55.3109],[-5.8039,55.3057],[-5.7988,55.2994],[-5.7616,55.2889],[-5.72,55.2933],[-5.7014,55.303],[-5.6946,55.3034],[-5.6913,55.3078],[-5.688,55.3088],[-5.6852,55.3089],[-5.6913,55.3068],[-5.6672,55.3078],[-5.6527,55.311],[-5.6451,55.3094],[-5.6443,55.3067],[-5.6415,55.3107],[-5.6408,55.3089],[-5.6186,55.3063],[-5.6036,55.3075],[-5.5619,55.3237],[-5.5616,55.33],[-5.534,55.3485],[-5.5168,55.3681],[-5.5292,55.3962],[-5.5455,55.4067],[-5.5515,55.4178],[-5.5633,55.4183],[-5.5641,55.4224],[-5.5564,55.4247],[-5.5444,55.421],[-5.5364,55.4231],[-5.5398,55.4284],[-5.5426,55.4285],[-5.5648,55.4227],[-5.565,55.4165],[-5.5729,55.4137],[-5.5841,55.4138],[-5.5971,55.4201],[-5.6037,55.4272],[-5.5868,55.4279],[-5.5806,55.4241],[-5.5583,55.4351],[-5.5505,55.4343],[-5.5552,55.4419],[-5.553,55.4446],[-5.5488,55.4437],[-5.5497,55.4474],[-5.5455,55.4497],[-5.5456,55.4662],[-5.5376,55.4721],[-5.5397,55.4732],[-5.5354,55.4723],[-5.5302,55.4778],[-5.5216,55.4798],[-5.5231,55.4837],[-5.5104,55.4875],[-5.5154,55.4888],[-5.5158,55.4964],[-5.507,55.5],[-5.5128,55.5052],[-5.5037,55.5173],[-5.5043,55.5272],[-5.49,55.5299],[-5.4945,55.5452],[-5.4891,55.5636],[-5.4956,55.5663],[-5.4873,55.5737],[-5.4896,55.5799],[-5.4849,55.5844],[-5.4886,55.5847],[-5.4879,55.585],[-5.4849,55.5847],[-5.4847,55.5844],[-5.4878,55.5788],[-5.4701,55.581],[-5.4668,55.5712],[-5.4676,55.5748],[-5.4585,55.5763],[-5.4598,55.5825],[-5.465,55.5855],[-5.4594,55.5868],[-5.4591,55.5907],[-5.471,55.5961],[-5.4759,55.6049],[-5.4764,55.6336],[-5.4834,55.6427],[-5.4689,55.6505],[-5.457,55.6782],[-5.4607,55.6825],[-5.4488,55.6877],[-5.4459,55.6973],[-5.4502,55.707],[-5.4342,55.7219],[-5.4279,55.7241],[-5.4227,55.7319],[-5.4107,55.735],[-5.4076,55.7423],[-5.3947,55.7509],[-5.3688,55.7558],[-5.3458,55.7666],[-5.3284,55.764],[-5.3176,55.7729],[-5.3139,55.784],[-5.3229,55.8057],[-5.3306,55.811],[-5.3399,55.8273],[-5.3556,55.8344],[-5.3856,55.8628],[-5.4037,55.8665],[-5.4151,55.8636],[-5.4064,55.871],[-5.406,55.868],[-5.3953,55.8705],[-5.4131,55.8899],[-5.4069,55.8872],[-5.4022,55.888],[-5.4083,55.8926],[-5.415,55.8907],[-5.4195,55.8966],[-5.4177,55.9075],[-5.4284,55.9467],[-5.4337,55.9545],[-5.4438,55.9578],[-5.451,55.9721],[-5.446,55.9744],[-5.4488,55.977],[-5.444,55.9812],[-5.4506,56.0082],[-5.4431,56.0125],[-5.4461,56.0123],[-5.4482,56.0173],[-5.4386,56.037],[-5.4305,56.0348],[-5.429,56.0105],[-5.4263,56.0116],[-5.422,56.0083],[-5.4078,56.0059],[-5.4081,56.0006],[-5.3943,56.0073],[-5.3913,56.0043],[-5.3838,56.007],[-5.3846,56.0024],[-5.3668,56.0153],[-5.3639,56.0228],[-5.3553,56.0245],[-5.3542,56.0218],[-5.3473,56.021],[-5.3381,56.0312],[-5.3365,56.0438],[-5.3409,56.0511],[-5.3264,56.0578],[-5.3366,56.0628],[-5.3341,56.0681],[-5.3213,56.0686],[-5.3242,56.0609],[-5.3156,56.0577],[-5.2969,56.0653],[-5.2916,56.081],[-5.2823,56.0892],[-5.2573,56.097],[-5.26,56.1003],[-5.253,56.1058],[-5.2548,56.1138],[-5.2432,56.1238],[-5.237,56.1243],[-5.236,56.1285],[-5.2288,56.1318],[-5.226,56.1309],[-5.1931,56.149],[-5.1738,56.1507],[-5.1628,56.1559],[-5.1458,56.1565],[-5.1168,56.1707],[-5.1071,56.1824],[-5.1044,56.2016],[-5.0961,56.2051],[-5.0897,56.2178],[-5.0775,56.2234],[-5.0699,56.2314],[-5.0725,56.2345],[-5.0537,56.2465],[-5.0451,56.2456],[-5.0474,56.2346],[-5.0398,56.2338],[-5.0099,56.2423],[-4.9974,56.2422],[-4.9724,56.2529],[-4.9484,56.2592],[-4.9277,56.2714],[-4.9215,56.2708],[-4.9242,56.2698],[-4.9206,56.2686],[-4.9391,56.2552],[-4.9448,56.2562],[-4.9491,56.2508],[-4.9645,56.2467],[-4.9815,56.2357],[-5.0219,56.2271],[-5.0591,56.209],[-5.072,56.1963],[-5.0842,56.1756],[-5.0804,56.1673],[-5.1006,56.1566],[-5.151,56.1381],[-5.1635,56.1382],[-5.1642,56.1402],[-5.2021,56.1292],[-5.2116,56.1155],[-5.208,56.1136],[-5.2104,56.1084],[-5.2045,56.1062],[-5.2142,56.103],[-5.2184,56.0968],[-5.2645,56.071],[-5.269,56.0626],[-5.2846,56.0548],[-5.2908,56.0479],[-5.2937,56.0372],[-5.3034,56.0269],[-5.3019,56.0236],[-5.3153,56.0117],[-5.3277,56.0081],[-5.3344,55.998],[-5.3416,55.9956],[-5.3388,55.9821],[-5.3469,55.9745],[-5.3471,55.9693],[-5.3417,55.963],[-5.333,55.9612],[-5.3283,55.9542],[-5.3435,55.9391],[-5.3412,55.9322],[-5.3459,55.9302],[-5.3481,55.924],[-5.3408,55.9207],[-5.3483,55.9168],[-5.3458,55.915],[-5.3513,55.9098],[-5.3441,55.9037],[-5.3529,55.8981],[-5.3458,55.8968],[-5.3478,55.8876],[-5.3401,55.8896],[-5.3356,55.8873],[-5.3372,55.8833],[-5.3306,55.8859],[-5.3266,55.8841],[-5.3235,55.8801],[-5.327,55.8779],[-5.323,55.8797],[-5.3136,55.8778],[-5.3207,55.8754],[-5.3169,55.8707],[-5.3113,55.8756],[-5.3162,55.8707],[-5.3141,55.8706],[-5.3111,55.8718],[-5.3091,55.8696],[-5.3176,55.857],[-5.3047,55.8552],[-5.3127,55.8525],[-5.3016,55.8518],[-5.2989,55.8536],[-5.3037,55.8552],[-5.2963,55.8548],[-5.2943,55.8575],[-5.2879,55.857],[-5.2893,55.85],[-5.285,55.8481],[-5.2717,55.8471],[-5.2672,55.8488],[-5.2676,55.8522],[-5.2582,55.8517],[-5.2516,55.8487],[-5.2494,55.84],[-5.2257,55.8378],[-5.216,55.8262],[-5.2121,55.8276],[-5.2067,55.8256],[-5.2006,55.8301],[-5.2021,55.8403],[-5.2085,55.8446],[-5.2081,55.8553],[-5.2135,55.8565],[-5.2163,55.8662],[-5.2204,55.867],[-5.2419,55.8944],[-5.2365,55.9045],[-5.2158,55.9164],[-5.2075,55.9164],[-5.1994,55.9324],[-5.1959,55.932],[-5.1944,55.9364],[-5.2025,55.9425],[-5.199,55.9706],[-5.1939,55.9809],[-5.187,55.9829],[-5.1894,55.9782],[-5.1835,55.9721],[-5.1894,55.9688],[-5.1853,55.9565],[-5.19,55.9471],[-5.1849,55.9382],[-5.1824,55.9396],[-5.1781,55.9379],[-5.1786,55.9328],[-5.1663,55.9323],[-5.1529,55.9223],[-5.1341,55.9158],[-5.1116,55.9014],[-5.0772,55.8981],[-5.0735,55.9058],[-5.0823,55.9385],[-5.0935,55.9542],[-5.1032,55.9584],[-5.118,55.9724],[-5.1188,55.9809],[-5.1293,55.9984],[-5.1277,56.0061],[-5.1231,56.0087],[-5.1191,55.9997],[-5.1226,55.9993],[-5.1158,55.9947],[-5.1056,55.9717],[-5.0966,55.9645],[-5.0837,55.9618],[-5.0685,55.9518],[-5.0551,55.9276],[-5.0571,55.9206],[-5.0497,55.9077],[-5.048,55.8912],[-5.0404,55.8816],[-5.0453,55.871],[-5.0399,55.8709],[-5.0384,55.8672],[-5.0346,55.8694],[-5.0245,55.8688],[-5.021,55.8655],[-4.9897,55.8646],[-4.9841,55.8611],[-4.9789,55.8618],[-4.9753,55.8773],[-4.9507,55.8984],[-4.9341,55.9435],[-4.9204,55.9454],[-4.9246,55.9505],[-4.9099,55.9601],[-4.9079,55.968],[-4.9157,55.9763],[-4.9308,55.9824],[-4.944,55.9808],[-4.9626,55.9927],[-4.9552,55.995],[-4.9546,56.0017],[-4.9282,55.9887],[-4.9193,55.9886],[-4.905,55.9831],[-4.897,55.9837],[-4.8943,55.9968],[-4.9031,56.0141],[-4.8994,56.0201],[-4.907,56.0324],[-4.9075,56.0448],[-4.9145,56.0509],[-4.898,56.0587],[-4.874,56.0862],[-4.8756,56.0941],[-4.9002,56.1039],[-4.9088,56.1118],[-4.9103,56.1221],[-4.9079,56.1299],[-4.9018,56.1332],[-4.9,56.1471],[-4.9174,56.1639],[-4.9079,56.1718],[-4.9014,56.1704],[-4.9011,56.1648],[-4.8827,56.1418],[-4.8915,56.1232],[-4.8869,56.1093],[-4.8831,56.104],[-4.8733,56.1046],[-4.8617,56.0999],[-4.8473,56.1179],[-4.8395,56.123],[-4.8321,56.123],[-4.8263,56.141],[-4.7924,56.1745],[-4.7862,56.1857],[-4.7802,56.1863],[-4.7762,56.1924],[-4.7567,56.1994],[-4.7484,56.2068],[-4.744,56.205],[-4.7487,56.1955],[-4.7693,56.187],[-4.781,56.1765],[-4.7881,56.1647],[-4.8158,56.1368],[-4.8196,56.1252],[-4.839,56.1134],[-4.8454,56.0996],[-4.8505,56.0977],[-4.88,56.0582],[-4.8811,56.0492],[-4.8673,56.0377],[-4.8678,56.0153],[-4.8529,56.0023],[-4.8527,55.9896],[-4.8369,55.9838],[-4.8175,55.9854],[-4.8033,55.9826],[-4.7994,55.9852],[-4.7879,55.9857],[-4.78,55.9887],[-4.7688,55.9874],[-4.7669,55.9896],[-4.7719,55.9929],[-4.7678,55.9976],[-4.771,56.0012],[-4.7749,56.0034],[-4.7847,56.0001],[-4.7927,56.0009],[-4.7956,56.0125],[-4.8062,56.013],[-4.8262,56.0342],[-4.8418,56.0589],[-4.8364,56.0803],[-4.8289,56.0789],[-4.8263,56.0676],[-4.8174,56.0651],[-4.8203,56.054],[-4.7872,56.0244],[-4.7843,56.0194],[-4.7875,56.015],[-4.7808,56.0166],[-4.774,56.0124],[-4.7648,56.0129],[-4.7614,56.0068],[-4.7364,56.003],[-4.7374,56.0009],[-4.7246,56.0012],[-4.7143,55.9943],[-4.7002,55.9917],[-4.6943,55.9855],[-4.6949,55.9792],[-4.6858,55.9754],[-4.6914,55.9731],[-4.7008,55.9752],[-4.705,55.9723],[-4.7019,55.9674],[-4.6838,55.9709],[-4.6668,55.9585],[-4.6544,55.9602],[-4.6347,55.9522],[-4.6232,55.9514],[-4.596,55.9434],[-4.5898,55.9393],[-4.565,55.939],[-4.5762,55.9442],[-4.5731,55.9494],[-4.5743,55.9437],[-4.5641,55.9425],[-4.5632,55.9352],[-4.5551,55.9369],[-4.5411,55.9329],[-4.5181,55.9323],[-4.5109,55.9297],[-4.5065,55.9311],[-4.5027,55.929],[-4.4834,55.9301],[-4.4667,55.9248],[-4.44,55.9069],[-4.4185,55.9033],[-4.4094,55.8973],[-4.4066,55.8984],[-4.4075,55.8958],[-4.3998,55.8917],[-4.3806,55.8871],[-4.3408,55.8701],[-4.3261,55.8678],[-4.3374,55.8683],[-4.3519,55.872],[-4.3834,55.8862],[-4.4036,55.8913],[-4.4055,55.8829],[-4.4114,55.8805],[-4.4068,55.8919],[-4.4165,55.8994],[-4.4349,55.9042],[-4.4281,55.8994],[-4.4463,55.907],[-4.4692,55.922],[-4.4869,55.9268],[-4.4985,55.9264],[-4.4943,55.9254],[-4.5039,55.9228],[-4.5153,55.9257],[-4.5289,55.9226],[-4.5695,55.9232],[-4.624,55.9332],[-4.6451,55.9311],[-4.6486,55.9333],[-4.6705,55.9331],[-4.7365,55.9462],[-4.7453,55.9443],[-4.764,55.9573],[-4.7666,55.9561],[-4.7723,55.9595],[-4.7917,55.9634],[-4.7988,55.9626],[-4.8032,55.9568],[-4.8117,55.9575],[-4.8162,55.9625],[-4.8201,55.9624],[-4.8311,55.9554],[-4.854,55.9517],[-4.8789,55.9424],[-4.8809,55.9334],[-4.876,55.9299],[-4.8748,55.9204],[-4.8824,55.9151],[-4.8783,55.9083],[-4.8771,55.9086],[-4.8783,55.9112],[-4.877,55.9116],[-4.8714,55.9099],[-4.8972,55.8961],[-4.8988,55.8904],[-4.8892,55.8812],[-4.8912,55.867],[-4.8874,55.847],[-4.8922,55.8388],[-4.8877,55.8179],[-4.8775,55.8043],[-4.8725,55.8041],[-4.8759,55.8031],[-4.8697,55.7984],[-4.8708,55.7906],[-4.8577,55.779],[-4.86,55.7765],[-4.8612,55.7729],[-4.8602,55.7752],[-4.8558,55.7748],[-4.8565,55.7716],[-4.8622,55.7726],[-4.8582,55.7713],[-4.8561,55.7711],[-4.8557,55.7664],[-4.8604,55.7631],[-4.8557,55.7577],[-4.8574,55.7469],[-4.8634,55.7494],[-4.8708,55.7468],[-4.876,55.7489],[-4.8688,55.7432],[-4.8754,55.7334],[-4.872,55.7326],[-4.8734,55.7303],[-4.8837,55.729],[-4.8822,55.7373],[-4.8886,55.7394],[-4.8955,55.7369],[-4.8864,55.7336],[-4.8848,55.7293],[-4.8939,55.7278],[-4.903,55.7222],[-4.9056,55.6992],[-4.9002,55.6952],[-4.8964,55.6966],[-4.8851,55.6946],[-4.8625,55.6841],[-4.8602,55.6762],[-4.8562,55.6735],[-4.8511,55.6738],[-4.8152,55.6479],[-4.8204,55.6443],[-4.8188,55.6421],[-4.8221,55.6423],[-4.8165,55.6417],[-4.8184,55.6395],[-4.8262,55.6412],[-4.8263,55.6401],[-4.8222,55.6376],[-4.8169,55.6361],[-4.8087,55.6399],[-4.7986,55.6388],[-4.7958,55.6305],[-4.789,55.632],[-4.7894,55.6294],[-4.7804,55.6333],[-4.7554,55.6298],[-4.7566,55.6305],[-4.7564,55.6322],[-4.7548,55.6337],[-4.755,55.6332],[-4.7553,55.6326],[-4.7562,55.6323],[-4.7562,55.6321],[-4.7564,55.6306],[-4.7531,55.6298],[-4.7494,55.6276],[-4.7502,55.6232],[-4.7467,55.6249],[-4.7314,55.6209],[-4.6982,55.6058],[-4.6913,55.6093],[-4.7074,55.6217],[-4.7149,55.6353],[-4.712,55.6386],[-4.7084,55.6396],[-4.6962,55.6418],[-4.6897,55.6402],[-4.686,55.6423],[-4.6873,55.641],[-4.6894,55.6401],[-4.6906,55.6401],[-4.6963,55.6415],[-4.7021,55.6393],[-4.7104,55.6383],[-4.7136,55.635],[-4.7001,55.6198],[-4.6871,55.6153],[-4.6871,55.6092],[-4.6839,55.6126],[-4.6835,55.6124],[-4.6845,55.6116],[-4.6831,55.6109],[-4.6837,55.6097],[-4.6818,55.6115],[-4.6863,55.6202],[-4.68,55.6232],[-4.6852,55.6184],[-4.6791,55.6104],[-4.6957,55.6042],[-4.685,55.5995],[-4.6695,55.5869],[-4.6595,55.5733],[-4.6577,55.5607],[-4.66,55.5476],[-4.6713,55.5454],[-4.6838,55.5511],[-4.6859,55.5467],[-4.6726,55.54],[-4.6644,55.542],[-4.6493,55.5267],[-4.6313,55.5188],[-4.6215,55.5039],[-4.6208,55.4943],[-4.6277,55.4896],[-4.6295,55.4761],[-4.6437,55.4705],[-4.64,55.4692],[-4.6409,55.4668],[-4.6412,55.4686],[-4.6459,55.4695],[-4.6423,55.4686],[-4.6424,55.4586],[-4.6511,55.4409],[-4.6776,55.4384],[-4.694,55.4317],[-4.7129,55.433],[-4.7219,55.4264],[-4.7365,55.4247],[-4.7543,55.4162],[-4.7582,55.4066],[-4.7697,55.4007],[-4.7697,55.3721],[-4.7748,55.3601],[-4.8052,55.35],[-4.8095,55.3477],[-4.8128,55.3372],[-4.823,55.3333],[-4.8218,55.3368],[-4.847,55.3238],[-4.839,55.3142],[-4.8361,55.2844],[-4.8536,55.2555],[-4.8641,55.2456],[-4.8564,55.2438],[-4.8575,55.2473],[-4.8555,55.2441],[-4.8563,55.2435],[-4.8585,55.2435],[-4.865,55.2454],[-4.8591,55.2331],[-4.8604,55.2268],[-4.8723,55.2177],[-4.8795,55.2177],[-4.9107,55.1984],[-4.9414,55.1643],[-4.9502,55.1632],[-4.9844,55.1473],[-4.9965,55.1381],[-4.9995,55.1143],[-5.0045,55.106],[-5.0102,55.1041],[-5.0098,55.0926],[-5.0068,55.0938],[-5.0142,55.0873],[-5.0302,55.0785],[-5.0524,55.0509],[-5.0521,55.0419],[-5.0606,55.0292],[-5.0546,55.0114],[-5.0496,55.0109],[-5.0387,54.9963],[-5.0358,54.9854],[-5.0394,54.9863],[-5.0303,54.9802],[-5.0308,54.9743],[-5.024,54.9688],[-5.0298,54.9739],[-5.019,54.9702],[-5.0177,54.9639],[-5.0142,54.9637],[-5.0169,54.9627],[-5.0061,54.9539],[-5.0066,54.9441],[-5.0011,54.9422],[-4.9927,54.9289],[-4.9905,54.9186],[-4.9945,54.9141],[-5.0166,54.9057],[-5.0264,54.9106],[-5.0226,54.9064],[-5.0303,54.9062],[-5.0291,54.9085],[-5.035,54.9083],[-5.0616,54.9245],[-5.0684,54.9335],[-5.0718,54.9502],[-5.0688,54.9536],[-5.0751,54.9637],[-5.0688,54.9673],[-5.0607,54.9677],[-5.0722,54.9819],[-5.0702,54.9881],[-5.0754,54.9957],[-5.0864,55.0001],[-5.0961,55.0172],[-5.1104,55.0175],[-5.1375,55.007],[-5.1572,55.0086],[-5.1729,54.9952],[-5.1716,54.9914],[-5.1863,54.975],[-5.1781,54.9719],[-5.1864,54.9514],[-5.1849,54.9159],[-5.1451,54.8712],[-5.1489,54.8623],[-5.1457,54.8576],[-5.1402,54.8567],[-5.1362,54.8496],[-5.1289,54.8514],[-5.1296,54.8467],[-5.1168,54.8416],[-5.1186,54.8401],[-5.1073,54.8342],[-5.1059,54.8302],[-5.0876,54.8275],[-5.0772,54.8159],[-5.0532,54.809],[-5.0398,54.7993],[-5.0426,54.7923],[-5.0311,54.7901],[-5.0192,54.7818],[-5.011,54.7834],[-5.0115,54.7795],[-5.0003,54.771],[-4.9987,54.7644],[-5.006,54.7617],[-5.0039,54.7548],[-4.9868,54.7503],[-4.9924,54.7353],[-4.9882,54.7326],[-4.9733,54.7329],[-4.9572,54.7286],[-4.9561,54.7239],[-4.9645,54.7213],[-4.9666,54.7169],[-4.9565,54.7048],[-4.9478,54.7005],[-4.9726,54.6898],[-4.9741,54.684],[-4.9689,54.6778],[-4.9634,54.6767],[-4.9678,54.6731],[-4.9648,54.6641],[-4.9526,54.6616],[-4.953,54.6595],[-4.9223,54.6435],[-4.9086,54.6434],[-4.8922,54.6384],[-4.8833,54.6396],[-4.8848,54.6373],[-4.8754,54.6332],[-4.8555,54.6338],[-4.8528,54.6375],[-4.8781,54.6401],[-4.8785,54.6482],[-4.8837,54.6536],[-4.8823,54.6689],[-4.8667,54.6818],[-4.8823,54.6859],[-4.8861,54.6919],[-4.8957,54.6922],[-4.8994,54.6991],[-4.9056,54.701],[-4.905,54.7116],[-4.9111,54.7262],[-4.9159,54.729],[-4.9142,54.7343],[-4.9204,54.7373],[-4.9175,54.7432],[-4.9275,54.7495],[-4.9322,54.7619],[-4.9398,54.7643],[-4.9386,54.7767],[-4.9462,54.7851],[-4.9495,54.7962],[-4.9611,54.8044],[-4.936,54.8321],[-4.923,54.8342],[-4.8871,54.8488],[-4.8521,54.8576],[-4.8509,54.8629],[-4.8569,54.8674],[-4.8666,54.8646],[-4.8717,54.8653],[-4.8611,54.8665],[-4.8607,54.8687],[-4.8564,54.8701],[-4.834,54.8636],[-4.8196,54.8609],[-4.8166,54.8639],[-4.8084,54.8604],[-4.8031,54.8504],[-4.7926,54.8464],[-4.7819,54.8326],[-4.763,54.8271],[-4.7507,54.8298],[-4.7086,54.8239],[-4.6741,54.8011],[-4.6256,54.7827],[-4.6007,54.7769],[-4.5853,54.7651],[-4.585,54.7574],[-4.5774,54.7511],[-4.5714,54.7379],[-4.5455,54.7334],[-4.5401,54.7278],[-4.5432,54.7241],[-4.5309,54.7225],[-4.5168,54.7122],[-4.4896,54.7015],[-4.456,54.6961],[-4.4053,54.6775],[-4.3868,54.6781],[-4.365,54.6898],[-4.3656,54.7003],[-4.3595,54.6948],[-4.3616,54.7008],[-4.3534,54.703],[-4.3478,54.7111],[-4.3516,54.7178],[-4.362,54.7176],[-4.3668,54.7231],[-4.3622,54.7376],[-4.3667,54.7419],[-4.3574,54.7514],[-4.3546,54.7676],[-4.3707,54.772],[-4.3683,54.7758],[-4.3602,54.7776],[-4.3626,54.7884],[-4.3681,54.7877],[-4.3693,54.7929],[-4.3631,54.7957],[-4.3534,54.7906],[-4.3466,54.7906],[-4.3408,54.8005],[-4.3539,54.8138],[-4.3687,54.8155],[-4.381,54.8214],[-4.3896,54.8209],[-4.4068,54.8247],[-4.4137,54.8292],[-4.4201,54.8469],[-4.4186,54.8567],[-4.422,54.8579],[-4.4218,54.8636],[-4.427,54.864],[-4.4224,54.8706],[-4.4262,54.8812],[-4.4205,54.8868],[-4.3954,54.8934],[-4.4063,54.9006],[-4.3988,54.9137],[-4.4215,54.9202],[-4.4256,54.9266],[-4.4241,54.9324],[-4.4453,54.9308],[-4.4559,54.9349],[-4.4531,54.9387],[-4.4436,54.9386],[-4.4457,54.9444],[-4.4507,54.9432],[-4.4534,54.9433],[-4.4553,54.946],[-4.4585,54.9436],[-4.4568,54.9459],[-4.4548,54.9464],[-4.4533,54.9461],[-4.4514,54.9436],[-4.4464,54.9451],[-4.4438,54.9442],[-4.4434,54.9369],[-4.4508,54.9373],[-4.4454,54.9327],[-4.4351,54.9346],[-4.4174,54.9324],[-4.4222,54.9278],[-4.42,54.9216],[-4.3971,54.9163],[-4.4,54.9041],[-4.3935,54.8988],[-4.3872,54.8989],[-4.3887,54.8973],[-4.3918,54.8985],[-4.3818,54.8869],[-4.3834,54.8778],[-4.3742,54.8767],[-4.3625,54.8631],[-4.3036,54.8434],[-4.2814,54.8419],[-4.2643,54.8357],[-4.2569,54.8379],[-4.2549,54.8446],[-4.2312,54.8542],[-4.2267,54.8649],[-4.202,54.8673],[-4.2236,54.8489],[-4.2191,54.8437],[-4.2252,54.8412],[-4.2208,54.8382],[-4.2158,54.8392],[-4.2192,54.8369],[-4.2136,54.8374],[-4.2211,54.8292],[-4.2166,54.8301],[-4.2192,54.8255],[-4.2072,54.8206],[-4.2092,54.8135],[-4.2022,54.8129],[-4.1943,54.8082],[-4.1906,54.8099],[-4.1851,54.8067],[-4.1806,54.8085],[-4.1863,54.8034],[-4.1791,54.7921],[-4.1698,54.787],[-4.1638,54.7884],[-4.1593,54.7803],[-4.1552,54.7813],[-4.1524,54.7778],[-4.1387,54.7759],[-4.1314,54.779],[-4.1249,54.7876],[-4.1213,54.7876],[-4.1245,54.7775],[-4.116,54.7757],[-4.1117,54.7775],[-4.1094,54.7686],[-4.0951,54.7654],[-4.0939,54.766],[-4.0933,54.7693],[-4.0908,54.7712],[-4.09,54.7752],[-4.1057,54.7787],[-4.0897,54.7813],[-4.0925,54.7868],[-4.0879,54.8057],[-4.0913,54.8143],[-4.0814,54.8188],[-4.0628,54.84],[-4.0508,54.8395],[-4.0454,54.8463],[-4.0507,54.8493],[-4.0494,54.8638],[-4.0477,54.8608],[-4.0487,54.8587],[-4.0394,54.8581],[-4.049,54.8533],[-4.0415,54.848],[-4.0494,54.8385],[-4.0617,54.8378],[-4.06,54.827],[-4.0688,54.8222],[-4.0732,54.8149],[-4.0727,54.813],[-4.068,54.8135],[-4.0557,54.8255],[-4.049,54.8216],[-4.0455,54.8137],[-4.0631,54.7943],[-4.0649,54.781],[-4.0448,54.7698],[-4.029,54.7731],[-4.0118,54.7704],[-4.0063,54.7745],[-3.984,54.7686],[-3.9624,54.772],[-3.9584,54.7794],[-3.9421,54.785],[-3.9395,54.7886],[-3.9264,54.7892],[-3.9038,54.797],[-3.8749,54.803],[-3.8589,54.8156],[-3.8387,54.8155],[-3.8248,54.8235],[-3.828,54.8274],[-3.8355,54.8268],[-3.8408,54.8338],[-3.8592,54.8419],[-3.8624,54.8464],[-3.8526,54.8506],[-3.8449,54.8465],[-3.8346,54.8462],[-3.8474,54.8536],[-3.8458,54.8556],[-3.8399,54.8534],[-3.8516,54.8621],[-3.8416,54.8663],[-3.823,54.8469],[-3.8135,54.8438],[-3.8072,54.8453],[-3.8088,54.8532],[-3.8138,54.8525],[-3.8164,54.8576],[-3.826,54.8614],[-3.8235,54.8676],[-3.8294,54.875],[-3.8265,54.8767],[-3.8223,54.8769],[-3.8193,54.8725],[-3.8129,54.8727],[-3.8,54.8647],[-3.7945,54.8649],[-3.7878,54.853],[-3.7631,54.8563],[-3.7525,54.8623],[-3.7425,54.8638],[-3.7403,54.8688],[-3.7261,54.8761],[-3.7301,54.8779],[-3.7275,54.8806],[-3.7166,54.8799],[-3.6987,54.884],[-3.6948,54.8871],[-3.6955,54.8848],[-3.701,54.8828],[-3.6974,54.8802],[-3.6388,54.8789],[-3.6106,54.8749],[-3.6057,54.872],[-3.5949,54.8728],[-3.5952,54.8841],[-3.5745,54.8928],[-3.563,54.9073],[-3.572,54.9234],[-3.5826,54.926],[-3.5882,54.931],[-3.5874,54.9414],[-3.5773,54.9612],[-3.5859,54.9751],[-3.576,54.98],[-3.5771,55.0082],[-3.6062,55.0343],[-3.6074,55.0465],[-3.6125,55.052],[-3.6042,55.0587],[-3.6152,55.0681],[-3.6103,55.0656],[-3.6033,55.0589],[-3.6038,55.0572],[-3.6118,55.0524],[-3.6054,55.0469],[-3.6037,55.0328],[-3.5776,55.0149],[-3.5729,54.9963],[-3.5559,54.9783],[-3.5313,54.9686],[-3.4849,54.9675],[-3.4651,54.9717],[-3.4486,54.9783],[-3.4376,54.9878],[-3.4381,54.9899],[-3.4496,54.9907],[-3.4574,54.9875],[-3.4546,54.9835],[-3.4596,54.9805],[-3.4553,54.9837],[-3.4579,54.9854],[-3.4581,54.9884],[-3.45,54.9924],[-3.434,54.9921],[-3.411,54.9791],[-3.3723,54.9706],[-3.3412,54.9737],[-3.3279,54.9788],[-3.2937,54.9693],[-3.2695,54.9656],[-3.2638,54.9673],[-3.2719,54.9703],[-3.2747,54.9765],[-3.2671,54.969],[-3.2538,54.9722],[-3.241,54.968],[-3.2369,54.9711],[-3.207,54.9771],[-3.1494,54.9638],[-3.1196,54.976],[-3.1034,54.9786],[-3.0913,54.9755],[-3.0892,54.9786],[-3.056,54.9876],[-3.0464,54.9845],[-3.0455,54.9787],[-3.0385,54.9747],[-3.0389,54.9692],[-3.0088,54.9742],[-3.0374,54.9665],[-3.0426,54.9694],[-3.042,54.9744],[-3.0469,54.9756],[-3.0471,54.9737],[-3.0485,54.9752],[-3.0474,54.9768],[-3.0509,54.9753],[-3.0477,54.9772],[-3.0513,54.9772],[-3.0518,54.9824],[-3.0561,54.9826],[-3.0673,54.9678],[-3.0677,54.9696],[-3.0782,54.9625],[-3.0786,54.9626],[-3.0785,54.9629],[-3.0769,54.9635],[-3.0773,54.9642],[-3.0745,54.9663],[-3.0849,54.9616],[-3.0919,54.9616],[-3.0935,54.9581],[-3.0958,54.9581],[-3.0958,54.9584],[-3.0957,54.9586],[-3.094,54.9595],[-3.0937,54.9603],[-3.0969,54.9595],[-3.1019,54.9551],[-3.0852,54.9593],[-3.0937,54.9539],[-3.0975,54.9545],[-3.0964,54.9528],[-3.0983,54.9544],[-3.1021,54.9531],[-3.0974,54.9502],[-3.0988,54.9497],[-3.1028,54.9506],[-3.096,54.9471],[-3.0879,54.9513],[-3.0859,54.9489],[-3.0769,54.951],[-3.0786,54.9524],[-3.0717,54.9536],[-3.0717,54.9534],[-3.0721,54.9532],[-3.0731,54.9529],[-3.0738,54.9531],[-3.0747,54.9527],[-3.0752,54.9518],[-3.0769,54.9506],[-3.0812,54.9494],[-3.0763,54.9474],[-3.0525,54.9505],[-3.0579,54.9539],[-3.0541,54.9537],[-3.0473,54.9496],[-3.0524,54.9553],[-3.0605,54.9567],[-3.0595,54.9573],[-3.0557,54.9569],[-3.0499,54.9554],[-3.0498,54.9566],[-3.0474,54.9502],[-3.0392,54.9461],[-3.0162,54.9481],[-3.007,54.9465],[-2.9992,54.9352],[-3.006,54.9307],[-3.0029,54.9386],[-3.0098,54.9465],[-3.0332,54.9441],[-3.0494,54.9445],[-3.0491,54.9461],[-3.0624,54.945],[-3.065,54.9399],[-3.0844,54.9345],[-3.0838,54.9278],[-3.0851,54.934],[-3.0961,54.9318],[-3.0997,54.928],[-3.119,54.9252],[-3.1217,54.9278],[-3.1445,54.9289],[-3.1549,54.9327],[-3.1573,54.9378],[-3.1794,54.9429],[-3.1862,54.9499],[-3.2115,54.9543],[-3.2282,54.9518],[-3.2322,54.9532],[-3.2318,54.9507],[-3.242,54.9459],[-3.2839,54.9353],[-3.2969,54.9264],[-3.3019,54.9182],[-3.3023,54.9124],[-3.2955,54.9071],[-3.2736,54.9032],[-3.2587,54.9115],[-3.2476,54.9139],[-3.2336,54.9114],[-3.2205,54.9024],[-3.2145,54.9054],[-3.2097,54.9039],[-3.2025,54.9095],[-3.1984,54.9083],[-3.1948,54.9115],[-3.193,54.9117],[-3.1921,54.9114],[-3.1916,54.9094],[-3.188,54.9098],[-3.1867,54.9091],[-3.188,54.9077],[-3.1925,54.9069],[-3.1904,54.9066],[-3.1895,54.9056],[-3.1895,54.9047],[-3.1918,54.9005],[-3.1885,54.9018],[-3.1849,54.8987],[-3.1862,54.8982],[-3.1898,54.8987],[-3.1853,54.8964],[-3.186,54.8934],[-3.1899,54.8926],[-3.1873,54.8905],[-3.1828,54.8921],[-3.1846,54.8909],[-3.1874,54.8904],[-3.19,54.8925],[-3.1898,54.893],[-3.1862,54.8935],[-3.1871,54.8943],[-3.1875,54.8957],[-3.1855,54.8965],[-3.1897,54.8981],[-3.1901,54.8987],[-3.1851,54.8987],[-3.1887,54.9017],[-3.191,54.9002],[-3.1916,54.9002],[-3.192,54.9004],[-3.1921,54.9011],[-3.1898,54.9046],[-3.1897,54.9057],[-3.1906,54.9065],[-3.1923,54.9065],[-3.1927,54.9069],[-3.1908,54.9085],[-3.188,54.9078],[-3.1868,54.9092],[-3.1879,54.9097],[-3.1898,54.909],[-3.1919,54.9093],[-3.1925,54.9114],[-3.1946,54.9115],[-3.1959,54.9092],[-3.1984,54.9081],[-3.2022,54.9094],[-3.2008,54.9078],[-3.2094,54.9036],[-3.221,54.9018],[-3.2337,54.9094],[-3.2447,54.9104],[-3.2412,54.9067],[-3.2435,54.9076],[-3.247,54.9113],[-3.2543,54.9109],[-3.2544,54.9045],[-3.2486,54.9021],[-3.2526,54.8975],[-3.2532,54.8997],[-3.2517,54.903],[-3.2554,54.9011],[-3.2534,54.8954],[-3.257,54.8971],[-3.2574,54.8977],[-3.2577,54.8944],[-3.2609,54.8955],[-3.2645,54.892],[-3.2591,54.8922],[-3.2614,54.8909],[-3.2637,54.8913],[-3.2637,54.8899],[-3.265,54.8916],[-3.2664,54.8901],[-3.2628,54.8886],[-3.26,54.8905],[-3.2662,54.8857],[-3.263,54.8885],[-3.268,54.8882],[-3.2684,54.8887],[-3.2677,54.8894],[-3.2665,54.8897],[-3.2665,54.8917],[-3.2676,54.8918],[-3.2693,54.8889],[-3.2697,54.8905],[-3.2698,54.8885],[-3.2716,54.89],[-3.271,54.8886],[-3.2735,54.8873],[-3.2734,54.8882],[-3.2723,54.8892],[-3.2716,54.8892],[-3.2723,54.8895],[-3.2719,54.8901],[-3.2708,54.8904],[-3.2698,54.8901],[-3.2725,54.8911],[-3.2772,54.8856],[-3.2753,54.8906],[-3.2793,54.8893],[-3.2779,54.8863],[-3.279,54.8865],[-3.2798,54.8893],[-3.2777,54.8911],[-3.2818,54.8882],[-3.282,54.8884],[-3.2819,54.889],[-3.2802,54.8905],[-3.2823,54.8899],[-3.2812,54.8906],[-3.2782,54.8913],[-3.2746,54.8907],[-3.2754,54.8919],[-3.2885,54.892],[-3.2873,54.8894],[-3.2838,54.8887],[-3.28,54.884],[-3.281,54.884],[-3.2829,54.8856],[-3.284,54.8883],[-3.2852,54.8881],[-3.2864,54.8885],[-3.2858,54.8842],[-3.2811,54.8832],[-3.2843,54.882],[-3.2778,54.8778],[-3.2835,54.8693],[-3.2794,54.87],[-3.2846,54.8672],[-3.2802,54.8619],[-3.2848,54.859],[-3.2899,54.8588],[-3.292,54.86],[-3.297,54.8574],[-3.2948,54.8551],[-3.2849,54.854],[-3.2835,54.853],[-3.2852,54.854],[-3.2872,54.8534],[-3.2879,54.8535],[-3.2946,54.8549],[-3.2962,54.8557],[-3.2973,54.8576],[-3.2958,54.8587],[-3.292,54.8604],[-3.2856,54.8591],[-3.2826,54.8623],[-3.2882,54.867],[-3.2823,54.8772],[-3.2909,54.8791],[-3.2886,54.8779],[-3.2878,54.8762],[-3.2858,54.8753],[-3.2866,54.8754],[-3.2877,54.876],[-3.2885,54.8766],[-3.2888,54.8779],[-3.2905,54.878],[-3.2938,54.8802],[-3.2873,54.874],[-3.2886,54.8723],[-3.2894,54.8728],[-3.2896,54.8732],[-3.2893,54.8736],[-3.2898,54.8737],[-3.2904,54.8743],[-3.2902,54.8752],[-3.2921,54.876],[-3.2944,54.8777],[-3.2947,54.8759],[-3.2955,54.8819],[-3.3002,54.8814],[-3.2982,54.8799],[-3.2984,54.8796],[-3.2984,54.8799],[-3.2992,54.8801],[-3.3004,54.8811],[-3.3008,54.8818],[-3.2983,54.8827],[-3.2962,54.8825],[-3.2987,54.8838],[-3.3017,54.8849],[-3.3031,54.8829],[-3.3052,54.8859],[-3.3078,54.8835],[-3.3079,54.8843],[-3.3058,54.8859],[-3.3105,54.8855],[-3.3117,54.8882],[-3.3126,54.8862],[-3.3157,54.8887],[-3.3195,54.8868],[-3.3198,54.8874],[-3.3194,54.8881],[-3.3187,54.8879],[-3.3184,54.8886],[-3.3166,54.8888],[-3.3248,54.8888],[-3.3258,54.8865],[-3.3265,54.8865],[-3.326,54.8866],[-3.3266,54.887],[-3.3254,54.8889],[-3.3305,54.8899],[-3.328,54.8892],[-3.3284,54.8872],[-3.3287,54.8873],[-3.3291,54.8882],[-3.3284,54.8892],[-3.3349,54.8895],[-3.3396,54.8958],[-3.3445,54.8945],[-3.3357,54.8901],[-3.3365,54.8899],[-3.339,54.8907],[-3.3457,54.8947],[-3.347,54.8939],[-3.3447,54.8924],[-3.3456,54.8912],[-3.335,54.8885],[-3.3368,54.8882],[-3.3382,54.8882],[-3.3425,54.8894],[-3.3469,54.8912],[-3.3451,54.8924],[-3.3478,54.8915],[-3.3487,54.8895],[-3.3417,54.889],[-3.3417,54.886],[-3.3395,54.8864],[-3.3269,54.8852],[-3.3381,54.8859],[-3.3412,54.8825],[-3.3428,54.8837],[-3.3426,54.8842],[-3.3414,54.8852],[-3.3384,54.886],[-3.3411,54.8856],[-3.3424,54.8861],[-3.3421,54.8888],[-3.3453,54.8887],[-3.3489,54.8892],[-3.3478,54.8938],[-3.3548,54.8911],[-3.3507,54.8895],[-3.3483,54.8879],[-3.3491,54.8881],[-3.3509,54.889],[-3.3508,54.8894],[-3.3516,54.8893],[-3.3531,54.8898],[-3.3525,54.8869],[-3.3576,54.8918],[-3.359,54.8901],[-3.3606,54.8897],[-3.3587,54.8883],[-3.3578,54.8886],[-3.3572,54.8882],[-3.3593,54.8858],[-3.3597,54.8864],[-3.3593,54.8876],[-3.3573,54.8882],[-3.3578,54.8885],[-3.3581,54.8882],[-3.3586,54.8882],[-3.3604,54.8893],[-3.3606,54.8895],[-3.3606,54.8898],[-3.36,54.8902],[-3.3591,54.8902],[-3.3596,54.8907],[-3.359,54.8913],[-3.3576,54.892],[-3.3555,54.892],[-3.355,54.8912],[-3.3545,54.8921],[-3.3527,54.8927],[-3.3509,54.8926],[-3.3511,54.8933],[-3.3505,54.8937],[-3.335,54.899],[-3.3361,54.8996],[-3.3486,54.8982],[-3.367,54.8915],[-3.3863,54.8749],[-3.3971,54.8696],[-3.3943,54.868],[-3.3987,54.869],[-3.4106,54.8391],[-3.4379,54.8016],[-3.4315,54.7811],[-3.4358,54.7607],[-3.4598,54.7413],[-3.4958,54.7242],[-3.5036,54.711],[-3.4935,54.7128],[-3.4949,54.712],[-3.496,54.7117],[-3.4982,54.7115],[-3.5,54.7116],[-3.5004,54.7103],[-3.502,54.7099],[-3.5038,54.7108],[-3.5041,54.7116],[-3.5016,54.7149],[-3.5099,54.7176],[-3.5193,54.6926],[-3.5475,54.6739],[-3.5611,54.6625],[-3.5639,54.6553],[-3.5717,54.6509],[-3.5633,54.6481],[-3.5519,54.6504],[-3.5441,54.6473],[-3.5533,54.6499],[-3.56,54.6476],[-3.5645,54.648],[-3.5634,54.647],[-3.5571,54.6462],[-3.562,54.6463],[-3.58,54.6523],[-3.569,54.6131],[-3.5659,54.6123],[-3.5702,54.6119],[-3.5713,54.6126],[-3.5708,54.6028],[-3.5829,54.5912],[-3.5803,54.5723],[-3.5833,54.5654],[-3.5903,54.5599],[-3.591,54.5522],[-3.5959,54.5529],[-3.5925,54.552],[-3.5955,54.5496],[-3.5989,54.5529],[-3.6068,54.5308],[-3.6139,54.5249],[-3.6383,54.5182],[-3.6401,54.515],[-3.6194,54.4908],[-3.6082,54.4911],[-3.5938,54.4828],[-3.5632,54.4517],[-3.4881,54.3975],[-3.4612,54.3657],[-3.4348,54.345],[-3.4286,54.3438],[-3.4162,54.351],[-3.4198,54.3492],[-3.4231,54.3539],[-3.4328,54.3544],[-3.44,54.3582],[-3.4421,54.3617],[-3.4387,54.3636],[-3.4434,54.369],[-3.4408,54.3724],[-3.4421,54.3688],[-3.4364,54.3666],[-3.4351,54.3651],[-3.4361,54.3632],[-3.4343,54.3646],[-3.4345,54.364],[-3.4348,54.3638],[-3.4354,54.3637],[-3.4353,54.3633],[-3.437,54.3623],[-3.4379,54.3606],[-3.4307,54.3558],[-3.4247,54.3594],[-3.4117,54.3579],[-3.4142,54.364],[-3.4107,54.3611],[-3.4116,54.363],[-3.4061,54.3616],[-3.3999,54.3646],[-3.4113,54.3574],[-3.4052,54.3484],[-3.4047,54.338],[-3.4004,54.3395],[-3.4027,54.3406],[-3.3899,54.3415],[-3.3894,54.3446],[-3.382,54.3511],[-3.3792,54.3511],[-3.3767,54.3496],[-3.3748,54.3499],[-3.3739,54.3557],[-3.3706,54.3534],[-3.3671,54.3554],[-3.3688,54.3538],[-3.3703,54.3533],[-3.3711,54.3532],[-3.3738,54.3555],[-3.3736,54.3513],[-3.3749,54.3495],[-3.3773,54.3495],[-3.3801,54.3509],[-3.3829,54.3501],[-3.3875,54.3406],[-3.3924,54.337],[-3.3923,54.3373],[-3.3928,54.3371],[-3.3931,54.3371],[-3.3933,54.3373],[-3.3919,54.3397],[-3.3937,54.3392],[-3.4006,54.3323],[-3.4024,54.3326],[-3.4025,54.3331],[-3.4,54.335],[-3.412,54.3383],[-3.41,54.3503],[-3.4232,54.3389],[-3.4246,54.3287],[-3.4155,54.3036],[-3.417,54.2971],[-3.4225,54.2938],[-3.4215,54.2851],[-3.3932,54.2537],[-3.3708,54.2371],[-3.3212,54.1903],[-3.3079,54.1882],[-3.2927,54.1877],[-3.2849,54.19],[-3.2975,54.1881],[-3.2827,54.1967],[-3.2704,54.1905],[-3.2542,54.1915],[-3.2392,54.2031],[-3.2496,54.2099],[-3.2513,54.2159],[-3.2565,54.2149],[-3.256,54.2114],[-3.2597,54.2123],[-3.2575,54.2138],[-3.2622,54.2136],[-3.2566,54.2164],[-3.2533,54.2158],[-3.2561,54.219],[-3.255,54.2216],[-3.254,54.2169],[-3.2512,54.2194],[-3.2538,54.2213],[-3.2534,54.2223],[-3.2505,54.2225],[-3.2509,54.2228],[-3.2521,54.2226],[-3.2521,54.2236],[-3.2521,54.2228],[-3.2509,54.223],[-3.2504,54.2225],[-3.2518,54.2219],[-3.2532,54.2222],[-3.2508,54.2192],[-3.2527,54.2167],[-3.2492,54.2182],[-3.2497,54.2209],[-3.2488,54.2183],[-3.2498,54.2172],[-3.2464,54.219],[-3.2452,54.2275],[-3.2433,54.2268],[-3.245,54.2252],[-3.2431,54.2251],[-3.2458,54.2204],[-3.2407,54.2201],[-3.2416,54.2234],[-3.2364,54.2276],[-3.2399,54.2302],[-3.2373,54.2297],[-3.2356,54.2274],[-3.2403,54.2232],[-3.2377,54.2187],[-3.2277,54.2237],[-3.2266,54.2258],[-3.2297,54.2254],[-3.2294,54.2256],[-3.2276,54.2257],[-3.2271,54.226],[-3.2264,54.226],[-3.2256,54.2265],[-3.2301,54.2279],[-3.2293,54.2282],[-3.2291,54.2282],[-3.2254,54.2275],[-3.2372,54.2311],[-3.2388,54.2331],[-3.2367,54.2342],[-3.2326,54.2319],[-3.2327,54.2356],[-3.2307,54.2371],[-3.2321,54.237],[-3.2323,54.2374],[-3.232,54.2371],[-3.231,54.2373],[-3.2306,54.2372],[-3.2325,54.2355],[-3.2317,54.235],[-3.2319,54.2342],[-3.2306,54.2333],[-3.2315,54.2297],[-3.2271,54.2292],[-3.226,54.2343],[-3.2248,54.233],[-3.2251,54.2302],[-3.2189,54.2311],[-3.2188,54.2351],[-3.2244,54.2373],[-3.2183,54.2357],[-3.2191,54.2392],[-3.2261,54.2487],[-3.2311,54.2504],[-3.2383,54.2472],[-3.2316,54.2506],[-3.227,54.2498],[-3.2287,54.2526],[-3.2256,54.2501],[-3.2229,54.2519],[-3.2323,54.2602],[-3.2269,54.2651],[-3.2245,54.2755],[-3.2312,54.2831],[-3.2281,54.2816],[-3.2241,54.2756],[-3.2239,54.2648],[-3.2291,54.26],[-3.2156,54.2563],[-3.212,54.2502],[-3.2113,54.2528],[-3.2108,54.251],[-3.2125,54.2472],[-3.2023,54.2407],[-3.1963,54.229],[-3.193,54.2289],[-3.1903,54.2339],[-3.187,54.2336],[-3.1879,54.2331],[-3.1902,54.2337],[-3.1896,54.2324],[-3.192,54.2289],[-3.1986,54.2223],[-3.2023,54.2112],[-3.2119,54.2086],[-3.2097,54.1996],[-3.2145,54.1876],[-3.2181,54.1869],[-3.2152,54.1857],[-3.2159,54.1858],[-3.2168,54.1861],[-3.2216,54.1883],[-3.223,54.1878],[-3.2152,54.1848],[-3.2181,54.1762],[-3.2306,54.1712],[-3.2465,54.1721],[-3.2588,54.1675],[-3.2493,54.1546],[-3.243,54.1586],[-3.237,54.155],[-3.244,54.1363],[-3.2449,54.1169],[-3.2394,54.1044],[-3.2258,54.0936],[-3.22,54.093],[-3.2145,54.0981],[-3.1943,54.1042],[-3.1915,54.103],[-3.1852,54.0957],[-3.1867,54.0905],[-3.1737,54.0833],[-3.178,54.0749],[-3.173,54.0738],[-3.1712,54.0795],[-3.1506,54.0647],[-3.1519,54.0703],[-3.1517,54.0673],[-3.1724,54.0819],[-3.1651,54.083],[-3.1316,54.1022],[-3.1209,54.1125],[-3.1052,54.1191],[-3.1007,54.1281],[-3.0879,54.1363],[-3.0777,54.1542],[-3.0609,54.162],[-3.0586,54.1719],[-3.0626,54.1785],[-3.0635,54.1862],[-3.0631,54.186],[-3.0622,54.1839],[-3.062,54.1804],[-3.0533,54.1884],[-3.0532,54.1983],[-3.0489,54.2005],[-3.0446,54.1994],[-3.0344,54.2127],[-3.0399,54.217],[-3.0533,54.2204],[-3.0522,54.2315],[-3.0462,54.2407],[-3.0371,54.24],[-3.0362,54.2439],[-3.0315,54.2452],[-3.0275,54.2424],[-3.032,54.2387],[-3.0316,54.2398],[-3.0287,54.2415],[-3.0331,54.2439],[-3.0341,54.2396],[-3.0445,54.2374],[-3.0497,54.2304],[-3.0432,54.2265],[-3.0323,54.2281],[-3.022,54.2119],[-3.0153,54.2078],[-3.0186,54.2004],[-3.0194,54.2004],[-3.0209,54.201],[-3.0228,54.201],[-3.0254,54.1977],[-3.0347,54.1961],[-3.0388,54.1972],[-3.0212,54.1872],[-3.0221,54.1872],[-3.0229,54.1874],[-3.0281,54.1902],[-3.0304,54.1879],[-3.0183,54.1839],[-3.007,54.1744],[-3.0105,54.1815],[-3.0096,54.1813],[-3.0086,54.1806],[-3.0074,54.1791],[-3.0076,54.1784],[-3.006,54.1779],[-3.0047,54.1737],[-3.0035,54.1745],[-3.0043,54.173],[-2.9929,54.1729],[-2.9934,54.1719],[-2.9981,54.1702],[-2.9967,54.1658],[-3.0018,54.159],[-2.9966,54.1561],[-2.986,54.1571],[-2.9913,54.1562],[-2.9806,54.1533],[-2.9664,54.1537],[-2.9663,54.1512],[-2.9585,54.1537],[-2.9486,54.152],[-2.9466,54.1495],[-2.94,54.153],[-2.9397,54.1527],[-2.9408,54.1506],[-2.9403,54.1503],[-2.933,54.1505],[-2.9354,54.1547],[-2.9411,54.1548],[-2.9443,54.1583],[-2.9435,54.1576],[-2.9416,54.1575],[-2.9401,54.1569],[-2.9395,54.1565],[-2.9394,54.1553],[-2.9375,54.1559],[-2.9352,54.1551],[-2.9362,54.1569],[-2.9321,54.1518],[-2.9319,54.1518],[-2.9315,54.1523],[-2.9311,54.1532],[-2.9302,54.154],[-2.9304,54.1547],[-2.9284,54.1559],[-2.9289,54.1508],[-2.9223,54.1541],[-2.9195,54.1579],[-2.9242,54.1591],[-2.9197,54.1597],[-2.9233,54.161],[-2.9164,54.1649],[-2.9248,54.1647],[-2.9255,54.1657],[-2.9202,54.1652],[-2.9253,54.1666],[-2.9221,54.1672],[-2.9206,54.1663],[-2.919,54.1695],[-2.9232,54.1683],[-2.9227,54.1698],[-2.9178,54.1723],[-2.9241,54.1716],[-2.918,54.1729],[-2.9191,54.1771],[-2.9077,54.1931],[-2.8922,54.1978],[-2.8874,54.1945],[-2.8872,54.1991],[-2.8852,54.1976],[-2.8691,54.2032],[-2.8425,54.2056],[-2.8352,54.215],[-2.8216,54.2175],[-2.7999,54.2289],[-2.8004,54.2442],[-2.8033,54.2462],[-2.8115,54.2429],[-2.8152,54.2467],[-2.8136,54.25],[-2.808,54.2518],[-2.8015,54.2502],[-2.8035,54.2494],[-2.813,54.2498],[-2.8137,54.2461],[-2.8043,54.247],[-2.8004,54.246],[-2.794,54.2267],[-2.7878,54.2273],[-2.8076,54.2187],[-2.8236,54.2038],[-2.8353,54.2052],[-2.8356,54.2019],[-2.8543,54.1934],[-2.8614,54.1933],[-2.8651,54.1886],[-2.8635,54.1826],[-2.8499,54.1804],[-2.834,54.1716],[-2.835,54.1613],[-2.8284,54.1533],[-2.8147,54.1562],[-2.808,54.1551],[-2.8133,54.1548],[-2.8078,54.1544],[-2.8077,54.1536],[-2.8118,54.1527],[-2.8142,54.1535],[-2.8145,54.155],[-2.8184,54.1539],[-2.8137,54.1415],[-2.8075,54.1397],[-2.8081,54.1419],[-2.8077,54.1418],[-2.8071,54.1416],[-2.8071,54.1413],[-2.8077,54.1412],[-2.8074,54.1408],[-2.8059,54.1402],[-2.8018,54.1424],[-2.801,54.141],[-2.8035,54.1406],[-2.7977,54.1385],[-2.7989,54.137],[-2.8032,54.139],[-2.8054,54.1348],[-2.802,54.1326],[-2.804,54.1332],[-2.8067,54.1356],[-2.8072,54.1353],[-2.8003,54.1278],[-2.7886,54.133],[-2.8006,54.1187],[-2.7981,54.1148],[-2.8,54.1148],[-2.8022,54.1167],[-2.8055,54.1138],[-2.8045,54.1096],[-2.8121,54.1044],[-2.8184,54.0884],[-2.8333,54.0855],[-2.8451,54.078],[-2.8563,54.0776],[-2.8575,54.0794],[-2.8676,54.0733],[-2.88,54.0758],[-2.8775,54.0697],[-2.8846,54.0654],[-2.8896,54.0667],[-2.8874,54.065],[-2.893,54.0617],[-2.8969,54.0495],[-2.9055,54.0477],[-2.9056,54.0396],[-2.9235,54.0333],[-2.9134,54.0356],[-2.9123,54.0338],[-2.9243,54.0313],[-2.9151,54.0238],[-2.9122,54.025],[-2.9093,54.0214],[-2.9034,54.0208],[-2.8931,54.0003],[-2.896,53.9978],[-2.8836,53.9919],[-2.8867,54.0004],[-2.8845,53.9981],[-2.8826,53.9931],[-2.8828,53.992],[-2.8808,53.9905],[-2.8762,54.0024],[-2.8721,54.004],[-2.8738,54.0048],[-2.8729,54.0061],[-2.876,54.004],[-2.8778,54.0061],[-2.8759,54.0041],[-2.8727,54.0081],[-2.8718,54.0075],[-2.872,54.0066],[-2.8723,54.0064],[-2.8729,54.0064],[-2.8723,54.006],[-2.8728,54.0054],[-2.8694,54.0066],[-2.8716,54.0045],[-2.8654,54.0058],[-2.8689,54.0059],[-2.8651,54.0074],[-2.8702,54.0083],[-2.87,54.0087],[-2.869,54.0088],[-2.8683,54.0085],[-2.8686,54.009],[-2.8674,54.0085],[-2.8663,54.0106],[-2.8695,54.0097],[-2.8707,54.01],[-2.8712,54.0142],[-2.8673,54.0141],[-2.8677,54.0128],[-2.8686,54.0127],[-2.87,54.0129],[-2.869,54.0114],[-2.8699,54.0099],[-2.8689,54.0106],[-2.8658,54.011],[-2.8605,54.0041],[-2.8531,54.0097],[-2.8457,54.0126],[-2.8467,54.0107],[-2.8483,54.0096],[-2.8527,54.0095],[-2.8533,54.0071],[-2.8392,54.0058],[-2.838,54.0081],[-2.8403,54.008],[-2.8424,54.0098],[-2.8422,54.0099],[-2.8417,54.0097],[-2.8414,54.0098],[-2.8407,54.0088],[-2.8391,54.0092],[-2.8388,54.0084],[-2.8378,54.0088],[-2.8344,54.0149],[-2.8375,54.0145],[-2.8375,54.0151],[-2.8367,54.0157],[-2.836,54.0157],[-2.8349,54.0152],[-2.8347,54.0156],[-2.8406,54.0213],[-2.8381,54.0203],[-2.8358,54.0169],[-2.8345,54.0225],[-2.8425,54.0233],[-2.8399,54.0243],[-2.8344,54.0232],[-2.8325,54.0278],[-2.8359,54.0318],[-2.8397,54.031],[-2.8393,54.0314],[-2.8361,54.0322],[-2.8467,54.0427],[-2.839,54.0482],[-2.8423,54.0407],[-2.8306,54.033],[-2.8311,54.0357],[-2.8283,54.036],[-2.8284,54.0354],[-2.8289,54.0349],[-2.8294,54.0346],[-2.8293,54.0335],[-2.8301,54.0325],[-2.8272,54.0287],[-2.8266,54.0302],[-2.8266,54.029],[-2.83,54.0233],[-2.8284,54.0213],[-2.8304,54.0207],[-2.8282,54.016],[-2.8331,54.0067],[-2.8311,53.9983],[-2.8327,53.9977],[-2.8367,53.9979],[-2.8346,54.0001],[-2.8401,53.997],[-2.8515,54.0007],[-2.8618,53.9995],[-2.864,53.996],[-2.8585,53.9971],[-2.8622,53.9954],[-2.8595,53.993],[-2.8598,53.993],[-2.8607,53.9934],[-2.8626,53.9955],[-2.8641,53.9957],[-2.8646,53.9968],[-2.8667,53.9958],[-2.8699,53.9852],[-2.877,53.9791],[-2.8705,53.9693],[-2.8431,53.9645],[-2.8447,53.9642],[-2.847,53.964],[-2.8488,53.9642],[-2.8496,53.9648],[-2.8509,53.9643],[-2.8547,53.9653],[-2.8498,53.9624],[-2.8549,53.9649],[-2.8563,53.9662],[-2.8563,53.963],[-2.8611,53.9644],[-2.8592,53.9628],[-2.8584,53.9605],[-2.8592,53.9612],[-2.8594,53.9628],[-2.8604,53.9638],[-2.8622,53.9642],[-2.8667,53.9614],[-2.8623,53.9596],[-2.8658,53.9589],[-2.8641,53.9565],[-2.8657,53.9568],[-2.8661,53.9572],[-2.8661,53.9577],[-2.8671,53.9553],[-2.8673,53.9562],[-2.8658,53.9595],[-2.8669,53.9603],[-2.8776,53.9535],[-2.8716,53.9518],[-2.8729,53.951],[-2.8739,53.9509],[-2.8772,53.9512],[-2.877,53.9489],[-2.8781,53.9492],[-2.8778,53.9479],[-2.8793,53.9471],[-2.8764,53.9466],[-2.8778,53.9462],[-2.8798,53.9473],[-2.881,53.9462],[-2.8806,53.9471],[-2.8781,53.948],[-2.8787,53.9488],[-2.8784,53.9499],[-2.8895,53.9477],[-2.8906,53.9436],[-2.8872,53.9442],[-2.888,53.9438],[-2.8903,53.9435],[-2.8977,53.9441],[-2.8955,53.9421],[-2.9014,53.9428],[-2.9024,53.9438],[-2.906,53.9385],[-2.9055,53.943],[-2.9087,53.9422],[-2.912,53.944],[-2.9098,53.944],[-2.9087,53.9433],[-2.9093,53.9429],[-2.9072,53.9435],[-2.9061,53.9432],[-2.9046,53.9454],[-2.9234,53.9468],[-2.9979,53.9276],[-2.9966,53.9083],[-2.991,53.9079],[-2.9937,53.9088],[-2.9945,53.9098],[-2.9915,53.9112],[-2.994,53.9092],[-2.9908,53.9089],[-2.985,53.9041],[-2.9866,53.9018],[-2.9892,53.9071],[-2.992,53.9044],[-2.9951,53.9065],[-2.9976,53.9035],[-2.9913,53.9014],[-2.9975,53.9031],[-2.9968,53.8996],[-2.9913,53.8998],[-2.9968,53.8994],[-2.9946,53.8982],[-2.9909,53.8989],[-2.9923,53.8982],[-2.9944,53.8982],[-2.9889,53.8958],[-2.9927,53.896],[-2.9913,53.8936],[-2.991,53.8947],[-2.9866,53.8955],[-2.9884,53.8925],[-2.984,53.8951],[-2.9839,53.8942],[-2.9873,53.8917],[-2.9884,53.8923],[-2.9906,53.8946],[-2.9905,53.8928],[-2.9863,53.8897],[-2.984,53.8915],[-2.9842,53.891],[-2.9843,53.8908],[-2.9861,53.8896],[-2.9668,53.8777],[-2.9631,53.878],[-2.9664,53.8774],[-2.9624,53.8725],[-2.9727,53.8644],[-2.9571,53.862],[-2.9514,53.8546],[-2.9434,53.8511],[-2.9365,53.8576],[-2.9231,53.8566],[-2.9138,53.86],[-2.9122,53.8637],[-2.91,53.8647],[-2.9016,53.8647],[-2.8974,53.8613],[-2.9018,53.8642],[-2.9107,53.864],[-2.9133,53.8594],[-2.9223,53.856],[-2.9342,53.8566],[-2.9371,53.8524],[-2.9439,53.8502],[-2.9524,53.8534],[-2.9601,53.8616],[-2.9786,53.8605],[-2.9789,53.8609],[-2.9784,53.8619],[-2.9775,53.8621],[-2.976,53.862],[-2.9794,53.8718],[-2.9791,53.872],[-2.9775,53.8715],[-2.9718,53.8717],[-2.969,53.8748],[-2.9757,53.8808],[-2.9829,53.8803],[-2.9806,53.8818],[-2.9782,53.8818],[-2.992,53.8847],[-3.0032,53.893],[-3.0056,53.902],[-3.009,53.9014],[-3.0057,53.9024],[-3.0044,53.9203],[-3.0126,53.9198],[-3.0057,53.9215],[-3.0061,53.928],[-3.0316,53.9265],[-3.0448,53.9232],[-3.0508,53.9181],[-3.0472,53.8848],[-3.0568,53.8384],[-3.0592,53.791],[-3.055,53.7619],[-3.0388,53.7472],[-3.0348,53.748],[-3.0143,53.7388],[-2.956,53.733],[-2.9408,53.7373],[-2.9356,53.7411],[-2.9448,53.7415],[-2.9416,53.7421],[-2.9353,53.7413],[-2.9366,53.7446],[-2.9347,53.7426],[-2.935,53.7412],[-2.9295,53.7409],[-2.9261,53.7384],[-2.9239,53.7398],[-2.9255,53.7383],[-2.9261,53.7383],[-2.9275,53.7386],[-2.9283,53.7391],[-2.9275,53.7383],[-2.9229,53.7372],[-2.9195,53.738],[-2.9157,53.7377],[-2.9168,53.7373],[-2.918,53.7374],[-2.9193,53.7379],[-2.9227,53.7371],[-2.9249,53.7374],[-2.9282,53.7384],[-2.9317,53.741],[-2.9341,53.7411],[-2.9416,53.7351],[-2.9521,53.7329],[-2.9395,53.7315],[-2.9344,53.7351],[-2.9256,53.7347],[-2.9266,53.7342],[-2.9286,53.7338],[-2.9336,53.7338],[-2.9379,53.7314],[-2.9284,53.7308],[-2.9015,53.7343],[-2.8938,53.7301],[-2.8943,53.7288],[-2.9011,53.7259],[-2.894,53.7254],[-2.8892,53.7209],[-2.9016,53.7259],[-2.901,53.7268],[-2.8962,53.7283],[-2.8947,53.73],[-2.9036,53.7287],[-2.9041,53.7239],[-2.9054,53.7242],[-2.9061,53.7257],[-2.9061,53.7265],[-2.9036,53.7291],[-2.9115,53.7264],[-2.9121,53.7247],[-2.907,53.7236],[-2.9039,53.7202],[-2.8989,53.7202],[-2.8982,53.7193],[-2.8941,53.7197],[-2.8923,53.7196],[-2.8914,53.7193],[-2.8916,53.7187],[-2.8932,53.7193],[-2.8933,53.7196],[-2.8952,53.7189],[-2.8985,53.7192],[-2.9001,53.7201],[-2.9007,53.7198],[-2.9008,53.7176],[-2.8956,53.7175],[-2.8925,53.715],[-2.8937,53.7141],[-2.898,53.717],[-2.896,53.7125],[-2.9017,53.718],[-2.9011,53.7196],[-2.9034,53.7197],[-2.9059,53.7206],[-2.9077,53.7234],[-2.9128,53.7242],[-2.9108,53.7204],[-2.9059,53.7197],[-2.9035,53.7148],[-2.9038,53.7145],[-2.9059,53.7137],[-2.9057,53.714],[-2.9039,53.7145],[-2.9037,53.715],[-2.9056,53.7152],[-2.9107,53.72],[-2.9106,53.7151],[-2.9144,53.7213],[-2.9141,53.7266],[-2.9281,53.7252],[-2.924,53.722],[-2.9277,53.7228],[-2.9264,53.7209],[-2.9162,53.717],[-2.9198,53.717],[-2.9151,53.7129],[-2.9207,53.717],[-2.9178,53.7137],[-2.9185,53.7099],[-2.9191,53.7103],[-2.9182,53.7137],[-2.9199,53.7143],[-2.9202,53.7118],[-2.9219,53.7105],[-2.922,53.7108],[-2.9204,53.7117],[-2.92,53.7147],[-2.927,53.7205],[-2.9258,53.7168],[-2.9291,53.7143],[-2.9267,53.7185],[-2.9301,53.7191],[-2.9314,53.725],[-2.9324,53.7184],[-2.9362,53.7191],[-2.9332,53.7252],[-2.9444,53.7246],[-2.9434,53.7209],[-2.945,53.7223],[-2.9453,53.7244],[-2.9494,53.7226],[-2.9474,53.7199],[-2.9477,53.7198],[-2.9483,53.7199],[-2.9485,53.7201],[-2.9492,53.7221],[-2.9556,53.716],[-2.9483,53.7162],[-2.9563,53.7139],[-2.9474,53.7146],[-2.9486,53.7135],[-2.9547,53.713],[-2.952,53.7077],[-2.9488,53.707],[-2.9477,53.7101],[-2.9464,53.7104],[-2.9481,53.7086],[-2.9469,53.7093],[-2.9443,53.7091],[-2.9409,53.7071],[-2.947,53.7091],[-2.9493,53.7046],[-2.9545,53.7014],[-2.9463,53.7004],[-2.9467,53.7003],[-2.9476,53.7003],[-2.9507,53.7004],[-2.9517,53.6999],[-2.9464,53.698],[-2.9552,53.7006],[-2.9588,53.6971],[-2.9556,53.6964],[-2.9575,53.6958],[-2.963,53.6977],[-2.9667,53.6939],[-2.9571,53.6903],[-2.9559,53.692],[-2.954,53.6925],[-2.9512,53.6861],[-2.9541,53.6923],[-2.9555,53.692],[-2.9556,53.6907],[-2.9567,53.69],[-2.9672,53.6935],[-2.9656,53.6964],[-2.964,53.6978],[-2.9623,53.698],[-2.9605,53.6969],[-2.959,53.6974],[-2.9567,53.7019],[-2.9699,53.7017],[-2.9689,53.6977],[-2.99,53.6856],[-2.9914,53.6794],[-3,53.6794],[-3.0062,53.6622],[-3.016,53.6602],[-3.0101,53.6586],[-3.0186,53.656],[-3.014,53.654],[-3.0442,53.632],[-3.0864,53.5855],[-3.1016,53.5617],[-3.103,53.5482],[-3.0995,53.5429],[-3.0757,53.5273],[-3.0631,53.5241],[-3.0634,53.5054],[-3.0397,53.4726],[-3.0375,53.4684],[-3.0414,53.4654],[-3.0179,53.4494],[-3.0183,53.4525],[-3.0087,53.4392],[-3.0022,53.4102],[-2.9826,53.3843],[-2.9693,53.3758],[-2.9224,53.3573],[-2.8992,53.3423],[-2.8739,53.3326],[-2.8549,53.3275],[-2.8395,53.3268],[-2.8209,53.3332],[-2.7946,53.3222],[-2.7893,53.3224],[-2.7788,53.328],[-2.7694,53.3451],[-2.7589,53.3502],[-2.7334,53.3479],[-2.7282,53.3547],[-2.7185,53.3554],[-2.7025,53.3617],[-2.6729,53.3564],[-2.6663,53.3677],[-2.6583,53.3747],[-2.6459,53.3735],[-2.6373,53.3785],[-2.6234,53.375],[-2.6172,53.3787],[-2.6232,53.3745],[-2.638,53.3777],[-2.6429,53.3721],[-2.6573,53.3742],[-2.6647,53.3667],[-2.6662,53.3577],[-2.6713,53.3551],[-2.6976,53.357],[-2.7163,53.3452],[-2.7229,53.3445],[-2.7432,53.3453],[-2.7581,53.3415],[-2.7593,53.3359],[-2.7513,53.3409],[-2.7614,53.3335],[-2.7633,53.3275],[-2.7522,53.3139],[-2.7751,53.3032],[-2.7837,53.3052],[-2.8035,53.3038],[-2.7918,53.2986],[-2.7883,53.2952],[-2.7922,53.2969],[-2.7924,53.2979],[-2.792,53.2985],[-2.7931,53.2982],[-2.7947,53.2983],[-2.7978,53.2989],[-2.8058,53.3041],[-2.8094,53.3017],[-2.8108,53.304],[-2.8225,53.2993],[-2.8207,53.297],[-2.8242,53.2986],[-2.8439,53.2915],[-2.854,53.2919],[-2.8574,53.2869],[-2.8585,53.2889],[-2.8553,53.292],[-2.8779,53.2907],[-2.8882,53.2953],[-2.9004,53.2968],[-2.8852,53.2891],[-2.8864,53.289],[-2.8885,53.2894],[-2.8892,53.2896],[-2.8943,53.2921],[-2.899,53.2948],[-2.9117,53.3043],[-2.9313,53.3096],[-2.9515,53.3248],[-2.973,53.3529],[-2.984,53.3623],[-2.9878,53.361],[-3.0026,53.3747],[-2.9993,53.3757],[-3.0059,53.3805],[-3.0088,53.3954],[-3.0134,53.3979],[-3.0151,53.4047],[-3.0182,53.4043],[-3.0146,53.4057],[-3.0159,53.4101],[-3.0297,53.4258],[-3.0322,53.437],[-3.0407,53.4424],[-3.0373,53.443],[-3.046,53.4456],[-3.0426,53.4419],[-3.0606,53.4395],[-3.0751,53.4343],[-3.0775,53.4367],[-3.0769,53.4326],[-3.0976,53.4251],[-3.1019,53.4208],[-3.1067,53.4225],[-3.1129,53.4183],[-3.1426,53.4121],[-3.1779,53.3996],[-3.193,53.3892],[-3.2003,53.3875],[-3.1982,53.3752],[-3.1625,53.3484],[-3.1151,53.3207],[-3.0861,53.2977],[-3.0847,53.2962],[-3.1032,53.3093],[-3.115,53.3203],[-3.1231,53.3236],[-3.1234,53.3195],[-3.1134,53.3106],[-3.1198,53.3117],[-3.1126,53.3091],[-3.1136,53.309],[-3.1164,53.3092],[-3.12,53.3108],[-3.116,53.3069],[-3.1192,53.3046],[-3.1177,53.3044],[-3.111,53.3072],[-3.1171,53.3042],[-3.1123,53.306],[-3.1094,53.3054],[-3.1136,53.3039],[-3.1091,53.3037],[-3.1125,53.3032],[-3.1062,53.3029],[-3.1079,53.3017],[-3.1164,53.3032],[-3.1093,53.2992],[-3.1107,53.2962],[-3.1021,53.3002],[-3.1061,53.2952],[-3.0949,53.2981],[-3.0965,53.2971],[-3.1005,53.2957],[-3.1037,53.2954],[-3.0963,53.2942],[-3.1096,53.2932],[-3.1084,53.2911],[-3.1066,53.2922],[-3.0999,53.2916],[-3.1004,53.2914],[-3.1014,53.2916],[-3.1022,53.2911],[-3.104,53.2909],[-3.1076,53.2909],[-3.1087,53.2904],[-3.1044,53.2892],[-3.0999,53.2914],[-3.1037,53.288],[-3.0986,53.291],[-3.101,53.2892],[-3.1032,53.288],[-3.0996,53.2868],[-3.0955,53.2912],[-3.0989,53.2868],[-3.0944,53.2895],[-3.095,53.2862],[-3.0947,53.2877],[-3.0918,53.2891],[-3.0913,53.2887],[-3.0942,53.2873],[-3.091,53.288],[-3.0968,53.2848],[-3.0928,53.2844],[-3.0884,53.292],[-3.088,53.2883],[-3.0837,53.2922],[-3.0871,53.2853],[-3.0904,53.2845],[-3.0862,53.285],[-3.0895,53.284],[-3.0903,53.2842],[-3.0902,53.2838],[-3.0829,53.2797],[-3.079,53.2828],[-3.0763,53.2827],[-3.0765,53.2823],[-3.0768,53.2821],[-3.0777,53.2817],[-3.0807,53.281],[-3.0819,53.2794],[-3.074,53.2796],[-3.0721,53.2761],[-3.0634,53.2731],[-3.0723,53.2753],[-3.0746,53.2789],[-3.0784,53.279],[-3.0756,53.2774],[-3.0795,53.276],[-3.0748,53.2737],[-3.0773,53.2741],[-3.08,53.2754],[-3.0791,53.2783],[-3.0933,53.2778],[-3.0824,53.273],[-3.0924,53.2763],[-3.0896,53.2722],[-3.0826,53.2716],[-3.0821,53.2707],[-3.0859,53.2717],[-3.0822,53.269],[-3.0858,53.2702],[-3.0845,53.2665],[-3.0867,53.2716],[-3.0911,53.2698],[-3.081,53.2628],[-3.0835,53.2623],[-3.0898,53.268],[-3.0914,53.2645],[-3.0906,53.2644],[-3.0887,53.2632],[-3.0848,53.2624],[-3.0839,53.2617],[-3.089,53.2632],[-3.0903,53.2642],[-3.0906,53.264],[-3.0913,53.2642],[-3.0951,53.2696],[-3.096,53.2657],[-3.0972,53.2662],[-3.0971,53.2668],[-3.0963,53.2673],[-3.0967,53.2678],[-3.1012,53.2673],[-3.1004,53.2617],[-3.0934,53.2631],[-3.0961,53.2597],[-3.0897,53.2621],[-3.0859,53.2614],[-3.085,53.2602],[-3.0895,53.262],[-3.0941,53.2599],[-3.0891,53.2611],[-3.0805,53.2542],[-3.0768,53.256],[-3.0782,53.2536],[-3.0708,53.2574],[-3.0707,53.255],[-3.0679,53.2559],[-3.0741,53.2523],[-3.0792,53.2519],[-3.0766,53.2507],[-3.0848,53.2528],[-3.0868,53.2568],[-3.093,53.2535],[-3.0956,53.2553],[-3.0982,53.2495],[-3.0879,53.2476],[-3.0856,53.2497],[-3.0817,53.2479],[-3.0849,53.2467],[-3.0763,53.2445],[-3.0748,53.2465],[-3.0754,53.2446],[-3.0706,53.2446],[-3.0707,53.2471],[-3.0696,53.245],[-3.0656,53.247],[-3.0565,53.2463],[-3.0566,53.2458],[-3.0568,53.2456],[-3.0589,53.2458],[-3.0597,53.2448],[-3.0643,53.2466],[-3.0703,53.2431],[-3.0647,53.2433],[-3.0741,53.2419],[-3.0733,53.2377],[-3.0778,53.239],[-3.0739,53.2374],[-3.0674,53.2393],[-3.0583,53.2333],[-3.0612,53.2324],[-3.0598,53.2337],[-3.0654,53.2357],[-3.0658,53.2366],[-3.0649,53.2374],[-3.0676,53.2372],[-3.0678,53.2391],[-3.0729,53.2364],[-3.0713,53.2346],[-3.0776,53.2367],[-3.0787,53.2383],[-3.0762,53.2408],[-3.0799,53.2429],[-3.0894,53.2434],[-3.0829,53.2393],[-3.0834,53.2394],[-3.0851,53.2403],[-3.0887,53.2422],[-3.0905,53.2435],[-3.0939,53.2444],[-3.0583,53.2231],[-3.0433,53.2214],[-3.0378,53.2182],[-3.0439,53.2199],[-3.046,53.2175],[-3.0447,53.2201],[-3.0616,53.2227],[-3.0722,53.2312],[-3.1036,53.2408],[-3.1056,53.2438],[-3.1071,53.2405],[-3.112,53.2445],[-3.1076,53.2444],[-3.1229,53.2488],[-3.1316,53.2566],[-3.1355,53.2538],[-3.1319,53.2582],[-3.1444,53.2601],[-3.1745,53.2768],[-3.1803,53.2758],[-3.1766,53.2791],[-3.2012,53.2937],[-3.2582,53.3145],[-3.263,53.3188],[-3.2614,53.3261],[-3.2732,53.3207],[-3.2845,53.3248],[-3.3035,53.3349],[-3.306,53.3411],[-3.3126,53.3425],[-3.3092,53.3438],[-3.3151,53.3459],[-3.3161,53.3529],[-3.3135,53.3473],[-3.3129,53.3498],[-3.3152,53.354],[-3.3089,53.3532],[-3.3101,53.35],[-3.3075,53.3512],[-3.3085,53.3544],[-3.325,53.3568],[-3.3777,53.3501],[-3.4508,53.332],[-3.4901,53.3251],[-3.5096,53.3131],[-3.4729,53.2912],[-3.5082,53.309],[-3.5112,53.3132],[-3.5077,53.3167],[-3.6057,53.2909],[-3.6195,53.2902],[-3.6344,53.2946],[-3.6547,53.2921],[-3.7125,53.2944],[-3.7367,53.3031],[-3.7396,53.3144],[-3.7647,53.3188],[-3.768,53.3211],[-3.7649,53.3217],[-3.7785,53.3293],[-3.7875,53.3248],[-3.8186,53.323],[-3.8302,53.3268],[-3.8325,53.3379],[-3.8407,53.3369],[-3.8684,53.3431],[-3.8744,53.3414],[-3.8799,53.3389],[-3.8773,53.333],[-3.8445,53.3189],[-3.8448,53.3088],[-3.8381,53.2957],[-3.8228,53.2895],[-3.8178,53.2836],[-3.8229,53.2804],[-3.816,53.2822],[-3.7975,53.2733],[-3.7999,53.2648],[-3.8175,53.257],[-3.8214,53.2514],[-3.8068,53.242],[-3.8054,53.2358],[-3.8219,53.2275],[-3.8197,53.2239],[-3.8271,53.2182],[-3.8268,53.206],[-3.8334,53.201],[-3.8337,53.1944],[-3.8192,53.1808],[-3.8185,53.1762],[-3.8223,53.1719],[-3.8227,53.1752],[-3.8191,53.1765],[-3.8197,53.1803],[-3.8263,53.1839],[-3.8348,53.1941],[-3.8346,53.201],[-3.8285,53.2066],[-3.8319,53.2104],[-3.8295,53.2197],[-3.8209,53.2241],[-3.8235,53.228],[-3.8079,53.2366],[-3.8096,53.2419],[-3.8247,53.2482],[-3.8282,53.2528],[-3.8228,53.2604],[-3.81,53.2663],[-3.8164,53.2768],[-3.8265,53.2794],[-3.8302,53.2864],[-3.8361,53.2872],[-3.8358,53.2905],[-3.8423,53.2923],[-3.8373,53.292],[-3.8463,53.2967],[-3.8659,53.288],[-3.8839,53.2886],[-3.9271,53.2703],[-3.9838,53.2597],[-4.0014,53.2529],[-4.0026,53.2493],[-4.0011,53.2499],[-4.0017,53.2517],[-4.0009,53.2525],[-3.9973,53.2521],[-4.0016,53.2518],[-3.9999,53.2514],[-3.9998,53.2491],[-4.0094,53.2446],[-4.0268,53.2422],[-4.0318,53.2372],[-4.0663,53.2335],[-4.0826,53.2281],[-4.0911,53.2367],[-4.106,53.2323],[-4.1132,53.2369],[-4.1102,53.2336],[-4.1132,53.236],[-4.1111,53.2321],[-4.1143,53.2314],[-4.1225,53.2371],[-4.1463,53.2291],[-4.1619,53.2192],[-4.1755,53.2185],[-4.1947,53.2127],[-4.2095,53.2017],[-4.2081,53.1873],[-4.2121,53.1832],[-4.2436,53.1705],[-4.2779,53.1432],[-4.2784,53.1388],[-4.2708,53.1362],[-4.2734,53.1335],[-4.2728,53.1364],[-4.2832,53.1395],[-4.311,53.1278],[-4.3138,53.1066],[-4.3128,53.106],[-4.311,53.1078],[-4.3093,53.1053],[-4.3202,53.0981],[-4.3194,53.094],[-4.325,53.1077],[-4.3338,53.114],[-4.3196,53.1215],[-4.3284,53.1203],[-4.3291,53.1235],[-4.3375,53.1226],[-4.3467,53.1141],[-4.3363,53.0795],[-4.3389,53.0541],[-4.3424,53.0471],[-4.3494,53.0447],[-4.3537,53.0333],[-4.3697,53.0262],[-4.4101,52.998],[-4.437,52.9988],[-4.4436,52.9902],[-4.4614,52.9817],[-4.4717,52.9667],[-4.4819,52.9661],[-4.4987,52.9507],[-4.504,52.9508],[-4.5203,52.94],[-4.5309,52.9372],[-4.5365,52.938],[-4.5369,52.9411],[-4.5448,52.9378],[-4.5615,52.9378],[-4.5671,52.9406],[-4.5638,52.9481],[-4.5676,52.9485],[-4.5707,52.9388],[-4.5798,52.9377],[-4.5803,52.9333],[-4.5946,52.9267],[-4.6158,52.9234],[-4.632,52.9061],[-4.6393,52.9044],[-4.6497,52.9062],[-4.6531,52.8992],[-4.6672,52.8884],[-4.6646,52.8851],[-4.669,52.8783],[-4.6903,52.874],[-4.696,52.8592],[-4.7057,52.8596],[-4.7161,52.8541],[-4.7208,52.856],[-4.7265,52.8533],[-4.7226,52.8507],[-4.7271,52.8447],[-4.7224,52.8424],[-4.7225,52.8362],[-4.7368,52.8304],[-4.7405,52.8211],[-4.7516,52.8157],[-4.7536,52.8087],[-4.7504,52.8065],[-4.7675,52.7981],[-4.7675,52.795],[-4.7573,52.7881],[-4.7544,52.7907],[-4.7444,52.7835],[-4.7386,52.7855],[-4.7323,52.7818],[-4.7208,52.8028],[-4.7052,52.8028],[-4.6925,52.7997],[-4.6923,52.7949],[-4.6881,52.7935],[-4.6791,52.8008],[-4.6612,52.8062],[-4.6512,52.8042],[-4.6496,52.7991],[-4.6439,52.7999],[-4.6245,52.8096],[-4.6132,52.8233],[-4.6019,52.825],[-4.5731,52.8182],[-4.5366,52.8005],[-4.5424,52.7863],[-4.528,52.7777],[-4.5188,52.7817],[-4.5147,52.793],[-4.4977,52.7954],[-4.4916,52.7908],[-4.4863,52.7949],[-4.4832,52.8053],[-4.4884,52.8116],[-4.4913,52.8094],[-4.4993,52.8112],[-4.5013,52.8183],[-4.4972,52.8255],[-4.5053,52.8266],[-4.4925,52.8394],[-4.4703,52.8478],[-4.479,52.8534],[-4.4765,52.8576],[-4.4639,52.8639],[-4.4658,52.8671],[-4.4575,52.871],[-4.4273,52.8789],[-4.3968,52.8823],[-4.3946,52.8866],[-4.3975,52.8859],[-4.4007,52.8828],[-4.4092,52.8842],[-4.4092,52.8872],[-4.4151,52.8853],[-4.4169,52.8874],[-4.4092,52.8903],[-4.4035,52.8841],[-4.3956,52.8874],[-4.4026,52.8865],[-4.3998,52.8918],[-4.3862,52.896],[-4.3266,52.8919],[-4.325,52.9047],[-4.3163,52.9087],[-4.2839,52.9114],[-4.2636,52.9104],[-4.2547,52.9136],[-4.2322,52.9149],[-4.2279,52.9192],[-4.2178,52.9189],[-4.2013,52.9134],[-4.1951,52.9146],[-4.1733,52.9065],[-4.1518,52.9064],[-4.151,52.9101],[-4.1346,52.9141],[-4.1364,52.9164],[-4.1315,52.917],[-4.1278,52.9247],[-4.1286,52.9218],[-4.126,52.9239],[-4.1105,52.92],[-4.1131,52.9206],[-4.11,52.918],[-4.1182,52.9217],[-4.1193,52.9192],[-4.111,52.9161],[-4.1122,52.912],[-4.1034,52.909],[-4.0775,52.9224],[-4.061,52.9229],[-4.0456,52.9278],[-4.0383,52.9369],[-4.0285,52.937],[-4.0141,52.9415],[-4.0251,52.937],[-4.0376,52.9363],[-4.0446,52.9265],[-4.0558,52.9235],[-4.0615,52.9183],[-4.0715,52.9173],[-4.0683,52.916],[-4.0739,52.9151],[-4.0797,52.9048],[-4.0803,52.9045],[-4.0806,52.9046],[-4.0804,52.905],[-4.0814,52.905],[-4.0822,52.9055],[-4.0855,52.9032],[-4.0795,52.9017],[-4.0791,52.9026],[-4.0803,52.9036],[-4.0799,52.904],[-4.0719,52.9061],[-4.0727,52.9055],[-4.0732,52.9054],[-4.0747,52.9047],[-4.0759,52.9043],[-4.078,52.9039],[-4.0799,52.9039],[-4.0783,52.9031],[-4.0792,52.9016],[-4.1096,52.9005],[-4.1226,52.8946],[-4.1235,52.8961],[-4.1217,52.8983],[-4.1397,52.8966],[-4.1455,52.8935],[-4.1443,52.8815],[-4.1193,52.8487],[-4.1291,52.8271],[-4.1167,52.8318],[-4.1092,52.828],[-4.1165,52.8299],[-4.1415,52.8124],[-4.1367,52.8221],[-4.1281,52.8259],[-4.1321,52.8261],[-4.1389,52.8229],[-4.1516,52.8149],[-4.15,52.8078],[-4.0877,52.7545],[-4.063,52.7233],[-4.0554,52.7194],[-4.0582,52.7176],[-4.0522,52.7165],[-4.0544,52.7193],[-4.0362,52.7211],[-4.0231,52.7356],[-4.0003,52.7369],[-3.9968,52.7407],[-3.9954,52.7388],[-3.9867,52.7395],[-3.9688,52.7491],[-3.952,52.7526],[-3.9363,52.7491],[-3.9323,52.7532],[-3.9249,52.7536],[-3.9376,52.7476],[-3.9509,52.7506],[-3.971,52.7394],[-3.9894,52.736],[-3.9969,52.7258],[-4.008,52.7209],[-4.0141,52.714],[-4.0161,52.7207],[-4.0244,52.7148],[-4.0379,52.714],[-4.0323,52.7085],[-4.051,52.7036],[-4.0556,52.7067],[-4.0497,52.7155],[-4.0587,52.7082],[-4.0574,52.6872],[-4.0841,52.6716],[-4.095,52.6684],[-4.116,52.6419],[-4.1286,52.6118],[-4.1162,52.6047],[-4.0973,52.6076],[-4.0905,52.605],[-4.0906,52.6006],[-4.104,52.5992],[-4.1265,52.6074],[-4.1055,52.5898],[-4.0689,52.5434],[-4.0575,52.5416],[-4.0178,52.5467],[-3.9952,52.5532],[-3.9713,52.5554],[-3.9597,52.5608],[-3.9411,52.5601],[-3.9312,52.554],[-3.9277,52.558],[-3.9289,52.5716],[-3.9241,52.5621],[-3.9265,52.555],[-3.9365,52.5522],[-3.9453,52.5582],[-3.9492,52.5572],[-3.9462,52.5545],[-3.949,52.5535],[-3.9498,52.5548],[-3.9489,52.5567],[-3.9523,52.5565],[-3.9511,52.5552],[-3.9509,52.5535],[-3.9542,52.5521],[-3.9516,52.5553],[-3.9553,52.5534],[-3.9564,52.554],[-3.9565,52.5553],[-3.9597,52.5523],[-3.9575,52.5514],[-3.9575,52.5499],[-3.9578,52.5499],[-3.9579,52.55],[-3.9585,52.5513],[-3.9604,52.5518],[-3.9637,52.5463],[-3.9656,52.549],[-3.9663,52.5434],[-3.9675,52.5427],[-3.9679,52.5428],[-3.9681,52.543],[-3.9681,52.5437],[-3.9688,52.5446],[-3.9768,52.5412],[-3.9835,52.5356],[-3.9991,52.5292],[-4.0028,52.5327],[-4.0206,52.5235],[-4.0395,52.5228],[-4.0402,52.5187],[-4.0415,52.5249],[-4.0512,52.5294],[-4.0515,52.5346],[-4.057,52.5323],[-4.0519,52.4814],[-4.0619,52.4767],[-4.076,52.4518],[-4.0798,52.4514],[-4.0825,52.4386],[-4.0796,52.4319],[-4.0861,52.424],[-4.0853,52.4172],[-4.0918,52.414],[-4.0894,52.3988],[-4.111,52.3743],[-4.1241,52.3439],[-4.1347,52.3342],[-4.1405,52.3224],[-4.1618,52.3068],[-4.17,52.2955],[-4.1831,52.291],[-4.1893,52.2799],[-4.2075,52.2637],[-4.238,52.25],[-4.257,52.2478],[-4.2647,52.2445],[-4.2646,52.2436],[-4.2594,52.2414],[-4.266,52.2439],[-4.2694,52.2394],[-4.3263,52.2132],[-4.3364,52.2143],[-4.3505,52.21],[-4.3566,52.2117],[-4.3555,52.216],[-4.362,52.2188],[-4.3776,52.2157],[-4.3841,52.2074],[-4.4062,52.1919],[-4.4164,52.189],[-4.429,52.1781],[-4.455,52.1675],[-4.4651,52.1685],[-4.4669,52.1712],[-4.4708,52.1601],[-4.4881,52.1537],[-4.497,52.1439],[-4.5182,52.1351],[-4.5426,52.1359],[-4.5456,52.1335],[-4.5499,52.1385],[-4.558,52.1402],[-4.5574,52.1428],[-4.5673,52.1445],[-4.5758,52.1431],[-4.5828,52.138],[-4.5999,52.1384],[-4.6052,52.1408],[-4.619,52.138],[-4.6408,52.1385],[-4.6443,52.1373],[-4.6405,52.1355],[-4.6461,52.1335],[-4.6589,52.1341],[-4.6781,52.1284],[-4.6855,52.13],[-4.6918,52.1194],[-4.685,52.1103],[-4.6889,52.1033],[-4.6819,52.1046],[-4.6749,52.1005],[-4.6811,52.0852],[-4.6611,52.081],[-4.6507,52.0824],[-4.6467,52.0797],[-4.6776,52.0817],[-4.6823,52.0853],[-4.6813,52.0947],[-4.6916,52.1013],[-4.688,52.1027],[-4.7111,52.1082],[-4.7315,52.1178],[-4.7366,52.1085],[-4.7494,52.104],[-4.7415,52.0987],[-4.7521,52.093],[-4.7521,52.0885],[-4.7608,52.0806],[-4.7591,52.0768],[-4.767,52.0775],[-4.771,52.0709],[-4.7833,52.0662],[-4.7914,52.0584],[-4.8191,52.056],[-4.838,52.0503],[-4.8356,52.048],[-4.8413,52.0463],[-4.8478,52.0376],[-4.8379,52.0334],[-4.8413,52.0247],[-4.8354,52.025],[-4.8235,52.019],[-4.8342,52.0221],[-4.8386,52.0205],[-4.8592,52.0231],[-4.8688,52.0192],[-4.8718,52.022],[-4.8793,52.0191],[-4.8938,52.0235],[-4.893,52.0304],[-4.9101,52.0347],[-4.9179,52.0263],[-4.9095,52.0215],[-4.9205,52.0148],[-4.92,52.0102],[-4.9279,52.0121],[-4.9288,52.009],[-4.9352,52.0093],[-4.9361,52.0066],[-4.9407,52.0079],[-4.9441,52.0044],[-4.9618,51.9998],[-4.9706,52.0015],[-4.9693,51.9954],[-4.9761,52.0006],[-4.9895,52.0005],[-4.9809,52.0052],[-4.99,52.0023],[-4.9931,52.004],[-4.9827,52.0147],[-4.97,52.0127],[-4.9875,52.0165],[-4.9866,52.0229],[-4.9918,52.026],[-4.9938,52.0225],[-5.0042,52.0259],[-5.0031,52.024],[-5.0104,52.0225],[-5.0168,52.0241],[-5.0207,52.0204],[-5.0234,52.0251],[-5.0501,52.0281],[-5.0539,52.0254],[-5.0618,52.0318],[-5.071,52.0302],[-5.0714,52.026],[-5.0819,52.0232],[-5.0896,52.0153],[-5.0778,52.0114],[-5.0793,52.0057],[-5.0722,52.0045],[-5.0956,51.9937],[-5.0886,51.9914],[-5.0909,51.9872],[-5.08,51.9853],[-5.0876,51.9802],[-5.0822,51.9741],[-5.0858,51.9682],[-5.099,51.9706],[-5.0994,51.9687],[-5.1043,51.9693],[-5.1027,51.9648],[-5.1071,51.9612],[-5.1221,51.9606],[-5.1244,51.9625],[-5.1273,51.9597],[-5.1372,51.9636],[-5.1469,51.9614],[-5.1419,51.9593],[-5.143,51.9563],[-5.1501,51.9546],[-5.1487,51.9528],[-5.1562,51.9528],[-5.1541,51.9483],[-5.1741,51.949],[-5.1752,51.9514],[-5.1828,51.9505],[-5.1822,51.9482],[-5.1859,51.9506],[-5.1964,51.9506],[-5.1933,51.9483],[-5.204,51.9451],[-5.1984,51.9418],[-5.213,51.9385],[-5.2061,51.9362],[-5.2102,51.9323],[-5.2361,51.9295],[-5.2393,51.9242],[-5.2544,51.9193],[-5.253,51.9172],[-5.2593,51.9148],[-5.2862,51.911],[-5.2855,51.9139],[-5.2891,51.9142],[-5.3055,51.9083],[-5.3146,51.902],[-5.3037,51.9036],[-5.3051,51.9007],[-5.297,51.8994],[-5.2998,51.898],[-5.2961,51.8976],[-5.2958,51.8933],[-5.3045,51.8861],[-5.3089,51.8877],[-5.3161,51.8847],[-5.3074,51.8748],[-5.3156,51.8656],[-5.3196,51.8656],[-5.3198,51.8616],[-5.3094,51.8602],[-5.306,51.864],[-5.2976,51.8661],[-5.2964,51.8607],[-5.2903,51.8649],[-5.2816,51.8655],[-5.2825,51.8702],[-5.2787,51.8675],[-5.266,51.8719],[-5.2612,51.8689],[-5.2539,51.8729],[-5.252,51.8685],[-5.2458,51.8735],[-5.2408,51.8708],[-5.2176,51.8735],[-5.2108,51.8695],[-5.2125,51.8674],[-5.1982,51.8673],[-5.1973,51.8714],[-5.1893,51.8739],[-5.1957,51.8708],[-5.1924,51.869],[-5.1946,51.8672],[-5.1796,51.8673],[-5.1816,51.861],[-5.1663,51.865],[-5.159,51.8607],[-5.1586,51.8609],[-5.1588,51.8623],[-5.1577,51.8632],[-5.1553,51.8615],[-5.14,51.8641],[-5.1341,51.8627],[-5.1184,51.8465],[-5.1135,51.8356],[-5.1168,51.8274],[-5.1123,51.8233],[-5.1074,51.8242],[-5.111,51.8204],[-5.1029,51.8101],[-5.1071,51.7955],[-5.102,51.7834],[-5.1076,51.7742],[-5.1187,51.7683],[-5.1305,51.7694],[-5.1365,51.7733],[-5.1404,51.7701],[-5.1602,51.7722],[-5.1662,51.7669],[-5.1753,51.7649],[-5.1861,51.7536],[-5.1938,51.7566],[-5.1991,51.7541],[-5.203,51.7556],[-5.2046,51.7394],[-5.2107,51.7339],[-5.2267,51.7376],[-5.2449,51.736],[-5.254,51.7382],[-5.2533,51.7331],[-5.2445,51.7326],[-5.2393,51.7256],[-5.233,51.7258],[-5.2272,51.7218],[-5.2224,51.7242],[-5.2106,51.7224],[-5.2011,51.7172],[-5.2036,51.7118],[-5.1868,51.7087],[-5.1912,51.6993],[-5.1862,51.6939],[-5.1881,51.69],[-5.1821,51.6893],[-5.1834,51.6858],[-5.1768,51.6839],[-5.1755,51.6803],[-5.1703,51.6818],[-5.1711,51.6875],[-5.1573,51.688],[-5.1607,51.6924],[-5.1528,51.6961],[-5.1581,51.7016],[-5.1496,51.7023],[-5.1687,51.7073],[-5.1677,51.7109],[-5.1734,51.7151],[-5.1656,51.7231],[-5.167,51.7269],[-5.1636,51.7243],[-5.1645,51.7276],[-5.1688,51.7292],[-5.1699,51.7308],[-5.1697,51.7307],[-5.1695,51.7306],[-5.1689,51.73],[-5.1687,51.7292],[-5.1677,51.7293],[-5.167,51.7293],[-5.1637,51.7279],[-5.1635,51.7238],[-5.1672,51.7194],[-5.1565,51.7128],[-5.145,51.7146],[-5.1343,51.7128],[-5.1346,51.7154],[-5.1246,51.7174],[-5.1158,51.7104],[-5.1117,51.7166],[-5.1057,51.717],[-5.1051,51.7359],[-5.1012,51.7346],[-5.093,51.7405],[-5.0928,51.7403],[-5.0934,51.7402],[-5.0935,51.7392],[-5.0914,51.7382],[-5.1035,51.7323],[-5.105,51.7236],[-5.0946,51.7211],[-5.095,51.7171],[-5.0864,51.7118],[-5.0849,51.7063],[-5.0628,51.7075],[-5.0605,51.71],[-5.0552,51.7074],[-5.0418,51.7076],[-5.0341,51.7112],[-5.0226,51.7079],[-5.0208,51.7144],[-5.0138,51.7172],[-5.0194,51.7066],[-4.985,51.6993],[-4.9561,51.7075],[-4.9433,51.7052],[-4.9443,51.7174],[-4.9404,51.7136],[-4.9417,51.7085],[-4.9288,51.7089],[-4.9208,51.7049],[-4.909,51.7112],[-4.8953,51.7109],[-4.8926,51.7184],[-4.8961,51.7196],[-4.8896,51.7223],[-4.8872,51.7314],[-4.9116,51.746],[-4.9002,51.7466],[-4.9007,51.7543],[-4.91,51.7623],[-4.9158,51.7623],[-4.9116,51.7642],[-4.9035,51.7612],[-4.9,51.7624],[-4.9014,51.7655],[-4.9143,51.7717],[-4.9376,51.7653],[-4.9443,51.7669],[-4.9477,51.7693],[-4.9461,51.777],[-4.9358,51.7834],[-4.9517,51.7893],[-4.956,51.7955],[-4.967,51.8013],[-4.9553,51.7955],[-4.9502,51.7897],[-4.934,51.7837],[-4.9432,51.7769],[-4.9432,51.7707],[-4.9381,51.7676],[-4.9227,51.7747],[-4.9081,51.7733],[-4.9082,51.7854],[-4.9059,51.7736],[-4.8947,51.7685],[-4.883,51.775],[-4.8745,51.7753],[-4.8663,51.7842],[-4.8578,51.7887],[-4.8287,51.7902],[-4.8256,51.7908],[-4.8186,51.7949],[-4.8236,51.791],[-4.8276,51.7897],[-4.8463,51.7887],[-4.8611,51.7848],[-4.8601,51.7826],[-4.8644,51.7836],[-4.8652,51.7782],[-4.8724,51.7726],[-4.871,51.7696],[-4.8731,51.7721],[-4.8882,51.767],[-4.8861,51.7612],[-4.894,51.7543],[-4.8934,51.7431],[-4.8969,51.7407],[-4.8689,51.7332],[-4.8742,51.7318],[-4.8832,51.7321],[-4.8843,51.7192],[-4.8813,51.7186],[-4.8724,51.7201],[-4.8696,51.7239],[-4.8558,51.7226],[-4.855,51.7251],[-4.8451,51.7255],[-4.8348,51.7237],[-4.8327,51.7254],[-4.8256,51.7254],[-4.8242,51.7287],[-4.8249,51.7245],[-4.8317,51.7248],[-4.8334,51.722],[-4.8481,51.7223],[-4.8486,51.7186],[-4.8612,51.7196],[-4.8477,51.7082],[-4.841,51.7081],[-4.8494,51.7055],[-4.8455,51.7013],[-4.8264,51.6995],[-4.8435,51.6997],[-4.8363,51.6946],[-4.8406,51.6944],[-4.8461,51.6974],[-4.8458,51.7006],[-4.8525,51.6955],[-4.8525,51.6979],[-4.8489,51.7025],[-4.8571,51.7077],[-4.8609,51.7061],[-4.8578,51.708],[-4.8642,51.7147],[-4.884,51.7167],[-4.8911,51.706],[-4.904,51.7079],[-4.9187,51.6986],[-4.8909,51.6933],[-4.9027,51.6925],[-4.9073,51.6946],[-4.9193,51.6921],[-4.9205,51.7007],[-4.932,51.7051],[-4.9344,51.7016],[-4.9439,51.6989],[-4.9432,51.6954],[-4.9561,51.6963],[-4.9581,51.6992],[-4.9606,51.6928],[-4.9764,51.6883],[-4.9533,51.681],[-4.9304,51.6818],[-4.9218,51.6792],[-4.9362,51.6795],[-4.937,51.6719],[-4.9408,51.6776],[-4.9647,51.6763],[-4.9745,51.6717],[-4.9751,51.6743],[-4.9817,51.6741],[-4.9788,51.678],[-4.9862,51.6839],[-4.9799,51.6864],[-4.9812,51.6891],[-5.0045,51.6897],[-5.0075,51.6873],[-5.0096,51.6903],[-5.0275,51.695],[-5.0511,51.6939],[-5.0567,51.6878],[-5.0445,51.6847],[-5.0423,51.6811],[-5.0467,51.6762],[-5.0739,51.6779],[-5.0867,51.6844],[-5.0819,51.6847],[-5.0819,51.6841],[-5.0756,51.688],[-5.105,51.6921],[-5.1137,51.6901],[-5.1076,51.6852],[-5.1122,51.686],[-5.1256,51.6816],[-5.1185,51.6771],[-5.1198,51.6732],[-5.1127,51.674],[-5.1044,51.6679],[-5.0947,51.6685],[-5.065,51.6634],[-5.05,51.6399],[-5.0503,51.6334],[-5.0621,51.6294],[-5.0594,51.6206],[-5.0328,51.6181],[-5.0073,51.6085],[-4.9929,51.6125],[-4.9904,51.6103],[-4.9888,51.6128],[-4.983,51.6092],[-4.9739,51.6099],[-4.9731,51.6059],[-4.956,51.6038],[-4.9483,51.597],[-4.9448,51.5993],[-4.9418,51.5973],[-4.9423,51.5993],[-4.9389,51.5972],[-4.9306,51.5987],[-4.9263,51.5961],[-4.9232,51.5977],[-4.9276,51.6004],[-4.9222,51.6043],[-4.923,51.6114],[-4.9162,51.6078],[-4.915,51.6111],[-4.9085,51.6129],[-4.8964,51.6102],[-4.8971,51.6131],[-4.904,51.6172],[-4.8981,51.6218],[-4.901,51.6243],[-4.8986,51.6271],[-4.8901,51.6314],[-4.8798,51.632],[-4.877,51.6371],[-4.8618,51.6387],[-4.8676,51.6416],[-4.8609,51.6471],[-4.8482,51.6473],[-4.8412,51.6447],[-4.8318,51.648],[-4.8254,51.6462],[-4.825,51.6426],[-4.8156,51.6452],[-4.8072,51.6442],[-4.8035,51.6423],[-4.8065,51.6391],[-4.7933,51.6374],[-4.7914,51.639],[-4.7811,51.6349],[-4.7752,51.6398],[-4.7772,51.6423],[-4.7559,51.6441],[-4.7616,51.6479],[-4.7569,51.6536],[-4.7111,51.6518],[-4.7161,51.6543],[-4.7142,51.6588],[-4.7033,51.6682],[-4.6933,51.672],[-4.7019,51.6746],[-4.6972,51.6863],[-4.6802,51.6974],[-4.6879,51.6989],[-4.6979,51.7111],[-4.6865,51.7224],[-4.6632,51.7312],[-4.6329,51.7354],[-4.6286,51.7338],[-4.6131,51.7381],[-4.5786,51.7343],[-4.5738,51.7383],[-4.5679,51.7371],[-4.5592,51.7422],[-4.4801,51.7344],[-4.4439,51.7368],[-4.4302,51.7401],[-4.426,51.7484],[-4.4439,51.7593],[-4.4482,51.7586],[-4.4483,51.7609],[-4.4546,51.7629],[-4.459,51.7605],[-4.4555,51.7627],[-4.4627,51.7687],[-4.4597,51.768],[-4.4482,51.7812],[-4.4586,51.7883],[-4.4706,51.7889],[-4.4738,51.7921],[-4.4664,51.7889],[-4.4545,51.7902],[-4.4531,51.7873],[-4.4422,51.7841],[-4.4381,51.7795],[-4.4407,51.7739],[-4.4387,51.7746],[-4.4372,51.7766],[-4.437,51.7758],[-4.4386,51.7744],[-4.4377,51.7735],[-4.4487,51.77],[-4.4371,51.7667],[-4.4364,51.7661],[-4.4361,51.764],[-4.4354,51.7636],[-4.4267,51.7637],[-4.4038,51.7573],[-4.398,51.7628],[-4.388,51.7652],[-4.3766,51.7757],[-4.3739,51.7853],[-4.3621,51.7945],[-4.3635,51.7965],[-4.3585,51.7941],[-4.3439,51.7991],[-4.327,51.8007],[-4.3196,51.8192],[-4.3282,51.8274],[-4.3206,51.8319],[-4.3274,51.8267],[-4.3197,51.8217],[-4.3183,51.8187],[-4.3232,51.8027],[-4.3339,51.7969],[-4.3434,51.797],[-4.3603,51.7864],[-4.3596,51.7893],[-4.3661,51.7872],[-4.3627,51.7773],[-4.3722,51.7679],[-4.3756,51.7475],[-4.3642,51.7372],[-4.32,51.7348],[-4.325,51.7319],[-4.3202,51.7284],[-4.3241,51.7301],[-4.3247,51.7281],[-4.3196,51.7273],[-4.3233,51.727],[-4.3197,51.7262],[-4.3124,51.7281],[-4.3074,51.7266],[-4.3091,51.7261],[-4.3095,51.7262],[-4.3104,51.7265],[-4.308,51.7248],[-4.3061,51.7269],[-4.3051,51.726],[-4.303,51.7224],[-4.3063,51.7257],[-4.305,51.7221],[-4.3096,51.7243],[-4.3094,51.7236],[-4.31,51.7223],[-4.3098,51.7212],[-4.3118,51.7227],[-4.3117,51.7229],[-4.3109,51.7233],[-4.3107,51.7233],[-4.3106,51.723],[-4.3103,51.7235],[-4.3096,51.7234],[-4.3097,51.7243],[-4.3089,51.7246],[-4.3141,51.7266],[-4.3191,51.7239],[-4.312,51.7215],[-4.3142,51.7201],[-4.3166,51.7204],[-4.3178,51.7215],[-4.3181,51.72],[-4.317,51.72],[-4.3149,51.7192],[-4.3155,51.7192],[-4.3157,51.7193],[-4.317,51.7198],[-4.317,51.7199],[-4.3177,51.7198],[-4.3182,51.72],[-4.3185,51.7198],[-4.3185,51.7202],[-4.3189,51.7198],[-4.318,51.7225],[-4.3219,51.7246],[-4.3199,51.7223],[-4.3228,51.7211],[-4.3193,51.7205],[-4.3211,51.7197],[-4.3189,51.7183],[-4.3184,51.7192],[-4.3161,51.7184],[-4.3165,51.7175],[-4.3183,51.7191],[-4.3184,51.7184],[-4.3188,51.7182],[-4.3202,51.719],[-4.3199,51.7177],[-4.3226,51.7166],[-4.32,51.7179],[-4.3229,51.7178],[-4.321,51.7204],[-4.3243,51.7198],[-4.3247,51.7223],[-4.3245,51.7194],[-4.3262,51.7191],[-4.3264,51.7195],[-4.3252,51.7202],[-4.3254,51.7206],[-4.3252,51.7214],[-4.3249,51.7216],[-4.3252,51.7222],[-4.3221,51.7236],[-4.3256,51.7245],[-4.3287,51.7181],[-4.3307,51.7194],[-4.3305,51.7205],[-4.3297,51.7208],[-4.3297,51.7216],[-4.3288,51.722],[-4.3309,51.7228],[-4.3332,51.7184],[-4.3299,51.7179],[-4.3346,51.7179],[-4.335,51.7223],[-4.3364,51.7176],[-4.338,51.718],[-4.3378,51.7182],[-4.3379,51.7186],[-4.3374,51.7193],[-4.339,51.7191],[-4.3365,51.721],[-4.3419,51.7199],[-4.3354,51.7231],[-4.3409,51.7206],[-4.3382,51.7228],[-4.3381,51.723],[-4.339,51.7233],[-4.3418,51.7241],[-4.3423,51.7217],[-4.343,51.725],[-4.344,51.7197],[-4.3439,51.7217],[-4.3454,51.72],[-4.3488,51.7215],[-4.3487,51.7216],[-4.3476,51.7215],[-4.3465,51.7212],[-4.346,51.7219],[-4.3444,51.7218],[-4.3457,51.723],[-4.3505,51.7215],[-4.3504,51.7218],[-4.3501,51.722],[-4.3496,51.7221],[-4.3495,51.7227],[-4.3491,51.7231],[-4.3459,51.7232],[-4.345,51.723],[-4.3462,51.7247],[-4.3509,51.7242],[-4.3523,51.7241],[-4.3523,51.724],[-4.3513,51.7213],[-4.3598,51.7226],[-4.3597,51.7228],[-4.3592,51.7243],[-4.3575,51.7297],[-4.363,51.7247],[-4.3613,51.7278],[-4.3644,51.7277],[-4.3636,51.7285],[-4.362,51.729],[-4.3606,51.7303],[-4.3664,51.7274],[-4.367,51.7275],[-4.3672,51.7287],[-4.3751,51.7327],[-4.3804,51.7302],[-4.3602,51.7045],[-4.3155,51.6745],[-4.2978,51.6685],[-4.2831,51.6675],[-4.2658,51.6724],[-4.2656,51.6757],[-4.2712,51.6775],[-4.277,51.6754],[-4.277,51.6763],[-4.2768,51.6765],[-4.272,51.6777],[-4.2808,51.6761],[-4.2816,51.6751],[-4.2922,51.676],[-4.2738,51.6787],[-4.2643,51.6782],[-4.2637,51.678],[-4.2629,51.6776],[-4.2623,51.6759],[-4.2616,51.6791],[-4.2619,51.6771],[-4.2532,51.6788],[-4.2509,51.6767],[-4.251,51.6814],[-4.2537,51.6828],[-4.249,51.6822],[-4.2503,51.6781],[-4.2446,51.6782],[-4.2261,51.6798],[-4.2244,51.6837],[-4.2118,51.6852],[-4.1822,51.6806],[-4.1727,51.6678],[-4.1778,51.6668],[-4.1685,51.6659],[-4.1727,51.669],[-4.1716,51.6736],[-4.1648,51.6664],[-4.1677,51.664],[-4.1629,51.6633],[-4.1639,51.6599],[-4.1547,51.6577],[-4.1544,51.6552],[-4.1455,51.6548],[-4.1435,51.6566],[-4.1456,51.657],[-4.1456,51.6582],[-4.1474,51.6576],[-4.1435,51.6607],[-4.143,51.6603],[-4.1431,51.6594],[-4.1448,51.6569],[-4.1359,51.6604],[-4.1372,51.6628],[-4.1333,51.6654],[-4.1327,51.6646],[-4.1358,51.6636],[-4.1345,51.6631],[-4.1349,51.6625],[-4.1351,51.6624],[-4.1356,51.6625],[-4.1347,51.6612],[-4.1356,51.6598],[-4.1306,51.6621],[-4.1279,51.6588],[-4.1273,51.6613],[-4.1218,51.6587],[-4.0916,51.6634],[-4.0855,51.6617],[-4.0804,51.6656],[-4.083,51.668],[-4.0819,51.6702],[-4.0896,51.6717],[-4.0852,51.6735],[-4.0819,51.6706],[-4.0825,51.6729],[-4.0814,51.6735],[-4.0816,51.6746],[-4.0813,51.6749],[-4.0813,51.6748],[-4.0815,51.6747],[-4.0814,51.6744],[-4.0813,51.6735],[-4.0818,51.6719],[-4.0815,51.6712],[-4.0816,51.6694],[-4.0806,51.6695],[-4.0816,51.6889],[-4.0784,51.6893],[-4.0735,51.6886],[-4.0689,51.6896],[-4.0644,51.6979],[-4.0531,51.701],[-4.054,51.7094],[-4.0437,51.7065],[-4.0501,51.7121],[-4.0444,51.709],[-4.0431,51.7079],[-4.043,51.7074],[-4.0435,51.7063],[-4.0453,51.7059],[-4.0536,51.7088],[-4.0508,51.7066],[-4.0517,51.6996],[-4.0597,51.6989],[-4.0618,51.6931],[-4.0583,51.6937],[-4.0598,51.693],[-4.0602,51.6933],[-4.0608,51.6928],[-4.0623,51.693],[-4.0638,51.6919],[-4.0688,51.6843],[-4.0692,51.6796],[-4.0692,51.6795],[-4.0691,51.6795],[-4.0648,51.6796],[-4.068,51.6769],[-4.0624,51.673],[-4.0628,51.6727],[-4.0643,51.673],[-4.0669,51.6712],[-4.065,51.6733],[-4.0694,51.6727],[-4.0684,51.6689],[-4.0813,51.6621],[-4.0738,51.6566],[-4.0665,51.658],[-4.0584,51.6544],[-4.0488,51.6557],[-4.0584,51.6542],[-4.0717,51.657],[-4.0689,51.6543],[-4.0718,51.6525],[-4.0759,51.6573],[-4.0843,51.6573],[-4.0847,51.6534],[-4.0874,51.654],[-4.0872,51.6552],[-4.089,51.6552],[-4.0843,51.6498],[-4.0849,51.6499],[-4.0862,51.6507],[-4.0874,51.6527],[-4.0872,51.6514],[-4.0893,51.655],[-4.0907,51.6521],[-4.0916,51.6564],[-4.0951,51.6553],[-4.0897,51.6503],[-4.0928,51.6494],[-4.093,51.6523],[-4.0937,51.6499],[-4.0962,51.6549],[-4.1037,51.6484],[-4.0982,51.6539],[-4.1037,51.6532],[-4.1168,51.6446],[-4.1057,51.6476],[-4.1015,51.6472],[-4.1032,51.6463],[-4.1052,51.647],[-4.1059,51.6475],[-4.1104,51.6454],[-4.1064,51.6467],[-4.1093,51.6455],[-4.1062,51.6464],[-4.109,51.6453],[-4.105,51.6459],[-4.1038,51.6451],[-4.1062,51.6442],[-4.1078,51.6447],[-4.1049,51.6436],[-4.0982,51.6454],[-4.1047,51.6432],[-4.1299,51.6407],[-4.1375,51.6422],[-4.1338,51.6405],[-4.1396,51.6382],[-4.1336,51.6323],[-4.1375,51.6331],[-4.138,51.6355],[-4.1483,51.6349],[-4.1441,51.6331],[-4.1512,51.633],[-4.1526,51.6358],[-4.1585,51.6343],[-4.1653,51.622],[-4.1713,51.6223],[-4.1679,51.6195],[-4.1725,51.6162],[-4.1719,51.6188],[-4.1681,51.6195],[-4.1693,51.6194],[-4.1707,51.6196],[-4.172,51.6202],[-4.1719,51.623],[-4.1657,51.6224],[-4.1659,51.6282],[-4.1694,51.6243],[-4.1786,51.6256],[-4.1795,51.6285],[-4.1815,51.6262],[-4.1879,51.6243],[-4.192,51.6241],[-4.1903,51.622],[-4.1873,51.6223],[-4.1865,51.6222],[-4.1861,51.6217],[-4.1878,51.617],[-4.1882,51.6173],[-4.1883,51.618],[-4.1866,51.622],[-4.1921,51.6197],[-4.1937,51.6211],[-4.1893,51.6215],[-4.1916,51.6224],[-4.1925,51.6235],[-4.1978,51.6223],[-4.1919,51.6248],[-4.1874,51.6249],[-4.1874,51.6273],[-4.2055,51.6275],[-4.2175,51.6355],[-4.2176,51.6325],[-4.2078,51.6249],[-4.2085,51.6249],[-4.2091,51.625],[-4.2112,51.6261],[-4.2124,51.6284],[-4.2163,51.6284],[-4.2225,51.6353],[-4.2281,51.6339],[-4.2232,51.6323],[-4.2236,51.632],[-4.2247,51.6323],[-4.2268,51.6318],[-4.2223,51.6308],[-4.2246,51.6289],[-4.2212,51.6293],[-4.2217,51.6287],[-4.2231,51.6288],[-4.223,51.6283],[-4.2242,51.6286],[-4.2248,51.6275],[-4.2135,51.6263],[-4.21,51.6247],[-4.2097,51.6244],[-4.2116,51.6246],[-4.2134,51.6262],[-4.2136,51.6257],[-4.2141,51.6256],[-4.2162,51.626],[-4.2166,51.6263],[-4.2183,51.6243],[-4.2169,51.6232],[-4.2145,51.6248],[-4.2111,51.6239],[-4.2131,51.6203],[-4.206,51.6191],[-4.2055,51.6164],[-4.206,51.6165],[-4.2062,51.617],[-4.2062,51.6189],[-4.2068,51.6187],[-4.2079,51.619],[-4.2083,51.6194],[-4.2086,51.6189],[-4.2098,51.6185],[-4.2103,51.6196],[-4.2134,51.6188],[-4.2121,51.6193],[-4.2136,51.6206],[-4.2129,51.6241],[-4.2184,51.6212],[-4.2194,51.623],[-4.2187,51.6258],[-4.2214,51.6224],[-4.2222,51.624],[-4.2218,51.6247],[-4.2211,51.6255],[-4.22,51.6261],[-4.2253,51.6262],[-4.2216,51.6206],[-4.2238,51.621],[-4.2247,51.6231],[-4.2258,51.6222],[-4.2285,51.6306],[-4.2282,51.6254],[-4.2313,51.6298],[-4.2292,51.6231],[-4.2309,51.6235],[-4.2313,51.6266],[-4.2339,51.6229],[-4.2338,51.625],[-4.2309,51.6273],[-4.2337,51.6275],[-4.2312,51.6337],[-4.2338,51.6286],[-4.2339,51.6292],[-4.2331,51.6303],[-4.2334,51.6309],[-4.2378,51.6309],[-4.2348,51.6281],[-4.238,51.6307],[-4.2362,51.6288],[-4.2363,51.6256],[-4.2367,51.6261],[-4.2368,51.6272],[-4.2378,51.6279],[-4.2383,51.6305],[-4.242,51.6299],[-4.2388,51.6277],[-4.2397,51.6279],[-4.2402,51.6281],[-4.2403,51.6283],[-4.2402,51.6287],[-4.2419,51.6296],[-4.2421,51.6301],[-4.2424,51.6298],[-4.2367,51.6237],[-4.2421,51.627],[-4.243,51.6252],[-4.2397,51.6218],[-4.2401,51.6205],[-4.2455,51.618],[-4.2456,51.6187],[-4.2436,51.6202],[-4.2426,51.6202],[-4.2433,51.6208],[-4.2425,51.6215],[-4.2419,51.6217],[-4.2415,51.6215],[-4.2411,51.6202],[-4.2408,51.6212],[-4.2399,51.6217],[-4.2434,51.622],[-4.243,51.6267],[-4.2476,51.6248],[-4.2475,51.6265],[-4.2427,51.6286],[-4.2475,51.6278],[-4.236,51.6368],[-4.24,51.6365],[-4.2394,51.6392],[-4.2353,51.6377],[-4.2361,51.6413],[-4.2325,51.6425],[-4.2425,51.6461],[-4.2306,51.6478],[-4.2459,51.6474],[-4.2547,51.6312],[-4.2725,51.6248],[-4.2805,51.6154],[-4.2976,51.6151],[-4.3091,51.6096],[-4.2963,51.5964],[-4.289,51.5763],[-4.2907,51.5698],[-4.3082,51.563],[-4.297,51.5596],[-4.2913,51.5631],[-4.2788,51.5615],[-4.2795,51.5586],[-4.2589,51.5534],[-4.2581,51.5502],[-4.2404,51.5432],[-4.2239,51.5403],[-4.2163,51.5414],[-4.2101,51.5371],[-4.2086,51.5391],[-4.2044,51.5379],[-4.2089,51.5403],[-4.2078,51.5447],[-4.1948,51.5483],[-4.1827,51.5485],[-4.1523,51.5411],[-4.1462,51.5452],[-4.161,51.5553],[-4.1565,51.5619],[-4.1411,51.5687],[-4.1255,51.5701],[-4.1225,51.5683],[-4.1108,51.5726],[-4.1142,51.5741],[-4.1081,51.5758],[-4.1056,51.5758],[-4.1055,51.5751],[-4.1062,51.5747],[-4.1048,51.575],[-4.1048,51.5767],[-4.1036,51.5778],[-4.1041,51.5771],[-4.1047,51.5766],[-4.1044,51.5755],[-4.1046,51.5751],[-4.1052,51.5748],[-4.106,51.5746],[-4.1063,51.5747],[-4.1063,51.5749],[-4.1056,51.5753],[-4.1058,51.5757],[-4.107,51.5755],[-4.108,51.5757],[-4.11,51.5744],[-4.1112,51.5744],[-4.109,51.5713],[-4.1114,51.5699],[-4.102,51.5653],[-4.0887,51.5646],[-4.0831,51.5615],[-4.0741,51.5622],[-4.0643,51.5572],[-4.0592,51.5592],[-4.0575,51.5646],[-4.0451,51.5655],[-4.0349,51.5701],[-4.0244,51.5631],[-4.014,51.564],[-4.0146,51.567],[-4.0105,51.5681],[-3.9935,51.5631],[-3.9847,51.566],[-3.9815,51.5645],[-3.9765,51.5688],[-3.9969,51.5748],[-4.0006,51.582],[-3.993,51.5983],[-3.9824,51.6048],[-3.9624,51.6115],[-3.9398,51.6138],[-3.9287,51.6134],[-3.9287,51.6082],[-3.9263,51.6139],[-3.9253,51.609],[-3.9246,51.6115],[-3.9228,51.6102],[-3.9249,51.6088],[-3.9269,51.6064],[-3.9238,51.6093],[-3.903,51.6131],[-3.8934,51.6188],[-3.8737,51.6163],[-3.8511,51.6174],[-3.8489,51.622],[-3.8624,51.6217],[-3.8621,51.6218],[-3.8608,51.6218],[-3.8592,51.6222],[-3.8544,51.6225],[-3.8489,51.6223],[-3.8459,51.6202],[-3.8418,51.6224],[-3.8447,51.6237],[-3.8365,51.6239],[-3.8319,51.6346],[-3.8361,51.6383],[-3.8396,51.6376],[-3.8352,51.6397],[-3.8308,51.637],[-3.8319,51.6259],[-3.8266,51.6267],[-3.8451,51.6195],[-3.8394,51.6206],[-3.8507,51.6142],[-3.8058,51.5837],[-3.8016,51.5841],[-3.8001,51.5847],[-3.7971,51.5912],[-3.7907,51.593],[-3.7968,51.5904],[-3.7986,51.5835],[-3.8042,51.5823],[-3.7972,51.5758],[-3.797,51.5692],[-3.7899,51.5701],[-3.7791,51.5593],[-3.7621,51.538],[-3.7592,51.527],[-3.7454,51.5075],[-3.7493,51.5035],[-3.7332,51.4976],[-3.72,51.4797],[-3.7029,51.473],[-3.6996,51.4731],[-3.6984,51.4787],[-3.6895,51.4756],[-3.6837,51.4771],[-3.6793,51.4732],[-3.6754,51.4789],[-3.6623,51.4804],[-3.6507,51.4778],[-3.6379,51.47],[-3.6328,51.4736],[-3.6198,51.4768],[-3.6243,51.4743],[-3.6323,51.473],[-3.6387,51.4691],[-3.6419,51.4679],[-3.641,51.4623],[-3.6065,51.4464],[-3.6067,51.4419],[-3.5969,51.4411],[-3.5589,51.4013],[-3.5398,51.3975],[-3.52,51.4],[-3.4467,51.3879],[-3.4155,51.3878],[-3.409,51.3862],[-3.4051,51.3813],[-3.381,51.3852],[-3.381,51.3832],[-3.358,51.384],[-3.3409,51.3812],[-3.3102,51.3927],[-3.2895,51.3861],[-3.284,51.3937],[-3.2795,51.3926],[-3.2858,51.3896],[-3.2789,51.3854],[-3.2791,51.3898],[-3.2652,51.3877],[-3.2652,51.392],[-3.2585,51.3912],[-3.2635,51.3925],[-3.2609,51.3948],[-3.2555,51.3934],[-3.2572,51.3917],[-3.2515,51.3964],[-3.2398,51.3969],[-3.2249,51.4035],[-3.1917,51.3996],[-3.1696,51.4062],[-3.1705,51.4271],[-3.1645,51.4406],[-3.1645,51.4515],[-3.1566,51.4517],[-3.1361,51.4668],[-3.1403,51.4729],[-3.1316,51.4745],[-3.1228,51.4917],[-3.1063,51.492],[-3.0481,51.5137],[-3.0424,51.5204],[-3.0325,51.519],[-3.0045,51.5305],[-2.9952,51.5366],[-2.9893,51.5474],[-2.9955,51.5497],[-2.9931,51.5508],[-2.9976,51.5562],[-3.0034,51.5577],[-3.0017,51.5618],[-3.0004,51.5621],[-2.9993,51.5611],[-3.0028,51.5582],[-2.997,51.5566],[-2.9875,51.5478],[-2.9872,51.5484],[-2.9872,51.5504],[-2.9698,51.556],[-2.987,51.5689],[-2.9844,51.5742],[-2.9756,51.5769],[-2.9946,51.59],[-2.9901,51.5974],[-2.9911,51.6014],[-2.9913,51.5987],[-2.9935,51.5983],[-2.9929,51.5965],[-2.9938,51.5962],[-2.996,51.5964],[-2.9934,51.5964],[-2.9939,51.5984],[-2.9915,51.599],[-2.9927,51.601],[-2.9911,51.6027],[-2.9933,51.6096],[-2.9843,51.6098],[-2.9784,51.6058],[-2.9719,51.6104],[-2.9673,51.6053],[-2.9567,51.6023],[-2.9521,51.6082],[-2.9456,51.6074],[-2.9459,51.6117],[-2.9416,51.6133],[-2.944,51.6135],[-2.9461,51.6147],[-2.946,51.6121],[-2.9496,51.6123],[-2.9495,51.6156],[-2.9481,51.6156],[-2.9465,51.6122],[-2.9465,51.6148],[-2.945,51.6147],[-2.9437,51.6137],[-2.9413,51.6135],[-2.9442,51.6109],[-2.9358,51.6152],[-2.9441,51.6178],[-2.9449,51.6213],[-2.9443,51.6207],[-2.9433,51.6209],[-2.9427,51.6208],[-2.9423,51.6205],[-2.9425,51.6175],[-2.9346,51.6191],[-2.9408,51.6173],[-2.9345,51.6153],[-2.9441,51.6072],[-2.9474,51.6063],[-2.9517,51.6075],[-2.955,51.6019],[-2.9582,51.6009],[-2.9686,51.6047],[-2.9736,51.6089],[-2.9757,51.6052],[-2.98,51.6048],[-2.9856,51.6089],[-2.9916,51.6082],[-2.9884,51.5974],[-2.9929,51.5902],[-2.9798,51.5809],[-2.9688,51.5781],[-2.9708,51.5771],[-2.975,51.5796],[-2.9735,51.5751],[-2.984,51.5691],[-2.9698,51.5617],[-2.966,51.5632],[-2.9656,51.5535],[-2.9612,51.552],[-2.9648,51.5519],[-2.9667,51.5534],[-2.9816,51.5451],[-2.9512,51.5351],[-2.9272,51.5359],[-2.9222,51.5387],[-2.9225,51.5368],[-2.9203,51.539],[-2.9138,51.5407],[-2.914,51.5425],[-2.9114,51.5422],[-2.9151,51.5396],[-2.9169,51.5394],[-2.9175,51.5385],[-2.9198,51.5389],[-2.9225,51.5358],[-2.9048,51.5324],[-2.8696,51.5425],[-2.8449,51.5457],[-2.7577,51.5784],[-2.7376,51.5819],[-2.713,51.5822],[-2.6942,51.5989],[-2.6941,51.6027],[-2.6916,51.6032],[-2.6923,51.6005],[-2.6675,51.6106],[-2.6512,51.6098],[-2.647,51.6161],[-2.651,51.6221],[-2.6489,51.6313],[-2.6408,51.6353],[-2.6234,51.6542],[-2.6258,51.6615],[-2.6099,51.6727],[-2.5767,51.6846],[-2.5691,51.6924],[-2.5636,51.691],[-2.5598,51.6943],[-2.5526,51.6928],[-2.5335,51.6776],[-2.5563,51.6677],[-2.5688,51.6559],[-2.5799,51.6351],[-2.5754,51.6314],[-2.5782,51.6312],[-2.5809,51.633],[-2.5979,51.6185],[-2.5965,51.6167],[-2.5975,51.6168],[-2.5989,51.6178],[-2.6278,51.6056],[-2.6562,51.5739],[-2.658,51.5747],[-2.6573,51.5756],[-2.6634,51.5736],[-2.671,51.5447],[-2.7029,51.5153],[-2.7156,51.5073],[-2.7182,51.5082],[-2.7101,51.5017],[-2.7274,51.4997],[-2.7304,51.5023],[-2.7308,51.502],[-2.7304,51.5015],[-2.7288,51.5002],[-2.7269,51.4993],[-2.7355,51.4943],[-2.7326,51.4925],[-2.7351,51.4924],[-2.7371,51.494],[-2.7572,51.4921],[-2.7557,51.4938]]]},"properties":null,"id":43816},
{"type":"Feature","geometry":{"type":"Polygon","coordinates":[[[-9.9823,53.8841],[-9.9774,53.8842],[-9.9628,53.8744],[-9.944,53.8757],[-9.949,53.8776],[-9.9368,53.8989],[-9.9417,53.9089],[-9.9528,53.9108],[-9.9547,53.908],[-9.9575,53.9101],[-9.9455,53.9167],[-9.9399,53.9138],[-9.931,53.9175],[-9.9334,53.9214],[-9.9404,53.9192],[-9.9405,53.9227],[-9.928,53.9257],[-9.9226,53.9324],[-9.94,53.9305],[-9.9368,53.9334],[-9.9396,53.9356],[-9.9352,53.9361],[-9.9348,53.9409],[-9.9317,53.9362],[-9.9253,53.9397],[-9.9257,53.9519],[-9.9206,53.9534],[-9.9277,53.9536],[-9.9143,53.9635],[-9.9194,53.9653],[-9.9231,53.9643],[-9.9217,53.9623],[-9.9254,53.9635],[-9.9293,53.9612],[-9.946,53.9649],[-9.9398,53.9606],[-9.9565,53.9531],[-9.9442,53.9489],[-9.9454,53.9468],[-9.9525,53.9504],[-9.9585,53.9487],[-9.9698,53.951],[-9.966,53.9526],[-9.958,53.951],[-9.9604,53.9568],[-9.9519,53.9627],[-9.9545,53.9726],[-9.9577,53.9737],[-9.9617,53.9714],[-9.9577,53.9749],[-9.9532,53.975],[-9.9559,53.9778],[-9.95,53.9821],[-9.9587,53.9899],[-9.9359,53.991],[-9.936,53.9942],[-9.9286,53.9954],[-9.9399,54.0022],[-9.9376,54.0065],[-9.9513,54.016],[-9.9609,54.0185],[-9.9714,54.0294],[-9.9761,54.0299],[-9.9791,54.0215],[-9.9888,54.0199],[-9.9893,54.0138],[-9.994,54.013],[-10.0025,54.0167],[-10.0104,54.0143],[-10.0139,54.0168],[-10.027,54.0116],[-10.0447,54.0245],[-10.0699,54.024],[-10.0831,54.0182],[-10.085,54.0133],[-10.0985,54.0093],[-10.0982,54.0018],[-10.1026,54.0007],[-10.1267,54.0023],[-10.1345,53.9997],[-10.1436,54.002],[-10.1448,54.0087],[-10.1713,54.0074],[-10.1771,54.0086],[-10.1799,54.0138],[-10.1887,54.0157],[-10.1921,54.0049],[-10.1862,54.0034],[-10.1901,54.0001],[-10.1866,53.9999],[-10.1874,53.9974],[-10.2102,53.9864],[-10.2183,53.9857],[-10.2182,53.982],[-10.2342,53.9814],[-10.2372,53.9833],[-10.2584,53.9752],[-10.237,53.9782],[-10.2356,53.9733],[-10.2228,53.9728],[-10.224,53.9698],[-10.2158,53.9686],[-10.2158,53.9657],[-10.1957,53.9606],[-10.188,53.961],[-10.1944,53.9661],[-10.1892,53.97],[-10.1581,53.9678],[-10.1554,53.9653],[-10.1251,53.9737],[-10.1168,53.9603],[-10.1091,53.9661],[-10.1005,53.9628],[-10.0859,53.9718],[-10.0762,53.9735],[-10.0669,53.9719],[-10.0495,53.9636],[-10.0448,53.958],[-10.0525,53.9537],[-10.0515,53.9476],[-10.0556,53.9453],[-10.051,53.9437],[-10.0559,53.9376],[-10.0518,53.9358],[-10.0556,53.9348],[-10.0526,53.9326],[-10.057,53.9294],[-10.053,53.9286],[-10.0593,53.9225],[-10.0544,53.9212],[-10.0542,53.9173],[-10.0492,53.9172],[-10.0531,53.9148],[-10.0417,53.9162],[-10.0372,53.9142],[-10.0264,53.9218],[-10.0231,53.9183],[-10.0187,53.9212],[-10.0158,53.9126],[-10.0097,53.9126],[-10.0065,53.9079],[-9.9996,53.9074],[-9.9999,53.9051],[-9.9928,53.903],[-10.0025,53.8974],[-9.9951,53.8944],[-9.9974,53.8932],[-9.991,53.8872],[-9.983,53.8876],[-9.9823,53.8841]]]},"properties":null,"id":43851},
{"type":"Feature","geometry":{"type":"Polygon","coordinates":[[[-9.9632,53.8131],[-9.9761,53.8269],[-9.9858,53.8285],[-9.9957,53.8159],[-10.0155,53.8109],[-10.0253,53.8118],[-10.0359,53.8081],[-10.0362,53.8052],[-10.0494,53.8029],[-10.0444,53.7973],[-10.0533,53.7881],[-10.0278,53.7915],[-10.0146,53.789],[-9.9868,53.7897],[-9.958,53.7952],[-9.9503,53.7976],[-9.9518,53.8023],[-9.9415,53.807],[-9.9439,53.8125],[-9.9632,53.8131]]]},"properties":null,"id":43852},
{"type":"Feature","geometry":{"type":"Polygon","coordinates":[[[-9.8198,51.6378],[-9.82,51.6338],[-9.8301,51.6321],[-9.8234,51.6374],[-9.8283,51.6427],[-9.8372,51.6449],[-9.851,51.6415],[-9.9016,51.6388],[-9.9193,51.6238],[-9.9186,51.6202],[-9.9161,51.6214],[-9.919,51.6179],[-9.9097,51.6179],[-9.9125,51.6147],[-9.9085,51.616],[-9.9097,51.6143],[-9.8844,51.6174],[-9.8882,51.6099],[-9.8822,51.6109],[-9.8787,51.6159],[-9.8499,51.6206],[-9.8424,51.6242],[-9.8408,51.6225],[-9.844,51.6212],[-9.8411,51.6217],[-9.8373,51.6234],[-9.8368,51.6204],[-9.83,51.6212],[-9.819,51.6261],[-9.8211,51.6289],[-9.8103,51.6327],[-9.7971,51.6318],[-9.7999,51.6324],[-9.7954,51.6347],[-9.8027,51.6362],[-9.7923,51.6378],[-9.7817,51.6471],[-9.8198,51.6378]]]},"properties":null,"id":43887},
{"type":"Feature","geometry":{"type":"Polygon","coordinates":[[[-5.3961,55.614],[-5.3718,55.5848],[-5.3581,55.5777],[-5.3478,55.5679],[-5.3422,55.5465],[-5.3534,55.5304],[-5.351,55.5122],[-5.3558,55.506],[-5.3437,55.5049],[-5.3271,55.498],[-5.3265,55.4834],[-5.3128,55.4646],[-5.2913,55.4566],[-5.2869,55.4524],[-5.2624,55.4465],[-5.2509,55.4389],[-5.2003,55.4338],[-5.1733,55.4349],[-5.1615,55.4412],[-5.1379,55.4439],[-5.1124,55.4398],[-5.0843,55.4535],[-5.079,55.4649],[-5.0926,55.4823],[-5.0948,55.4916],[-5.093,55.4985],[-5.0823,55.503],[-5.0793,55.5099],[-5.0918,55.5114],[-5.125,55.5241],[-5.1288,55.5282],[-5.1277,55.5332],[-5.1178,55.5406],[-5.1016,55.5435],[-5.0918,55.5495],[-5.0825,55.55],[-5.083,55.5527],[-5.1084,55.572],[-5.1358,55.5766],[-5.1352,55.5782],[-5.1402,55.5762],[-5.1496,55.5778],[-5.1544,55.5822],[-5.1541,55.5911],[-5.1463,55.5931],[-5.1286,55.6067],[-5.1384,55.6435],[-5.1556,55.6621],[-5.1513,55.6652],[-5.161,55.6787],[-5.1917,55.6945],[-5.2009,55.7022],[-5.2616,55.7212],[-5.2819,55.7201],[-5.2947,55.7136],[-5.2846,55.7061],[-5.2872,55.7026],[-5.2927,55.7046],[-5.2885,55.7053],[-5.2904,55.7056],[-5.2948,55.705],[-5.3015,55.7084],[-5.3161,55.7059],[-5.325,55.699],[-5.3288,55.6892],[-5.3488,55.6848],[-5.3635,55.6791],[-5.3704,55.6734],[-5.3812,55.655],[-5.3852,55.6373],[-5.3952,55.6269],[-5.3961,55.614]]]},"properties":null,"id":44164},
{"type":"Feature","geometry":{"type":"Polygon","coordinates":[[[-5.526,56.4847],[-5.5225,56.4853],[-5.5192,56.4874],[-5.5249,56.4871],[-5.526,56.4847]]]},"properties":null,"id":44277},
{"type":"Feature","geometry":{"type":"Polygon","coordinates":[[[-10.3823,51.9134],[-10.3918,51.9151],[-10.4098,51.9114],[-10.407,51.9084],[-10.4096,51.9048],[-10.4161,51.8987],[-10.4233,51.8978],[-10.4296,51.8801],[-10.4244,51.8843],[-10.4214,51.8815],[-10.3914,51.8926],[-10.392,51.8895],[-10.3812,51.887],[-10.3738,51.8897],[-10.3677,51.8886],[-10.3595,51.8925],[-10.3522,51.8912],[-10.3454,51.8976],[-10.3073,51.906],[-10.2909,51.9138],[-10.2858,51.9263],[-10.2958,51.9286],[-10.3162,51.9239],[-10.3209,51.9344],[-10.3316,51.928],[-10.3526,51.9358],[-10.3488,51.9312],[-10.3518,51.9312],[-10.3507,51.9247],[-10.3823,51.9134]]]},"properties":null,"id":44295},
{"type":"Feature","geometry":{"type":"Polygon","coordinates":[[[-6.2625,56.84],[-6.2694,56.8417],[-6.2681,56.8371],[-6.2776,56.8353],[-6.2704,56.8281],[-6.2655,56.8272],[-6.2582,56.8266],[-6.2537,56.8326],[-6.248,56.8329],[-6.2359,56.823],[-6.2328,56.8274],[-6.2262,56.8273],[-6.2287,56.8349],[-6.2201,56.8307],[-6.2148,56.8363],[-6.2239,56.8456],[-6.2244,56.8436],[-6.2363,56.8447],[-6.2402,56.8421],[-6.2491,56.8449],[-6.2478,56.8424],[-6.251,56.844],[-6.2497,56.8413],[-6.2549,56.8403],[-6.2666,56.8483],[-6.2625,56.84]]]},"properties":null,"id":44679},
{"type":"Feature","geometry":{"type":"Polygon","coordinates":[[[-6.2727,56.8524],[-6.2798,56.8519],[-6.277,56.8479],[-6.2704,56.85],[-6.2727,56.8524]]]},"properties":null,"id":44691},
{"type":"Feature","geometry":{"type":"Polygon","coordinates":[[[-6.1284,56.8733],[-6.1267,56.8685],[-6.1208,56.8699],[-6.124,56.8776],[-6.1284,56.8733]]]},"properties":null,"id":44703},
{"type":"Feature","geometry":{"type":"Polygon","coordinates":[[[-5.1831,58.3758],[-5.175,58.3736],[-5.1723,58.3764],[-5.1716,58.3741],[-5.1687,58.3768],[-5.1664,58.383],[-5.1799,58.3901],[-5.1926,58.3867],[-5.1997,58.388],[-5.202,58.3839],[-5.2092,58.3824],[-5.2052,58.3746],[-5.1964,58.3742],[-5.1959,58.3718],[-5.1831,58.3758]]]},"properties":null,"id":44730},
{"type":"Feature","geometry":{"type":"MultiPolygon","coordinates":[[[[-1.8477,49.5],[-1.2702,49.5],[-1.3064,49.539],[-1.3098,49.5488],[-1.3045,49.5736],[-1.2961,49.5834],[-1.2845,49.5874],[-1.2714,49.5847],[-1.268,49.5824],[-1.272,49.5821],[-1.2687,49.5817],[-1.2763,49.5732],[-1.2728,49.5708],[-1.2682,49.5819],[-1.2568,49.5863],[-1.2622,49.5854],[-1.2666,49.5927],[-1.255,49.6101],[-1.2574,49.6126],[-1.2285,49.6058],[-1.2281,49.6238],[-1.2435,49.6483],[-1.2385,49.6504],[-1.2395,49.6545],[-1.2549,49.6645],[-1.2577,49.672],[-1.263,49.6684],[-1.2589,49.6732],[-1.2652,49.6744],[-1.2652,49.6789],[-1.2729,49.6798],[-1.2687,49.6815],[-1.2722,49.6842],[-1.2702,49.6875],[-1.2671,49.6858],[-1.2652,49.697],[-1.2737,49.6938],[-1.276,49.696],[-1.2783,49.6926],[-1.2814,49.6949],[-1.2912,49.6929],[-1.3329,49.7023],[-1.3448,49.7011],[-1.3712,49.707],[-1.3939,49.7061],[-1.4143,49.7013],[-1.421,49.7054],[-1.4302,49.7006],[-1.4365,49.7016],[-1.4525,49.692],[-1.4736,49.6971],[-1.4777,49.6898],[-1.4726,49.6864],[-1.475,49.6819],[-1.4851,49.6775],[-1.4858,49.6692],[-1.4942,49.6708],[-1.4966,49.6665],[-1.5074,49.6615],[-1.5467,49.654],[-1.5699,49.6572],[-1.5706,49.66],[-1.5701,49.6572],[-1.5882,49.6527],[-1.5846,49.6522],[-1.5803,49.6527],[-1.5868,49.651],[-1.5999,49.6605],[-1.6072,49.6568],[-1.6026,49.6465],[-1.6087,49.6471],[-1.6095,49.644],[-1.6135,49.6487],[-1.6149,49.643],[-1.6166,49.6489],[-1.6254,49.6475],[-1.6278,49.6527],[-1.6371,49.652],[-1.638,49.6496],[-1.641,49.6515],[-1.6404,49.6562],[-1.6359,49.6526],[-1.6364,49.6576],[-1.6314,49.6532],[-1.6308,49.6569],[-1.6342,49.6575],[-1.6294,49.6596],[-1.6162,49.6581],[-1.6334,49.6603],[-1.652,49.6563],[-1.6713,49.6577],[-1.6842,49.6659],[-1.68,49.6696],[-1.6787,49.6691],[-1.6633,49.6719],[-1.6783,49.6698],[-1.6874,49.6738],[-1.7007,49.6705],[-1.7188,49.6801],[-1.7304,49.6777],[-1.7591,49.6783],[-1.7907,49.6871],[-1.8229,49.6906],[-1.8392,49.7117],[-1.8505,49.7134],[-1.8511,49.718],[-1.8586,49.7171],[-1.8749,49.7074],[-1.8869,49.7064],[-1.8966,49.7115],[-1.8957,49.7168],[-1.9061,49.7224],[-1.9348,49.728],[-1.9423,49.7261],[-1.9488,49.7165],[-1.9437,49.7141],[-1.9482,49.7052],[-1.9361,49.6899],[-1.9458,49.6796],[-1.9464,49.6742],[-1.9411,49.6745],[-1.9402,49.6711],[-1.9302,49.6719],[-1.9292,49.6689],[-1.9149,49.6649],[-1.8986,49.6656],[-1.8881,49.6594],[-1.8722,49.657],[-1.8591,49.6487],[-1.8471,49.6225],[-1.8418,49.5722],[-1.8467,49.5643],[-1.8544,49.5619],[-1.857,49.5541],[-1.8611,49.5542],[-1.8631,49.5536],[-1.8593,49.5539],[-1.8578,49.5514],[-1.8613,49.5507],[-1.8609,49.5529],[-1.8638,49.5504],[-1.865,49.5534],[-1.8658,49.5493],[-1.8843,49.5416],[-1.8855,49.5334],[-1.8892,49.5341],[-1.8816,49.5191],[-1.8679,49.5123],[-1.8529,49.5106],[-1.8496,49.5073],[-1.8477,49.5]]],[[[0.0885,49.5],[2.2,49.5],[2.2,51.0332],[2.192,51.0413],[2.1833,51.0398],[2.1709,51.0443],[2.1632,51.0441],[2.1709,51.0442],[2.1822,51.04],[2.1807,51.038],[2.1906,51.0403],[2.1935,51.0377],[2.186,51.0327],[2.1876,51.0263],[2.1746,51.023],[2.191,51.0207],[2.1875,51.0195],[2.1896,51.0179],[2.1786,51.016],[2.1855,51.0007],[2.1784,51.0009],[2.1745,51.011],[2.1672,51.0178],[2.164,51.0173],[2.1696,51.0222],[2.156,51.0194],[2.1514,51.0212],[2.1502,51.0347],[2.1633,51.0377],[2.1493,51.0346],[2.1488,51.0287],[2.1432,51.0255],[2.1451,51.0214],[2.1303,51.0136],[2.1433,51.0224],[2.1245,51.0153],[2.1235,51.0115],[2.1105,51.0058],[2.1038,51.0073],[2.094,51.0155],[2.1081,51.0035],[2.111,51.0021],[2.1234,50.9912],[2.1204,50.9852],[2.122,50.9907],[2.0959,51.0123],[2.0931,51.0141],[2.0916,51.0157],[2.0928,51.0142],[2.094,51.0134],[2.0941,51.013],[2.099,51.0097],[2.0983,51.0093],[2.0893,51.0104],[2.0557,51.0057],[2.0465,51.0034],[2.0492,51.0031],[2.0427,50.9972],[1.9761,50.9915],[1.9497,50.9837],[1.9271,50.9818],[1.9384,50.9847],[1.9495,50.9843],[1.943,50.9854],[1.9372,50.9851],[1.9473,50.9869],[1.9466,50.9889],[1.9157,50.9841],[1.9117,50.9807],[1.9217,50.9829],[1.9095,50.978],[1.9103,50.9797],[1.9123,50.9801],[1.9071,50.9816],[1.8888,50.9725],[1.8743,50.982],[1.8637,50.9826],[1.854,50.9812],[1.8449,50.9773],[1.8612,50.9821],[1.8745,50.9815],[1.8685,50.9743],[1.8406,50.9729],[1.8584,50.9696],[1.8695,50.9719],[1.8704,50.9699],[1.8469,50.9676],[1.8557,50.9642],[1.8481,50.9617],[1.84,50.9708],[1.8425,50.9674],[1.8369,50.9644],[1.7865,50.9563],[1.7408,50.9427],[1.7097,50.9281],[1.6717,50.8961],[1.6434,50.8787],[1.6046,50.8708],[1.5826,50.8715],[1.5781,50.8529],[1.585,50.8438],[1.5891,50.8253],[1.6001,50.8062],[1.6042,50.8049],[1.606,50.8071],[1.6141,50.8036],[1.6035,50.8043],[1.602,50.8053],[1.6066,50.7944],[1.6029,50.7859],[1.6069,50.7703],[1.6003,50.7543],[1.5943,50.7505],[1.5923,50.7301],[1.6015,50.7236],[1.5945,50.7284],[1.5912,50.7263],[1.5853,50.7317],[1.5776,50.7275],[1.573,50.7196],[1.5755,50.7169],[1.571,50.7198],[1.5751,50.7279],[1.5719,50.7276],[1.5705,50.7248],[1.5627,50.7253],[1.5729,50.7171],[1.5608,50.6986],[1.5769,50.6408],[1.5796,50.5867],[1.5768,50.5705],[1.588,50.5578],[1.6003,50.5512],[1.6045,50.5375],[1.6088,50.5366],[1.6083,50.5399],[1.6202,50.534],[1.6259,50.5204],[1.6357,50.513],[1.6704,50.5058],[1.6748,50.5026],[1.6885,50.5018],[1.6927,50.4977],[1.6897,50.4937],[1.6957,50.4918],[1.6872,50.4934],[1.6917,50.4977],[1.6884,50.5012],[1.6761,50.5018],[1.6523,50.5086],[1.6387,50.509],[1.6095,50.5269],[1.603,50.5295],[1.599,50.527],[1.596,50.5285],[1.5918,50.5338],[1.5955,50.5362],[1.5858,50.5396],[1.5781,50.5205],[1.569,50.4395],[1.5561,50.3975],[1.5604,50.3944],[1.5697,50.3942],[1.5802,50.3866],[1.5823,50.3772],[1.5931,50.3785],[1.598,50.3766],[1.5968,50.3742],[1.601,50.3773],[1.611,50.37],[1.6255,50.372],[1.6325,50.3659],[1.6341,50.3574],[1.6465,50.3484],[1.6269,50.36],[1.6257,50.3662],[1.6135,50.3604],[1.5633,50.3566],[1.5658,50.3597],[1.5605,50.3598],[1.5706,50.362],[1.5604,50.3644],[1.563,50.3658],[1.5556,50.3633],[1.5511,50.3561],[1.5381,50.2724],[1.5409,50.2602],[1.5475,50.2563],[1.5862,50.2549],[1.5947,50.2578],[1.5938,50.245],[1.6219,50.2152],[1.6275,50.2138],[1.6325,50.2181],[1.6303,50.2157],[1.6342,50.215],[1.6331,50.2181],[1.644,50.2182],[1.6501,50.216],[1.642,50.2132],[1.6344,50.2148],[1.6355,50.2139],[1.6371,50.2132],[1.6387,50.213],[1.6419,50.213],[1.6468,50.2141],[1.652,50.2168],[1.6768,50.2096],[1.6869,50.2003],[1.6767,50.1944],[1.6885,50.1878],[1.6747,50.1747],[1.6593,50.1743],[1.662,50.1766],[1.656,50.1751],[1.6503,50.1774],[1.6497,50.1818],[1.6539,50.1811],[1.6456,50.183],[1.6441,50.186],[1.6467,50.1769],[1.6433,50.1856],[1.6271,50.1903],[1.6128,50.1917],[1.5931,50.1843],[1.5668,50.1978],[1.5665,50.2022],[1.5569,50.209],[1.5668,50.2149],[1.5654,50.2167],[1.5716,50.2173],[1.5578,50.2161],[1.5432,50.2134],[1.5291,50.208],[1.5196,50.2054],[1.5196,50.2058],[1.5216,50.2067],[1.5281,50.208],[1.5243,50.2077],[1.5304,50.209],[1.5249,50.2085],[1.5276,50.2093],[1.5314,50.2091],[1.5307,50.2095],[1.5275,50.2095],[1.5354,50.2113],[1.534,50.2115],[1.5309,50.211],[1.5392,50.2132],[1.535,50.2127],[1.5286,50.2106],[1.516,50.2044],[1.5087,50.1996],[1.4887,50.1793],[1.4537,50.1093],[1.4431,50.1001],[1.3927,50.0753],[1.3777,50.0639],[1.3703,50.0644],[1.3769,50.06],[1.3723,50.061],[1.369,50.0647],[1.3616,50.0586],[1.3289,50.0461],[1.3185,50.0367],[1.2976,50.0277],[1.2276,49.9852],[1.2053,49.9808],[1.2072,49.9771],[1.2113,49.9785],[1.2065,49.976],[1.2037,49.9798],[1.2061,49.9742],[1.2018,49.9712],[1.106,49.9364],[1.0949,49.9344],[1.0845,49.9362],[1.0891,49.9339],[1.086,49.9322],[1.0869,49.9233],[1.0837,49.9245],[1.0848,49.9275],[1.08,49.9268],[1.0852,49.9302],[1.0825,49.9378],[1.0828,49.9343],[1.0833,49.9337],[1.0681,49.9266],[1.0253,49.9163],[0.9583,49.919],[0.9305,49.9069],[0.8748,49.8947],[0.8335,49.8895],[0.7831,49.8739],[0.7216,49.8693],[0.71,49.8733],[0.7114,49.8685],[0.7087,49.8736],[0.6415,49.8643],[0.631,49.8604],[0.6285,49.8612],[0.6298,49.8632],[0.6007,49.8534],[0.5801,49.8517],[0.542,49.8375],[0.522,49.8243],[0.4988,49.8169],[0.4885,49.8093],[0.4089,49.7788],[0.38,49.7694],[0.3693,49.7689],[0.3574,49.7567],[0.3356,49.7466],[0.3109,49.7397],[0.3031,49.7417],[0.2869,49.7385],[0.2379,49.7193],[0.2057,49.7146],[0.2018,49.7086],[0.1936,49.7074],[0.1641,49.6867],[0.1558,49.6617],[0.142,49.6694],[0.1232,49.6701],[0.1179,49.6621],[0.1241,49.6699],[0.1415,49.6691],[0.1505,49.6641],[0.1519,49.6553],[0.1462,49.6494],[0.1508,49.6537],[0.1528,49.6444],[0.0724,49.5326],[0.0658,49.5127],[0.07,49.5061],[0.0884,49.5003],[0.0885,49.5]]]]},"properties":null,"id":44932},
{"type":"Feature","geometry":{"type":"Polygon","coordinates":[[[-10.5083,52.1044],[-10.5195,52.1107],[-10.5225,52.1033],[-10.5604,52.0881],[-10.5615,52.0897],[-10.5804,52.0724],[-10.5643,52.0764],[-10.5605,52.082],[-10.5423,52.0891],[-10.5378,52.0868],[-10.5337,52.0908],[-10.516,52.0954],[-10.5083,52.1044]]]},"properties":null,"id":45363},
{"type":"Feature","geometry":{"type":"Polygon","coordinates":[[[-10.2042,53.3996],[-10.2009,53.4033],[-10.2098,53.398],[-10.2042,53.3996]]]},"properties":null,"id":45365},
{"type":"Feature","geometry":{"type":"Polygon","coordinates":[[[-5.1073,55.2514],[-5.1173,55.2579],[-5.1233,55.2557],[-5.1242,55.2488],[-5.1201,55.2472],[-5.1133,55.247],[-5.1073,55.2514]]]},"properties":null,"id":46354},
{"type":"Feature","geometry":{"type":"Polygon","coordinates":[[[-10.2433,53.6225],[-10.2472,53.6321],[-10.2558,53.6275],[-10.2618,53.6291],[-10.258,53.6262],[-10.2611,53.6219],[-10.256,53.6183],[-10.2335,53.6116],[-10.2292,53.614],[-10.2055,53.6136],[-10.2037,53.6101],[-10.2081,53.6118],[-10.2097,53.6083],[-10.2007,53.6066],[-10.1957,53.6082],[-10.1942,53.6058],[-10.1847,53.6091],[-10.1819,53.616],[-10.1746,53.6192],[-10.1771,53.6193],[-10.1794,53.6184],[-10.182,53.6216],[-10.1837,53.6217],[-10.1834,53.6204],[-10.1861,53.6201],[-10.1896,53.6229],[-10.1883,53.6256],[-10.1785,53.6268],[-10.1791,53.6321],[-10.1909,53.6323],[-10.2004,53.6373],[-10.209,53.6347],[-10.2067,53.6265],[-10.225,53.632],[-10.2225,53.6311],[-10.2272,53.6266],[-10.2326,53.6269],[-10.2303,53.6212],[-10.2433,53.6225]]]},"properties":null,"id":46446},
{"type":"Feature","geometry":{"type":"Polygon","coordinates":[[[-10.1793,53.5348],[-10.1736,53.5297],[-10.1652,53.5295],[-10.1754,53.5264],[-10.1709,53.5231],[-10.1467,53.5258],[-10.1538,53.5374],[-10.1644,53.5391],[-10.1675,53.5369],[-10.1815,53.5375],[-10.1831,53.5336],[-10.1793,53.5348]]]},"properties":null,"id":46487},
{"type":"Feature","geometry":{"type":"Polygon","coordinates":[[[-6.302,49.9038],[-6.3031,49.9115],[-6.2878,49.91],[-6.2832,49.9118],[-6.2866,49.9166],[-6.2796,49.9153],[-6.2756,49.9214],[-6.2818,49.9307],[-6.2884,49.9308],[-6.2878,49.9334],[-6.2967,49.9369],[-6.3089,49.9339],[-6.3138,49.9276],[-6.3084,49.9227],[-6.3089,49.9167],[-6.3165,49.9151],[-6.3164,49.9187],[-6.3276,49.9126],[-6.3225,49.9077],[-6.3177,49.9087],[-6.3175,49.9133],[-6.3132,49.9135],[-6.3062,49.9042],[-6.302,49.9038]]]},"properties":null,"id":46581},
{"type":"Feature","geometry":{"type":"Polygon","coordinates":[[[0.7508,51.3947],[0.7497,51.3921],[0.7562,51.3883],[0.7641,51.3884],[0.7703,51.3792],[0.7654,51.3772],[0.7651,51.3707],[0.778,51.3678],[0.7882,51.3734],[0.7978,51.369],[0.8058,51.3699],[0.8063,51.3723],[0.8439,51.3637],[0.8512,51.3648],[0.8453,51.3683],[0.8456,51.3684],[0.8459,51.3684],[0.8476,51.3678],[0.8504,51.3662],[0.8509,51.3667],[0.8457,51.3697],[0.8377,51.3691],[0.8406,51.3717],[0.8495,51.3711],[0.8557,51.3672],[0.8577,51.3704],[0.86,51.3662],[0.8759,51.3633],[0.8781,51.3594],[0.884,51.3588],[0.881,51.3579],[0.899,51.3545],[0.9231,51.3606],[0.9353,51.3689],[0.9328,51.3703],[0.9402,51.3704],[0.9408,51.3738],[0.9404,51.3707],[0.9428,51.3702],[0.9435,51.3712],[0.9408,51.3731],[0.9432,51.3717],[0.9441,51.3722],[0.9434,51.3736],[0.9435,51.3739],[0.9468,51.375],[0.9465,51.3746],[0.9464,51.3745],[0.9434,51.3737],[0.9471,51.3725],[0.9463,51.3717],[0.946,51.3717],[0.945,51.3718],[0.9444,51.3721],[0.9434,51.3717],[0.9455,51.3713],[0.9444,51.367],[0.9509,51.3732],[0.937,51.3913],[0.9112,51.4067],[0.902,51.4165],[0.8839,51.4213],[0.8245,51.4256],[0.7908,51.4396],[0.7655,51.4414],[0.7451,51.4478],[0.7354,51.4243],[0.7411,51.4151],[0.7437,51.417],[0.7471,51.4156],[0.7437,51.4166],[0.7404,51.4111],[0.7324,51.4089],[0.7217,51.4144],[0.7313,51.4011],[0.7508,51.3947]]]},"properties":null,"id":46590},
{"type":"Feature","geometry":{"type":"Polygon","coordinates":[[[0.5603,51.4033],[0.5826,51.4033],[0.5809,51.4052],[0.5776,51.4036],[0.5795,51.4069],[0.5755,51.405],[0.5766,51.4041],[0.564,51.408],[0.5603,51.4033]]]},"properties":null,"id":46594},
{"type":"Feature","geometry":{"type":"Polygon","coordinates":[[[0.6302,51.4228],[0.637,51.4182],[0.6387,51.4183],[0.6384,51.4216],[0.6302,51.4228]]]},"properties":null,"id":46595},
{"type":"Feature","geometry":{"type":"Polygon","coordinates":[[[0.6125,51.4012],[0.6,51.4022],[0.5952,51.4002],[0.5961,51.3963],[0.6034,51.3942],[0.6085,51.3985],[0.6177,51.3956],[0.6125,51.4012]]]},"properties":null,"id":46606},
{"type":"Feature","geometry":{"type":"Polygon","coordinates":[[[-4.0771,51.6827],[-4.0746,51.6769],[-4.0684,51.6785],[-4.0691,51.6795],[-4.0692,51.6796],[-4.0722,51.6838],[-4.0691,51.6848],[-4.0771,51.6827]]]},"properties":null,"id":48711},
{"type":"Feature","geometry":{"type":"Polygon","coordinates":[[[-1.4193,60.616],[-1.4166,60.6184],[-1.4286,60.6219],[-1.4342,60.621],[-1.4378,60.6164],[-1.4316,60.6172],[-1.4319,60.6153],[-1.4226,60.6177],[-1.4193,60.616]]]},"properties":null,"id":49287},
{"type":"Feature","geometry":{"type":"Polygon","coordinates":[[[-7.2599,57.3907],[-7.2482,57.3901],[-7.2495,57.3922],[-7.2624,57.3959],[-7.2657,57.3941],[-7.2599,57.3907]]]},"properties":null,"id":49429},
{"type":"Feature","geometry":{"type":"Polygon","coordinates":[[[-6.9365,57.7542],[-6.9363,57.7508],[-6.9338,57.7506],[-6.9299,57.7534],[-6.9365,57.7542]]]},"properties":null,"id":49444},
{"type":"Feature","geometry":{"type":"Polygon","coordinates":[[[0.0645,52.9062],[0.0581,52.907],[0.0653,52.9071],[0.0597,52.9085],[0.0489,52.905],[0.0525,52.9066],[0.0535,52.9069],[0.0597,52.9086],[0.0679,52.9076],[0.062,52.9089],[0.067,52.9091],[0.0668,52.9119],[0.0546,52.9112],[0.0655,52.9121],[0.0668,52.9139],[0.0632,52.9134],[0.0679,52.915],[0.0613,52.9143],[0.0627,52.9172],[0.0318,52.8983],[0.0348,52.897],[0.0366,52.8994],[0.0465,52.9014],[0.0481,52.9017],[0.0554,52.9032],[0.0499,52.9033],[0.0433,52.9014],[0.0465,52.9034],[0.0645,52.9062]]]},"properties":null,"id":49680},
{"type":"Feature","geometry":{"type":"Polygon","coordinates":[[[0.1146,52.8826],[0.1149,52.8839],[0.1156,52.8866],[0.1165,52.8906],[0.1165,52.8908],[0.1171,52.8932],[0.1159,52.8926],[0.114,52.8917],[0.1141,52.8893],[0.1146,52.8826]]]},"properties":null,"id":49681},
{"type":"Feature","geometry":{"type":"Polygon","coordinates":[[[0.1051,52.894],[0.1089,52.8906],[0.1091,52.8893],[0.1088,52.8906],[0.1081,52.8909],[0.1062,52.8917],[0.1058,52.8925],[0.1065,52.89],[0.1062,52.8905],[0.105,52.8941],[0.1043,52.8888],[0.1036,52.8896],[0.1041,52.8944],[0.103,52.8942],[0.1031,52.8928],[0.1038,52.8925],[0.1038,52.8921],[0.1018,52.889],[0.1024,52.891],[0.1038,52.8925],[0.103,52.8928],[0.1029,52.894],[0.1015,52.8939],[0.1012,52.8903],[0.101,52.8906],[0.101,52.8919],[0.1014,52.8938],[0.1005,52.8943],[0.1016,52.884],[0.1109,52.8834],[0.1141,52.8893],[0.1159,52.8926],[0.1164,52.8935],[0.1051,52.894]]]},"properties":null,"id":49682},
{"type":"Feature","geometry":{"type":"Polygon","coordinates":[[[0.0442,52.9148],[0.043,52.9109],[0.0463,52.9141],[0.0442,52.9148]]]},"properties":null,"id":49699},
{"type":"Feature","geometry":{"type":"Polygon","coordinates":[[[-1.6299,60.4745],[-1.6336,60.4721],[-1.6289,60.4703],[-1.6277,60.471],[-1.6299,60.4745]]]},"properties":null,"id":49700},
{"type":"Feature","geometry":{"type":"Polygon","coordinates":[[[-2.1122,60.1459],[-2.1162,60.1403],[-2.1116,60.1373],[-2.1167,60.1339],[-2.0931,60.1291],[-2.0867,60.1195],[-2.0683,60.1165],[-2.0644,60.1133],[-2.0679,60.1112],[-2.0641,60.1097],[-2.0598,60.1134],[-2.0536,60.114],[-2.0499,60.1259],[-2.0447,60.1291],[-2.049,60.1302],[-2.0462,60.1329],[-2.0515,60.134],[-2.0417,60.1363],[-2.0398,60.1398],[-2.0546,60.153],[-2.0525,60.1567],[-2.0609,60.1533],[-2.0747,60.1579],[-2.1122,60.1459]]]},"properties":null,"id":49701},
{"type":"Feature","geometry":{"type":"Polygon","coordinates":[[[-3.0878,59.0033],[-3.0824,59.0021],[-3.0773,59.005],[-3.0823,59.0059],[-3.0878,59.0033]]]},"properties":null,"id":49713},
{"type":"Feature","geometry":{"type":"Polygon","coordinates":[[[0.9512,52.9613],[0.9461,52.959],[0.9594,52.9607],[0.9465,52.963],[0.9465,52.961],[0.9512,52.9613]]]},"properties":null,"id":49724},
{"type":"Feature","geometry":{"type":"Polygon","coordinates":[[[0.9189,52.9663],[0.9148,52.9636],[0.9156,52.9631],[0.9163,52.9629],[0.9188,52.9635],[0.9209,52.9624],[0.9207,52.9635],[0.9217,52.9623],[0.9217,52.9632],[0.9239,52.962],[0.9196,52.9616],[0.9235,52.9597],[0.9257,52.962],[0.9258,52.9619],[0.9257,52.9617],[0.9252,52.9613],[0.9254,52.9609],[0.9254,52.9607],[0.9242,52.9595],[0.9261,52.959],[0.9281,52.9586],[0.9329,52.9574],[0.9286,52.9599],[0.9327,52.9595],[0.9341,52.9579],[0.9364,52.9622],[0.9296,52.9615],[0.9189,52.9663]]]},"properties":null,"id":49752},
{"type":"Feature","geometry":{"type":"Polygon","coordinates":[[[0.8921,52.9687],[0.8915,52.9712],[0.8891,52.9696],[0.8892,52.9726],[0.8868,52.9667],[0.8921,52.9687]]]},"properties":null,"id":49753},
{"type":"Feature","geometry":{"type":"Polygon","coordinates":[[[0.8882,52.959],[0.8936,52.9569],[0.894,52.9601],[0.8882,52.959]]]},"properties":null,"id":49754},
{"type":"Feature","geometry":{"type":"Polygon","coordinates":[[[0.9123,52.9639],[0.9116,52.9659],[0.9008,52.9668],[0.9004,52.9668],[0.8975,52.9658],[0.8913,52.9637],[0.8909,52.9636],[0.8912,52.9634],[0.8974,52.9596],[0.8947,52.9622],[0.8964,52.9635],[0.8967,52.9634],[0.8973,52.9625],[0.8971,52.9621],[0.898,52.9615],[0.8979,52.961],[0.9123,52.9639]]]},"properties":null,"id":49755},
{"type":"Feature","geometry":{"type":"Polygon","coordinates":[[[0.8766,52.9604],[0.881,52.9632],[0.8753,52.9642],[0.8734,52.9621],[0.8727,52.9613],[0.873,52.9612],[0.8766,52.9604]]]},"properties":null,"id":49756},
{"type":"Feature","geometry":{"type":"Polygon","coordinates":[[[0.8569,52.9697],[0.8559,52.9663],[0.8591,52.9693],[0.8663,52.9693],[0.8672,52.9724],[0.8676,52.97],[0.8664,52.9693],[0.8651,52.9691],[0.869,52.9692],[0.8684,52.9728],[0.8719,52.9691],[0.8682,52.9744],[0.8708,52.9733],[0.8698,52.9726],[0.8721,52.9715],[0.8722,52.971],[0.8715,52.971],[0.872,52.9698],[0.8718,52.9693],[0.8744,52.971],[0.8746,52.9677],[0.8829,52.9674],[0.8833,52.965],[0.8864,52.9664],[0.8867,52.9665],[0.8848,52.9706],[0.876,52.9722],[0.8768,52.9735],[0.8771,52.9735],[0.878,52.9732],[0.8792,52.9723],[0.877,52.9767],[0.8698,52.979],[0.8569,52.9697]]]},"properties":null,"id":49757},
{"type":"Feature","geometry":{"type":"Polygon","coordinates":[[[0.8709,52.9678],[0.8735,52.9651],[0.8733,52.9651],[0.873,52.9651],[0.8696,52.9671],[0.8694,52.9675],[0.8685,52.9676],[0.8662,52.9658],[0.8701,52.9638],[0.8675,52.9634],[0.8666,52.9641],[0.8666,52.965],[0.8638,52.9637],[0.8656,52.9608],[0.8693,52.9624],[0.8726,52.9601],[0.873,52.9612],[0.8734,52.9621],[0.8755,52.9668],[0.8709,52.9678]]]},"properties":null,"id":49758},
{"type":"Feature","geometry":{"type":"Polygon","coordinates":[[[0.893,52.9688],[0.8964,52.9695],[0.8956,52.969],[0.8949,52.9687],[0.8917,52.9684],[0.8897,52.9667],[0.8874,52.9669],[0.8867,52.9665],[0.8864,52.9664],[0.8836,52.9649],[0.8757,52.9673],[0.8755,52.9643],[0.8852,52.964],[0.8813,52.9632],[0.8797,52.9591],[0.8834,52.9592],[0.8822,52.9597],[0.8818,52.9605],[0.8831,52.9622],[0.8839,52.9612],[0.8823,52.9598],[0.8863,52.9609],[0.8868,52.9589],[0.8869,52.9618],[0.8902,52.9609],[0.8912,52.9634],[0.8913,52.9637],[0.8914,52.9641],[0.8975,52.9658],[0.9008,52.9668],[0.9012,52.9669],[0.894,52.9677],[0.893,52.9661],[0.8916,52.9653],[0.8917,52.9655],[0.8923,52.9659],[0.8929,52.9661],[0.8927,52.967],[0.8939,52.9677],[0.9049,52.968],[0.8935,52.9712],[0.893,52.9688]]]},"properties":null,"id":49759},
{"type":"Feature","geometry":{"type":"Polygon","coordinates":[[[0.7458,52.9665],[0.746,52.9702],[0.7444,52.969],[0.7381,52.9683],[0.736,52.9672],[0.7387,52.9682],[0.7366,52.9671],[0.7361,52.9671],[0.7395,52.9658],[0.7426,52.9681],[0.7458,52.9665]]]},"properties":null,"id":49760},
{"type":"Feature","geometry":{"type":"Polygon","coordinates":[[[0.6602,52.9676],[0.6576,52.9697],[0.6547,52.9678],[0.6546,52.9684],[0.6547,52.9686],[0.6551,52.9689],[0.6557,52.969],[0.656,52.9693],[0.6569,52.9693],[0.6572,52.9698],[0.6496,52.968],[0.6545,52.967],[0.6563,52.9667],[0.6596,52.9674],[0.6602,52.9676]]]},"properties":null,"id":49761},
{"type":"Feature","geometry":{"type":"Polygon","coordinates":[[[0.7332,52.9759],[0.7091,52.9779],[0.7054,52.976],[0.707,52.9739],[0.7077,52.9759],[0.7092,52.9759],[0.7091,52.9742],[0.7145,52.9755],[0.7155,52.9725],[0.7202,52.9743],[0.7179,52.9753],[0.7332,52.9759]]]},"properties":null,"id":49762},
{"type":"Feature","geometry":{"type":"Polygon","coordinates":[[[0.6817,52.9794],[0.6813,52.9813],[0.6819,52.9802],[0.6819,52.9795],[0.6821,52.9793],[0.6819,52.978],[0.6851,52.9782],[0.6858,52.9831],[0.6861,52.983],[0.6863,52.9829],[0.6866,52.9822],[0.6865,52.9816],[0.6857,52.9802],[0.6866,52.9795],[0.6881,52.982],[0.6888,52.9813],[0.688,52.9804],[0.6964,52.9809],[0.6896,52.9867],[0.696,52.9835],[0.696,52.9831],[0.695,52.9825],[0.6951,52.9822],[0.6973,52.9837],[0.6975,52.9807],[0.6975,52.9827],[0.6984,52.9834],[0.6959,52.985],[0.7014,52.9853],[0.698,52.9824],[0.7012,52.9791],[0.7062,52.9796],[0.7029,52.9835],[0.711,52.9787],[0.7108,52.9823],[0.7168,52.9788],[0.7188,52.9825],[0.7171,52.9773],[0.719,52.9788],[0.7179,52.9794],[0.72,52.9792],[0.7181,52.9801],[0.7218,52.9825],[0.7219,52.9822],[0.7219,52.982],[0.7217,52.9819],[0.7212,52.9818],[0.7213,52.9815],[0.7207,52.981],[0.7201,52.9808],[0.7202,52.9793],[0.7201,52.9791],[0.7196,52.979],[0.72,52.9786],[0.7299,52.9793],[0.7252,52.9821],[0.7354,52.9801],[0.7379,52.978],[0.7382,52.9798],[0.7496,52.978],[0.7452,52.9805],[0.6952,52.9873],[0.6833,52.9879],[0.6668,52.9874],[0.6596,52.9855],[0.6601,52.9821],[0.661,52.985],[0.6715,52.9834],[0.6717,52.9859],[0.6842,52.9875],[0.6844,52.987],[0.6823,52.9857],[0.6817,52.9843],[0.6809,52.9839],[0.6836,52.9847],[0.6844,52.9859],[0.6867,52.9874],[0.6856,52.9862],[0.6847,52.986],[0.6837,52.9847],[0.6826,52.9842],[0.6809,52.9838],[0.6807,52.9839],[0.6807,52.9841],[0.6816,52.9845],[0.6808,52.9853],[0.6794,52.9833],[0.6817,52.9794]]]},"properties":null,"id":49773},
{"type":"Feature","geometry":{"type":"Polygon","coordinates":[[[0.9762,52.9632],[0.9676,52.9619],[0.9748,52.9626],[0.9789,52.9603],[0.9842,52.9621],[0.9762,52.9632]]]},"properties":null,"id":49774},
{"type":"Feature","geometry":{"type":"Polygon","coordinates":[[[0.9864,52.963],[0.9837,52.9598],[0.9949,52.9582],[0.9907,52.9592],[0.9864,52.963]]]},"properties":null,"id":49793},
{"type":"Feature","geometry":{"type":"Polygon","coordinates":[[[1.0043,52.96],[1.0102,52.9603],[1.016,52.957],[1.017,52.9564],[1.0165,52.959],[1.0153,52.9645],[1.0136,52.9602],[1.0134,52.9604],[1.013,52.9613],[1.0131,52.9618],[1.0127,52.9618],[1.0143,52.9635],[0.9866,52.9634],[0.9876,52.9627],[0.9896,52.9634],[0.9941,52.9627],[0.9921,52.9612],[0.9913,52.9614],[0.9911,52.9616],[0.9908,52.9629],[0.9892,52.9632],[0.9894,52.961],[0.9964,52.9593],[0.9988,52.963],[1,52.9606],[0.997,52.9588],[1.0031,52.9594],[1.0064,52.9561],[1.007,52.9589],[1.0076,52.959],[1.0102,52.9588],[1.0102,52.9586],[1.0101,52.9575],[1.0116,52.9577],[1.013,52.958],[1.0117,52.9583],[1.0119,52.9591],[1.0102,52.9594],[1.0096,52.96],[1.0043,52.96]]]},"properties":null,"id":49794},
{"type":"Feature","geometry":{"type":"Polygon","coordinates":[[[1.0447,52.9644],[1.0393,52.9667],[1.0391,52.9668],[1.0388,52.9668],[1.0322,52.9663],[1.0386,52.9645],[1.0391,52.9644],[1.0392,52.9644],[1.0447,52.9644]]]},"properties":null,"id":49795},
{"type":"Feature","geometry":{"type":"Polygon","coordinates":[[[-6.4521,58.1013],[-6.4438,58.0985],[-6.4329,58.1024],[-6.4281,58.1082],[-6.4351,58.1099],[-6.4521,58.1013]]]},"properties":null,"id":49884},
{"type":"Feature","geometry":{"type":"Polygon","coordinates":[[[-7.5735,56.934],[-7.5764,56.9359],[-7.5816,56.9345],[-7.5782,56.932],[-7.5735,56.934]]]},"properties":null,"id":49886},
{"type":"Feature","geometry":{"type":"Polygon","coordinates":[[[-7.5612,56.9225],[-7.5545,56.9187],[-7.5576,56.9183],[-7.5516,56.9127],[-7.5548,56.9117],[-7.547,56.9089],[-7.5418,56.9113],[-7.5335,56.9089],[-7.5296,56.9142],[-7.5196,56.9114],[-7.5041,56.9167],[-7.5033,56.9216],[-7.5329,56.9208],[-7.5345,56.9268],[-7.5172,56.9339],[-7.5044,56.9302],[-7.4957,56.933],[-7.4903,56.929],[-7.4872,56.9318],[-7.4901,56.9346],[-7.5425,56.9395],[-7.5301,56.9422],[-7.5311,56.9475],[-7.5031,56.9469],[-7.5052,56.9581],[-7.5013,56.9561],[-7.5013,56.9507],[-7.495,56.9524],[-7.496,56.9549],[-7.4818,56.9541],[-7.4852,56.9493],[-7.4826,56.9462],[-7.472,56.9449],[-7.4597,56.9467],[-7.4554,56.9446],[-7.449,56.9465],[-7.452,56.9496],[-7.4446,56.9514],[-7.4361,56.9487],[-7.4305,56.9539],[-7.4436,56.9593],[-7.4425,56.9614],[-7.4378,56.9642],[-7.4319,56.9608],[-7.4271,56.9613],[-7.4307,56.9658],[-7.4236,56.9692],[-7.4213,56.9744],[-7.4172,56.9743],[-7.4228,56.9759],[-7.4054,56.978],[-7.4069,56.9882],[-7.422,56.9919],[-7.4125,56.9911],[-7.4103,56.9938],[-7.4022,56.9834],[-7.3784,56.9794],[-7.3821,56.9878],[-7.3813,56.9876],[-7.38,56.9863],[-7.3797,56.9851],[-7.3752,56.9863],[-7.3812,56.9878],[-7.379,56.9901],[-7.393,56.9946],[-7.395,56.9921],[-7.401,56.9952],[-7.3972,56.9979],[-7.4025,56.9985],[-7.4013,57],[-7.4096,56.9993],[-7.4107,56.995],[-7.4127,56.9974],[-7.4192,56.9987],[-7.419,56.9972],[-7.4209,57.0019],[-7.4302,57.0019],[-7.4204,57.0025],[-7.4223,57.0053],[-7.4173,57.0027],[-7.4067,57.0032],[-7.4266,57.0083],[-7.4293,57.0125],[-7.4236,57.0085],[-7.3933,57.0017],[-7.4023,57.0053],[-7.404,57.0091],[-7.4012,57.0092],[-7.4116,57.0106],[-7.4104,57.0079],[-7.4197,57.0145],[-7.4186,57.0109],[-7.4462,57.0199],[-7.4488,57.0251],[-7.4248,57.0313],[-7.4267,57.0365],[-7.42,57.042],[-7.4245,57.0478],[-7.4436,57.0487],[-7.4433,57.0583],[-7.456,57.0579],[-7.4568,57.0525],[-7.45,57.0479],[-7.455,57.0452],[-7.4475,57.0413],[-7.4575,57.0233],[-7.4615,57.0243],[-7.4629,57.0208],[-7.486,57.0142],[-7.5012,57.013],[-7.5165,57.0151],[-7.5188,57.013],[-7.5288,57.0131],[-7.5131,57.0099],[-7.5014,57.0036],[-7.5062,57.0054],[-7.5148,56.9987],[-7.5085,56.9942],[-7.5081,56.9867],[-7.5108,56.9894],[-7.5266,56.9866],[-7.5239,56.983],[-7.5203,56.9843],[-7.5131,56.9809],[-7.5204,56.9766],[-7.5199,56.9735],[-7.5243,56.9716],[-7.534,56.9747],[-7.5342,56.9723],[-7.5518,56.9715],[-7.552,56.9712],[-7.5477,56.9695],[-7.5561,56.9682],[-7.5548,56.9615],[-7.5622,56.9549],[-7.5548,56.9514],[-7.541,56.9507],[-7.533,56.9464],[-7.5448,56.9446],[-7.5582,56.9485],[-7.5712,56.9481],[-7.5615,56.9422],[-7.5703,56.939],[-7.5727,56.9334],[-7.5651,56.9296],[-7.5507,56.9299],[-7.5416,56.927],[-7.5453,56.9208],[-7.5612,56.9225]]]},"properties":null,"id":49887},
{"type":"Feature","geometry":{"type":"Polygon","coordinates":[[[-7.5152,56.8801],[-7.5161,56.8844],[-7.5051,56.8804],[-7.5055,56.8845],[-7.4991,56.881],[-7.5027,56.885],[-7.5002,56.8886],[-7.4921,56.8875],[-7.4979,56.8911],[-7.5002,56.8964],[-7.4971,56.8971],[-7.5053,56.8983],[-7.5108,56.9021],[-7.5325,56.9017],[-7.5344,56.897],[-7.5398,56.8986],[-7.5345,56.8944],[-7.5363,56.8925],[-7.5152,56.8801]]]},"properties":null,"id":49888},
{"type":"Feature","geometry":{"type":"Polygon","coordinates":[[[-7.5802,56.8713],[-7.5723,56.8713],[-7.5753,56.8767],[-7.5804,56.8759],[-7.5802,56.8713]]]},"properties":null,"id":49889},
{"type":"Feature","geometry":{"type":"Polygon","coordinates":[[[-7.5678,56.8963],[-7.5628,56.8989],[-7.566,56.9012],[-7.5719,56.8996],[-7.5678,56.8963]]]},"properties":null,"id":49890},
{"type":"Feature","geometry":{"type":"Polygon","coordinates":[[[-7.3902,57.0622],[-7.3984,57.0581],[-7.3926,57.056],[-7.3932,57.0536],[-7.4029,57.0479],[-7.3944,57.0423],[-7.3862,57.0428],[-7.3782,57.0477],[-7.3796,57.0502],[-7.3714,57.0521],[-7.3787,57.0593],[-7.3902,57.0622]]]},"properties":null,"id":49896},
{"type":"Feature","geometry":{"type":"Polygon","coordinates":[[[-7.4352,57.0653],[-7.4475,57.0686],[-7.4461,57.0663],[-7.4511,57.0641],[-7.4504,57.0635],[-7.4431,57.0633],[-7.4352,57.0653]]]},"properties":null,"id":49897},
{"type":"Feature","geometry":{"type":"Polygon","coordinates":[[[-7.3644,56.9992],[-7.3749,57.0006],[-7.3745,56.9982],[-7.3787,57.0006],[-7.3764,56.9942],[-7.3618,56.9919],[-7.3644,56.9992]]]},"properties":null,"id":49976},
{"type":"Feature","geometry":{"type":"Polygon","coordinates":[[[-7.3518,56.9999],[-7.3579,56.9942],[-7.3432,56.9951],[-7.3453,56.9988],[-7.3518,56.9999]]]},"properties":null,"id":49977},
{"type":"Feature","geometry":{"type":"Polygon","coordinates":[[[-7.3716,57.0073],[-7.3726,57.0052],[-7.3659,57.0038],[-7.3678,57.0063],[-7.3716,57.0073]]]},"properties":null,"id":49978},
{"type":"Feature","geometry":{"type":"Polygon","coordinates":[[[-1.0441,60.5965],[-1.0538,60.5989],[-1.0608,60.598],[-1.0639,60.6033],[-1.0775,60.606],[-1.0831,60.6033],[-1.0854,60.6054],[-1.0905,60.6048],[-1.0701,60.611],[-1.0559,60.6076],[-1.052,60.6023],[-1.0459,60.6005],[-1.0398,60.6053],[-1.0279,60.6055],[-1.0192,60.6164],[-1.023,60.6287],[-1.038,60.6303],[-1.0442,60.6349],[-1.043,60.6378],[-1.0528,60.6422],[-1.0554,60.6541],[-1.0656,60.6587],[-1.0638,60.6622],[-1.0686,60.6707],[-1.0663,60.6693],[-1.0593,60.6625],[-1.0452,60.6571],[-1.0428,60.6531],[-1.0457,60.651],[-1.0398,60.6457],[-1.016,60.6385],[-1.0028,60.639],[-0.9987,60.6334],[-0.9888,60.6369],[-0.9825,60.6365],[-0.9824,60.6413],[-0.9913,60.6395],[-0.9953,60.641],[-0.9992,60.6491],[-0.9892,60.655],[-0.9969,60.6681],[-0.9957,60.6735],[-0.9988,60.673],[-0.9933,60.6784],[-0.9962,60.6827],[-1.0016,60.6815],[-0.9954,60.6898],[-1.0017,60.6938],[-0.9983,60.6969],[-1.0013,60.6968],[-0.9947,60.6976],[-1.0078,60.7018],[-1.0004,60.7034],[-0.9928,60.6984],[-0.9866,60.7002],[-0.9954,60.7025],[-0.9998,60.7075],[-1.0043,60.7059],[-1.0091,60.7141],[-1.0008,60.716],[-0.9993,60.7204],[-1.0052,60.7228],[-1.0085,60.7197],[-1.0131,60.7205],[-1.0114,60.7261],[-1.0146,60.7285],[-1.0245,60.7254],[-1.0325,60.7307],[-1.0357,60.729],[-1.0422,60.732],[-1.0344,60.7274],[-1.043,60.7231],[-1.0525,60.7277],[-1.0592,60.7277],[-1.0616,60.7307],[-1.0663,60.7285],[-1.0758,60.7331],[-1.0767,60.7285],[-1.0725,60.7259],[-1.0776,60.724],[-1.0743,60.7192],[-1.0752,60.7069],[-1.076,60.717],[-1.0844,60.7239],[-1.0821,60.7259],[-1.0877,60.7293],[-1.0888,60.7279],[-1.1096,60.7309],[-1.1178,60.7283],[-1.1172,60.726],[-1.1224,60.7283],[-1.1294,60.7245],[-1.1245,60.723],[-1.1258,60.7201],[-1.1186,60.7192],[-1.1272,60.7158],[-1.1303,60.7122],[-1.1266,60.7105],[-1.1337,60.7041],[-1.132,60.6957],[-1.1272,60.6956],[-1.1265,60.6924],[-1.1333,60.6869],[-1.125,60.679],[-1.1326,60.6772],[-1.1286,60.6718],[-1.1381,60.6671],[-1.1378,60.6504],[-1.1444,60.6504],[-1.1466,60.6461],[-1.1462,60.6276],[-1.1294,60.6236],[-1.1107,60.6056],[-1.1199,60.6051],[-1.1368,60.622],[-1.153,60.621],[-1.156,60.6422],[-1.1523,60.6561],[-1.1579,60.6575],[-1.1553,60.656],[-1.1611,60.6513],[-1.1718,60.6477],[-1.1716,60.6427],[-1.1816,60.6412],[-1.1797,60.6375],[-1.1847,60.6348],[-1.1877,60.6357],[-1.1877,60.6205],[-1.1972,60.6204],[-1.194,60.6097],[-1.2031,60.6069],[-1.2019,60.6028],[-1.1977,60.6019],[-1.2002,60.5947],[-1.187,60.5831],[-1.1972,60.5791],[-1.2026,60.5674],[-1.1952,60.5619],[-1.1897,60.5618],[-1.1873,60.5662],[-1.1938,60.5737],[-1.1806,60.5722],[-1.1842,60.5597],[-1.1806,60.5546],[-1.1899,60.5464],[-1.1766,60.5265],[-1.1788,60.5243],[-1.1869,60.5263],[-1.1879,60.522],[-1.1837,60.5205],[-1.1799,60.5235],[-1.1757,60.5228],[-1.1678,60.4991],[-1.1539,60.4954],[-1.153,60.4886],[-1.1454,60.4875],[-1.1492,60.4864],[-1.1467,60.4838],[-1.1408,60.4889],[-1.1337,60.4857],[-1.1221,60.488],[-1.1123,60.483],[-1.0993,60.4863],[-1.0989,60.4913],[-1.1086,60.4937],[-1.1162,60.493],[-1.1204,60.4965],[-1.1225,60.4996],[-1.1166,60.5043],[-1.1229,60.5038],[-1.1153,60.5081],[-1.1116,60.5044],[-1.1034,60.5034],[-1.1044,60.5016],[-1.092,60.5001],[-1.1096,60.501],[-1.1095,60.4983],[-1.1014,60.4961],[-1.0905,60.4995],[-1.0691,60.4898],[-1.0396,60.4991],[-1.0377,60.497],[-1.0535,60.4923],[-1.0502,60.491],[-1.0448,60.4924],[-1.0417,60.49],[-1.0377,60.4948],[-1.0338,60.4957],[-1.032,60.494],[-1.0288,60.4971],[-1.035,60.4978],[-1.0378,60.5019],[-1.0329,60.5065],[-1.0363,60.5107],[-1.0276,60.5099],[-1.0314,60.517],[-1.0257,60.5193],[-1.0293,60.5241],[-1.0217,60.5316],[-1.0255,60.5332],[-1.0368,60.5303],[-1.0428,60.5339],[-1.0338,60.5378],[-1.048,60.5432],[-1.0483,60.5499],[-1.0428,60.5503],[-1.0384,60.5476],[-1.0278,60.5493],[-1.0222,60.5471],[-1.0148,60.548],[-1.0159,60.559],[-1.024,60.5613],[-1.011,60.5645],[-1.0063,60.5634],[-1.0041,60.5689],[-1.0106,60.576],[-1.006,60.5751],[-1.0026,60.5799],[-1.0102,60.5832],[-1.0178,60.5826],[-1.0155,60.5888],[-1.0186,60.5907],[-1.0247,60.5868],[-1.0294,60.5868],[-1.0304,60.5971],[-1.0441,60.5965]]]},"properties":null,"id":50083},
{"type":"Feature","geometry":{"type":"Polygon","coordinates":[[[-0.9772,60.6832],[-0.9737,60.6852],[-0.9667,60.6848],[-0.9664,60.676],[-0.9532,60.6764],[-0.9474,60.6733],[-0.9309,60.6776],[-0.9235,60.6862],[-0.9133,60.6901],[-0.9048,60.6893],[-0.9046,60.6834],[-0.8741,60.6777],[-0.8647,60.6793],[-0.8567,60.6738],[-0.8445,60.6828],[-0.8416,60.6837],[-0.8401,60.6816],[-0.8327,60.6837],[-0.8339,60.6966],[-0.8375,60.6968],[-0.8427,60.6904],[-0.855,60.6981],[-0.8658,60.6972],[-0.8707,60.7022],[-0.8623,60.7067],[-0.857,60.72],[-0.8528,60.7223],[-0.841,60.7218],[-0.8381,60.7286],[-0.817,60.7372],[-0.8126,60.7492],[-0.8211,60.7549],[-0.8371,60.751],[-0.8472,60.7538],[-0.8577,60.7538],[-0.8656,60.7574],[-0.8526,60.7584],[-0.8493,60.7576],[-0.8416,60.7606],[-0.8388,60.7587],[-0.8266,60.7607],[-0.8083,60.758],[-0.7997,60.7604],[-0.8102,60.7637],[-0.8101,60.7694],[-0.8205,60.7715],[-0.8163,60.7746],[-0.8209,60.781],[-0.8359,60.7863],[-0.8234,60.7896],[-0.811,60.7848],[-0.8046,60.7869],[-0.7882,60.7808],[-0.7852,60.7819],[-0.7853,60.7801],[-0.7805,60.7803],[-0.7811,60.7856],[-0.7795,60.7862],[-0.7778,60.7857],[-0.7819,60.7918],[-0.7765,60.7968],[-0.7851,60.7998],[-0.7849,60.8035],[-0.7998,60.8049],[-0.8045,60.8097],[-0.7926,60.8143],[-0.7597,60.8154],[-0.7598,60.819],[-0.7667,60.8167],[-0.7702,60.821],[-0.7823,60.82],[-0.7874,60.8262],[-0.7779,60.8295],[-0.7842,60.8288],[-0.7839,60.8312],[-0.7975,60.829],[-0.7982,60.8351],[-0.8025,60.8302],[-0.8083,60.829],[-0.8163,60.835],[-0.8258,60.8309],[-0.8335,60.8351],[-0.8321,60.84],[-0.8358,60.8439],[-0.838,60.8387],[-0.8485,60.8378],[-0.8463,60.8348],[-0.8497,60.8359],[-0.847,60.8339],[-0.8523,60.8321],[-0.8562,60.8244],[-0.854,60.8186],[-0.859,60.8172],[-0.8674,60.8056],[-0.8743,60.8047],[-0.8792,60.8072],[-0.8728,60.812],[-0.8739,60.8179],[-0.8665,60.8342],[-0.8742,60.8454],[-0.8823,60.8429],[-0.8805,60.8447],[-0.884,60.8455],[-0.897,60.8412],[-0.899,60.8364],[-0.8952,60.8292],[-0.9066,60.826],[-0.913,60.8162],[-0.918,60.8153],[-0.9274,60.8175],[-0.9351,60.8128],[-0.9391,60.8136],[-0.9381,60.8114],[-0.9242,60.8097],[-0.9309,60.8048],[-0.9459,60.8008],[-0.9477,60.7954],[-0.9548,60.7913],[-0.932,60.7818],[-0.9361,60.7809],[-0.9395,60.7627],[-0.9468,60.7612],[-0.939,60.7507],[-0.9411,60.7485],[-0.9479,60.7494],[-0.9467,60.7435],[-0.954,60.7456],[-0.9555,60.7435],[-0.9608,60.7439],[-0.959,60.7395],[-0.9651,60.7372],[-0.9571,60.7306],[-0.9669,60.727],[-0.9549,60.7251],[-0.9542,60.7155],[-0.9619,60.7154],[-0.9649,60.7192],[-0.978,60.7194],[-0.9799,60.7224],[-0.9839,60.7207],[-0.9783,60.7163],[-0.9775,60.7105],[-0.9708,60.7072],[-0.9706,60.6986],[-0.9652,60.696],[-0.9665,60.6951],[-0.9744,60.6953],[-0.9811,60.6887],[-0.9815,60.684],[-0.9772,60.6832]]]},"properties":null,"id":50133},
{"type":"Feature","geometry":{"type":"Polygon","coordinates":[[[-0.7989,60.7426],[-0.7955,60.7399],[-0.7914,60.7404],[-0.7843,60.7466],[-0.7887,60.7482],[-0.7846,60.7515],[-0.7908,60.7531],[-0.7909,60.7605],[-0.7964,60.757],[-0.7919,60.7513],[-0.7989,60.7426]]]},"properties":null,"id":50137},
{"type":"Feature","geometry":{"type":"Polygon","coordinates":[[[-6.3717,56.3332],[-6.3655,56.34],[-6.3682,56.3407],[-6.3717,56.3332]]]},"properties":null,"id":50193},
{"type":"Feature","geometry":{"type":"Polygon","coordinates":[[[-6.029,56.6125],[-6.0377,56.6223],[-6.0476,56.6247],[-6.0416,56.6199],[-6.0449,56.6173],[-6.029,56.6125]]]},"properties":null,"id":50201},
{"type":"Feature","geometry":{"type":"Polygon","coordinates":[[[1.3447,52.0385],[1.3472,52.0422],[1.3414,52.0447],[1.3414,52.0426],[1.3414,52.0407],[1.3416,52.0406],[1.3441,52.0389],[1.3447,52.0385]]]},"properties":null,"id":50369},
{"type":"Feature","geometry":{"type":"Polygon","coordinates":[[[-5.6657,56.6812],[-5.6618,56.6802],[-5.6568,56.6815],[-5.6627,56.6842],[-5.6657,56.6812]]]},"properties":null,"id":50527},
{"type":"Feature","geometry":{"type":"Polygon","coordinates":[[[-5.6562,56.295],[-5.6625,56.294],[-5.6647,56.2891],[-5.6609,56.2909],[-5.6531,56.2898],[-5.6562,56.295]]]},"properties":null,"id":50797},
{"type":"Feature","geometry":{"type":"Polygon","coordinates":[[[-8.5652,57.8208],[-8.566,57.8257],[-8.5733,57.8225],[-8.5934,57.827],[-8.5985,57.8199],[-8.6059,57.8222],[-8.6104,57.8276],[-8.6176,57.8275],[-8.6169,57.8234],[-8.6109,57.8217],[-8.6102,57.8094],[-8.5981,57.8082],[-8.5909,57.8049],[-8.585,57.8067],[-8.577,57.7988],[-8.5715,57.8009],[-8.5705,57.8106],[-8.5584,57.8087],[-8.5498,57.8122],[-8.5652,57.8208]]]},"properties":null,"id":51028},
{"type":"Feature","geometry":{"type":"Polygon","coordinates":[[[-8.6256,57.8267],[-8.6264,57.8343],[-8.6431,57.8319],[-8.65,57.828],[-8.6417,57.8274],[-8.6403,57.8231],[-8.6256,57.8267]]]},"properties":null,"id":51030},
{"type":"Feature","geometry":{"type":"Polygon","coordinates":[[[-4.4022,58.5378],[-4.4089,58.5341],[-4.3985,58.5299],[-4.3961,58.5337],[-4.4022,58.5378]]]},"properties":null,"id":51323},
{"type":"Feature","geometry":{"type":"Polygon","coordinates":[[[-1.0694,60.1754],[-1.076,60.1757],[-1.0721,60.1777],[-1.0721,60.1849],[-1.08,60.1896],[-1.0904,60.1856],[-1.085,60.1862],[-1.0897,60.1789],[-1.076,60.1742],[-1.0785,60.171],[-1.0894,60.1717],[-1.0983,60.1791],[-1.1053,60.1779],[-1.1142,60.182],[-1.1186,60.1788],[-1.1297,60.1843],[-1.1344,60.18],[-1.1423,60.1817],[-1.1474,60.1792],[-1.1481,60.1729],[-1.1423,60.1718],[-1.1385,60.1636],[-1.1225,60.1591],[-1.1201,60.1517],[-1.1149,60.1578],[-1.1181,60.1513],[-1.1128,60.1489],[-1.1167,60.1408],[-1.1242,60.1401],[-1.1268,60.1377],[-1.1218,60.1285],[-1.1224,60.1199],[-1.0978,60.1098],[-1.0933,60.1105],[-1.0887,60.1078],[-1.0822,60.1096],[-1.0726,60.1025],[-1.0758,60.1083],[-1.0689,60.1136],[-1.0693,60.1296],[-1.0657,60.1305],[-1.0639,60.138],[-1.0518,60.1418],[-1.0509,60.1605],[-1.0451,60.1663],[-1.0501,60.1707],[-1.0563,60.1621],[-1.0627,60.163],[-1.0649,60.1595],[-1.0717,60.158],[-1.0775,60.1641],[-1.0711,60.1667],[-1.0694,60.1754]]]},"properties":null,"id":51982},
{"type":"Feature","geometry":{"type":"Polygon","coordinates":[[[-4.6959,52.131],[-4.6884,52.1303],[-4.6859,52.1324],[-4.6888,52.1342],[-4.6959,52.131]]]},"properties":null,"id":52131},
{"type":"Feature","geometry":{"type":"Polygon","coordinates":[[[-1.2662,60.5779],[-1.2629,60.5819],[-1.2654,60.5838],[-1.268,60.5805],[-1.2662,60.5779]]]},"properties":null,"id":52746},
{"type":"Feature","geometry":{"type":"Polygon","coordinates":[[[-7.6591,56.8222],[-7.6571,56.8182],[-7.6535,56.8186],[-7.6551,56.8131],[-7.6483,56.8127],[-7.6595,56.809],[-7.658,56.804],[-7.6664,56.7997],[-7.6584,56.8024],[-7.6578,56.8],[-7.6531,56.8008],[-7.6537,56.7961],[-7.6417,56.7964],[-7.6222,56.8026],[-7.6206,56.8058],[-7.6292,56.811],[-7.6184,56.8179],[-7.6241,56.8243],[-7.6206,56.8282],[-7.6232,56.8302],[-7.6299,56.8303],[-7.6329,56.8242],[-7.6448,56.8235],[-7.6483,56.8209],[-7.6519,56.8238],[-7.6557,56.8236],[-7.6552,56.8214],[-7.6591,56.8222]]]},"properties":null,"id":53124},
{"type":"Feature","geometry":{"type":"Polygon","coordinates":[[[-1.1306,60.4524],[-1.1374,60.4488],[-1.1379,60.4458],[-1.1306,60.4524]]]},"properties":null,"id":53125},
{"type":"Feature","geometry":{"type":"Polygon","coordinates":[[[-1.1522,60.4471],[-1.1577,60.4438],[-1.158,60.4377],[-1.1485,60.439],[-1.1522,60.4471]]]},"properties":null,"id":53126},
{"type":"Feature","geometry":{"type":"Polygon","coordinates":[[[-0.7719,60.4303],[-0.7789,60.425],[-0.7651,60.4267],[-0.7757,60.4218],[-0.7853,60.4217],[-0.7839,60.4198],[-0.7918,60.417],[-0.799,60.4099],[-0.7883,60.4142],[-0.7892,60.416],[-0.7787,60.4175],[-0.7762,60.4205],[-0.7755,60.4183],[-0.7701,60.4203],[-0.7616,60.4182],[-0.7543,60.4193],[-0.7587,60.4238],[-0.7637,60.4234],[-0.7597,60.4259],[-0.7602,60.4321],[-0.7719,60.4303]]]},"properties":null,"id":53127},
{"type":"Feature","geometry":{"type":"Polygon","coordinates":[[[-0.735,60.4207],[-0.7382,60.423],[-0.734,60.4251],[-0.7382,60.4249],[-0.745,60.4202],[-0.7494,60.4209],[-0.7493,60.4188],[-0.735,60.4207]]]},"properties":null,"id":53129},
{"type":"Feature","geometry":{"type":"Polygon","coordinates":[[[-3.9234,57.8396],[-3.9236,57.8417],[-3.9409,57.8504],[-3.961,57.8539],[-3.976,57.8525],[-3.9511,57.8516],[-3.9234,57.8396]]]},"properties":null,"id":53251},
{"type":"Feature","geometry":{"type":"Polygon","coordinates":[[[-5.5121,56.4846],[-5.5064,56.4865],[-5.5107,56.489],[-5.5162,56.4847],[-5.5102,56.4879],[-5.5121,56.4846]]]},"properties":null,"id":53296},
{"type":"Feature","geometry":{"type":"Polygon","coordinates":[[[-5.2198,57.9365],[-5.212,57.9376],[-5.2173,57.9396],[-5.2082,57.9459],[-5.2102,57.9481],[-5.2393,57.948],[-5.2346,57.9425],[-5.2198,57.9365]]]},"properties":null,"id":53298},
{"type":"Feature","geometry":{"type":"Polygon","coordinates":[[[-5.5889,56.3803],[-5.5646,56.3821],[-5.563,56.3786],[-5.5572,56.3802],[-5.554,56.3773],[-5.5601,56.3705],[-5.5516,56.3728],[-5.535,56.3857],[-5.5367,56.3886],[-5.5257,56.393],[-5.5266,56.3961],[-5.5174,56.3999],[-5.5111,56.4074],[-5.4977,56.4127],[-5.4984,56.4197],[-5.4903,56.4226],[-5.5009,56.4254],[-5.5055,56.4183],[-5.5117,56.4183],[-5.513,56.4146],[-5.5232,56.4111],[-5.5297,56.4117],[-5.53,56.4143],[-5.5431,56.4076],[-5.5512,56.4095],[-5.5629,56.4085],[-5.5674,56.4037],[-5.5654,56.398],[-5.575,56.3979],[-5.5735,56.3922],[-5.5825,56.3911],[-5.5889,56.3803]]]},"properties":null,"id":53350},
{"type":"Feature","geometry":{"type":"Polygon","coordinates":[[[-5.4813,57.8898],[-5.4769,57.8825],[-5.4666,57.8784],[-5.459,57.8785],[-5.4621,57.8805],[-5.4605,57.8892],[-5.4677,57.8987],[-5.4794,57.8984],[-5.4813,57.8898]]]},"properties":null,"id":53351},
{"type":"Feature","geometry":{"type":"Polygon","coordinates":[[[-5.8793,56.6557],[-5.8787,56.6589],[-5.8711,56.6616],[-5.8764,56.6621],[-5.8717,56.6654],[-5.8827,56.6709],[-5.895,56.6627],[-5.8961,56.6549],[-5.8891,56.651],[-5.8793,56.6557]]]},"properties":null,"id":53382},
{"type":"Feature","geometry":{"type":"Polygon","coordinates":[[[-5.9455,56.6861],[-5.9448,56.6781],[-5.938,56.6804],[-5.9409,56.6862],[-5.9455,56.6861]]]},"properties":null,"id":53383},
{"type":"Feature","geometry":{"type":"Polygon","coordinates":[[[-6.0877,55.6435],[-6.0915,55.6381],[-6.083,55.6399],[-6.0831,55.6424],[-6.0831,55.6427],[-6.0833,55.6427],[-6.0877,55.6435]]]},"properties":null,"id":53390},
{"type":"Feature","geometry":{"type":"Polygon","coordinates":[[[-1.4774,60.3248],[-1.4817,60.3204],[-1.4753,60.3176],[-1.4794,60.3138],[-1.4728,60.3109],[-1.4676,60.3132],[-1.4687,60.3195],[-1.4592,60.3184],[-1.4492,60.3237],[-1.4535,60.3247],[-1.4464,60.3274],[-1.438,60.3273],[-1.4428,60.3317],[-1.4468,60.3294],[-1.4473,60.3325],[-1.4481,60.3285],[-1.4536,60.3313],[-1.4561,60.3297],[-1.4566,60.3337],[-1.4628,60.3355],[-1.4711,60.3346],[-1.4707,60.3304],[-1.4739,60.3308],[-1.4785,60.3363],[-1.4695,60.3385],[-1.4743,60.3414],[-1.4834,60.3386],[-1.4822,60.3366],[-1.4864,60.3361],[-1.4824,60.3356],[-1.4889,60.3346],[-1.4854,60.3311],[-1.4913,60.3268],[-1.4818,60.3259],[-1.4738,60.3285],[-1.4726,60.3263],[-1.466,60.3271],[-1.4705,60.3219],[-1.4774,60.3248]]]},"properties":null,"id":53403},
{"type":"Feature","geometry":{"type":"Polygon","coordinates":[[[-3.1006,58.6847],[-3.1077,58.6865],[-3.1164,58.6969],[-3.1225,58.695],[-3.1211,58.6911],[-3.1275,58.686],[-3.1245,58.6821],[-3.1319,58.6806],[-3.1312,58.6743],[-3.1374,58.6696],[-3.1409,58.6705],[-3.1404,58.6677],[-3.1078,58.6706],[-3.1006,58.6847]]]},"properties":null,"id":53587},
{"type":"Feature","geometry":{"type":"Polygon","coordinates":[[[-6.4584,56.2863],[-6.4538,56.2828],[-6.4548,56.2851],[-6.4514,56.2853],[-6.4584,56.2863]]]},"properties":null,"id":53603},
{"type":"Feature","geometry":{"type":"Polygon","coordinates":[[[-5.9055,56.0597],[-5.905,56.0554],[-5.9498,56.0377],[-5.9628,56.0286],[-5.9647,56.0153],[-5.9745,56.0133],[-5.9775,56.0075],[-5.992,55.9987],[-6.0016,55.9883],[-6.0019,55.9838],[-5.9979,55.9826],[-6.0064,55.9731],[-5.9941,55.9757],[-5.9847,55.9708],[-5.9732,55.971],[-5.9675,55.9648],[-5.9595,55.9684],[-5.9503,55.9622],[-5.9387,55.9622],[-5.9402,55.9603],[-5.9291,55.9645],[-5.9299,55.9609],[-5.9246,55.9623],[-5.9143,55.9745],[-5.9111,55.9726],[-5.9071,55.976],[-5.9059,55.9733],[-5.901,55.9768],[-5.8952,55.9743],[-5.8937,55.9766],[-5.8973,55.978],[-5.8936,55.9824],[-5.8893,55.9806],[-5.8931,55.9769],[-5.8852,55.9805],[-5.8885,55.9747],[-5.8834,55.9744],[-5.889,55.971],[-5.8825,55.9699],[-5.8767,55.9763],[-5.8744,55.9749],[-5.8665,55.9776],[-5.8548,55.9903],[-5.8514,55.988],[-5.8547,55.9817],[-5.8479,55.9789],[-5.8663,55.9729],[-5.8656,55.9762],[-5.8735,55.9716],[-5.8786,55.9721],[-5.8846,55.9651],[-5.8865,55.9691],[-5.8929,55.9648],[-5.8979,55.9653],[-5.9062,55.96],[-5.9129,55.9592],[-5.915,55.9563],[-5.9271,55.9598],[-5.9398,55.9547],[-5.9592,55.9564],[-5.9794,55.9491],[-5.9859,55.952],[-5.9969,55.9501],[-6.0005,55.9531],[-6.0168,55.9465],[-6.027,55.947],[-6.0334,55.942],[-6.0427,55.9406],[-6.0655,55.9209],[-6.0736,55.9059],[-6.0787,55.9022],[-6.0854,55.9016],[-6.0937,55.8906],[-6.0917,55.8783],[-6.0966,55.8719],[-6.0864,55.8635],[-6.0914,55.8468],[-6.0864,55.84],[-6.0872,55.8313],[-6.0785,55.8181],[-6.0647,55.8061],[-6.0419,55.8018],[-6.0359,55.7954],[-6.0118,55.7981],[-5.9905,55.7931],[-5.9842,55.7963],[-5.9782,55.7922],[-5.9636,55.7928],[-5.9579,55.8065],[-5.9512,55.8122],[-5.9528,55.8173],[-5.9397,55.826],[-5.9511,55.8346],[-5.9366,55.8674],[-5.9271,55.8718],[-5.9172,55.8726],[-5.9067,55.871],[-5.9061,55.8675],[-5.9027,55.8694],[-5.9021,55.8671],[-5.894,55.8721],[-5.8988,55.8729],[-5.8947,55.8766],[-5.9002,55.8813],[-5.8974,55.8899],[-5.8882,55.8929],[-5.8817,55.8915],[-5.882,55.8842],[-5.887,55.879],[-5.8729,55.8898],[-5.8782,55.8929],[-5.8762,55.9052],[-5.8684,55.9175],[-5.8532,55.9276],[-5.8451,55.9403],[-5.8514,55.9394],[-5.8385,55.955],[-5.8365,55.9708],[-5.8323,55.9715],[-5.8288,55.9683],[-5.8204,55.9731],[-5.7931,56.0132],[-5.7885,56.0133],[-5.7829,56.0175],[-5.7822,56.0137],[-5.7772,56.0162],[-5.7637,56.0355],[-5.756,56.0391],[-5.7555,56.0477],[-5.7082,56.095],[-5.6978,56.1014],[-5.6969,56.1067],[-5.6889,56.1097],[-5.6876,56.114],[-5.6948,56.1213],[-5.6934,56.1243],[-5.6883,56.1243],[-5.6874,56.1292],[-5.6919,56.1293],[-5.6976,56.1443],[-5.7092,56.1497],[-5.7212,56.1483],[-5.7241,56.1443],[-5.7178,56.1403],[-5.7218,56.1377],[-5.7295,56.1419],[-5.7384,56.1413],[-5.7356,56.137],[-5.7448,56.1383],[-5.749,56.1353],[-5.7455,56.1296],[-5.7535,56.1281],[-5.7568,56.1221],[-5.7604,56.1221],[-5.7601,56.1248],[-5.7706,56.1214],[-5.7728,56.1174],[-5.7795,56.1168],[-5.7852,56.1085],[-5.7897,56.1084],[-5.795,56.1136],[-5.8,56.112],[-5.8047,56.1089],[-5.8031,56.1039],[-5.8166,56.1019],[-5.8226,56.0966],[-5.8214,56.0896],[-5.8378,56.0888],[-5.8451,56.0829],[-5.855,56.0818],[-5.8801,56.0693],[-5.9055,56.0597]]]},"properties":null,"id":53742},
{"type":"Feature","geometry":{"type":"Polygon","coordinates":[[[-5.9917,55.7866],[-5.9887,55.7909],[-5.9921,55.7914],[-5.9953,55.7881],[-5.9917,55.7866]]]},"properties":null,"id":53743},
{"type":"Feature","geometry":{"type":"Polygon","coordinates":[[[-6.0345,55.7905],[-6.0352,55.7923],[-6.0396,55.7939],[-6.0404,55.7908],[-6.0345,55.7905]]]},"properties":null,"id":53744},
{"type":"Feature","geometry":{"type":"Polygon","coordinates":[[[-5.8355,56.799],[-5.8563,56.808],[-5.8627,56.8052],[-5.8771,56.8109],[-5.8776,56.8044],[-5.8875,56.7926],[-5.8729,56.7922],[-5.8512,56.786],[-5.8398,56.7872],[-5.8309,56.795],[-5.8269,56.7911],[-5.8092,56.7936],[-5.8262,56.8005],[-5.8321,56.7998],[-5.8339,56.7959],[-5.8355,56.799]]]},"properties":null,"id":53754},
{"type":"Feature","geometry":{"type":"Polygon","coordinates":[[[-6.3885,58.1019],[-6.3859,58.1002],[-6.3773,58.1009],[-6.3885,58.1019]]]},"properties":null,"id":54173},
{"type":"Feature","geometry":{"type":"Polygon","coordinates":[[[-6.375,58.0908],[-6.3712,58.0913],[-6.373,58.0972],[-6.3837,58.0975],[-6.3747,58.093],[-6.375,58.0908]]]},"properties":null,"id":54174},
{"type":"Feature","geometry":{"type":"Polygon","coordinates":[[[-6.3956,58.1033],[-6.3955,58.1033],[-6.3855,58.1034],[-6.3908,58.1091],[-6.395,58.1086],[-6.3956,58.1036],[-6.3956,58.1033]]]},"properties":null,"id":54175},
{"type":"Feature","geometry":{"type":"Polygon","coordinates":[[[-6.9159,58.2848],[-6.9219,58.2854],[-6.9249,58.2832],[-6.9159,58.2848]]]},"properties":null,"id":54244},
{"type":"Feature","geometry":{"type":"Polygon","coordinates":[[[-6.5101,55.6796],[-6.507,55.6802],[-6.5101,55.6773],[-6.5051,55.6745],[-6.4986,55.6751],[-6.4883,55.671],[-6.4819,55.6726],[-6.4744,55.6776],[-6.4745,55.681],[-6.467,55.6816],[-6.4504,55.6906],[-6.4389,55.6928],[-6.4157,55.7055],[-6.3841,55.7311],[-6.3765,55.7398],[-6.3788,55.7416],[-6.3718,55.7447],[-6.3693,55.7566],[-6.3466,55.7842],[-6.3251,55.7869],[-6.3059,55.7825],[-6.2959,55.785],[-6.2799,55.7811],[-6.2611,55.7848],[-6.2584,55.7841],[-6.2596,55.7806],[-6.2529,55.779],[-6.2557,55.7781],[-6.2513,55.7747],[-6.2526,55.7712],[-6.2617,55.7686],[-6.2618,55.7639],[-6.2861,55.7576],[-6.2885,55.7588],[-6.3051,55.7483],[-6.3143,55.7494],[-6.3169,55.745],[-6.3315,55.742],[-6.3333,55.7327],[-6.3401,55.7296],[-6.3357,55.7237],[-6.3413,55.7161],[-6.3297,55.7135],[-6.3232,55.7166],[-6.3124,55.7163],[-6.3114,55.7194],[-6.3115,55.716],[-6.2876,55.7022],[-6.2651,55.675],[-6.2608,55.6588],[-6.2735,55.6495],[-6.3001,55.6505],[-6.309,55.6456],[-6.311,55.6392],[-6.3149,55.639],[-6.316,55.6349],[-6.3227,55.6321],[-6.3216,55.6284],[-6.3286,55.6253],[-6.3276,55.6211],[-6.3336,55.6194],[-6.3324,55.612],[-6.3279,55.6093],[-6.3319,55.6065],[-6.3333,55.6066],[-6.3321,55.5972],[-6.3382,55.5896],[-6.3242,55.5875],[-6.3142,55.5889],[-6.3121,55.5821],[-6.3037,55.5843],[-6.2947,55.5797],[-6.2677,55.5791],[-6.2588,55.5894],[-6.2381,55.5935],[-6.2331,55.6042],[-6.2261,55.6064],[-6.2173,55.618],[-6.2114,55.6203],[-6.2202,55.6266],[-6.2178,55.6305],[-6.194,55.633],[-6.1908,55.6267],[-6.1836,55.6285],[-6.1903,55.6248],[-6.1861,55.6233],[-6.1771,55.6247],[-6.1656,55.6308],[-6.1581,55.6279],[-6.1511,55.6293],[-6.1494,55.6256],[-6.1285,55.6319],[-6.1309,55.6339],[-6.1238,55.6357],[-6.1229,55.6331],[-6.1155,55.6354],[-6.0863,55.649],[-6.0833,55.6427],[-6.0831,55.6424],[-6.0826,55.6414],[-6.0743,55.6423],[-6.0705,55.6518],[-6.0742,55.6519],[-6.0727,55.655],[-6.0784,55.6592],[-6.0717,55.6606],[-6.0719,55.6645],[-6.0657,55.6624],[-6.0657,55.6579],[-6.0611,55.661],[-6.0578,55.6595],[-6.0513,55.6652],[-6.0584,55.6646],[-6.0499,55.6716],[-6.0506,55.6695],[-6.0374,55.678],[-6.0377,55.6737],[-6.0324,55.6749],[-6.0198,55.6848],[-6.0291,55.6822],[-6.0309,55.6836],[-6.0231,55.6884],[-6.0249,55.6958],[-6.0365,55.6923],[-6.0306,55.7013],[-6.0394,55.7038],[-6.0405,55.7097],[-6.0288,55.7236],[-6.0339,55.7307],[-6.0411,55.7307],[-6.0476,55.7344],[-6.0529,55.742],[-6.0469,55.7636],[-6.0633,55.7751],[-6.084,55.7826],[-6.1041,55.8129],[-6.1053,55.836],[-6.1015,55.8404],[-6.1043,55.8489],[-6.1202,55.8823],[-6.1281,55.8843],[-6.1321,55.8897],[-6.1204,55.9216],[-6.1201,55.9344],[-6.1235,55.9374],[-6.1357,55.9374],[-6.1425,55.9334],[-6.1626,55.9335],[-6.1737,55.9258],[-6.1908,55.9247],[-6.1974,55.9267],[-6.2083,55.9152],[-6.2262,55.9099],[-6.229,55.9049],[-6.2418,55.8974],[-6.269,55.889],[-6.2683,55.8821],[-6.286,55.877],[-6.3115,55.8738],[-6.3049,55.8667],[-6.3098,55.857],[-6.3205,55.8496],[-6.3193,55.8419],[-6.3197,55.8415],[-6.3206,55.8413],[-6.3218,55.8418],[-6.3284,55.8336],[-6.3188,55.8219],[-6.3246,55.8238],[-6.3242,55.8249],[-6.3341,55.8245],[-6.3344,55.8223],[-6.335,55.8222],[-6.3345,55.8224],[-6.3351,55.823],[-6.3349,55.8241],[-6.3344,55.8245],[-6.3331,55.8249],[-6.3373,55.825],[-6.3461,55.8345],[-6.3368,55.8555],[-6.338,55.8685],[-6.3263,55.8777],[-6.3218,55.8864],[-6.3276,55.8915],[-6.3344,55.8911],[-6.3511,55.8801],[-6.3587,55.8789],[-6.3563,55.8756],[-6.3709,55.875],[-6.3751,55.8698],[-6.386,55.8668],[-6.3921,55.8581],[-6.4115,55.8558],[-6.4151,55.8518],[-6.4281,55.8607],[-6.4297,55.8583],[-6.4344,55.8592],[-6.436,55.8553],[-6.4553,55.8521],[-6.4522,55.8502],[-6.4558,55.8497],[-6.4552,55.8461],[-6.4512,55.8436],[-6.4566,55.8434],[-6.4591,55.8402],[-6.4513,55.8419],[-6.4575,55.8372],[-6.4551,55.8333],[-6.4598,55.8335],[-6.4566,55.8299],[-6.465,55.8278],[-6.4595,55.8272],[-6.4587,55.8243],[-6.4554,55.8253],[-6.4599,55.8209],[-6.4546,55.8176],[-6.4586,55.8157],[-6.4566,55.8092],[-6.4706,55.8057],[-6.472,55.802],[-6.4823,55.7993],[-6.4809,55.7963],[-6.4853,55.7956],[-6.4825,55.7929],[-6.4871,55.7925],[-6.4842,55.7881],[-6.4732,55.7857],[-6.4622,55.7871],[-6.4572,55.7825],[-6.456,55.7727],[-6.469,55.7616],[-6.4709,55.755],[-6.4702,55.7528],[-6.4611,55.7518],[-6.4815,55.7473],[-6.4863,55.7397],[-6.4969,55.7363],[-6.4969,55.7312],[-6.5037,55.727],[-6.5009,55.7267],[-6.5071,55.7188],[-6.4942,55.7159],[-6.4932,55.7131],[-6.501,55.7092],[-6.4984,55.706],[-6.5129,55.7006],[-6.5155,55.6946],[-6.5198,55.6933],[-6.5214,55.6959],[-6.5257,55.6929],[-6.5213,55.6887],[-6.5138,55.6883],[-6.516,55.6863],[-6.5101,55.6796]]]},"properties":null,"id":54353},
{"type":"Feature","geometry":{"type":"Polygon","coordinates":[[[1.5382,52.0789],[1.5259,52.0805],[1.5142,52.069],[1.5078,52.0673],[1.5029,52.0695],[1.4993,52.0665],[1.5149,52.0677],[1.5382,52.0789]]]},"properties":null,"id":54368},
{"type":"Feature","geometry":{"type":"Polygon","coordinates":[[[-6.3289,55.9033],[-6.3427,55.8999],[-6.3446,55.8972],[-6.3377,55.896],[-6.3289,55.9033]]]},"properties":null,"id":54383},
{"type":"Feature","geometry":{"type":"Polygon","coordinates":[[[-5.182,55.8635],[-5.1691,55.8517],[-5.1554,55.847],[-5.146,55.8519],[-5.1418,55.8512],[-5.1274,55.8429],[-5.1288,55.8396],[-5.1358,55.8389],[-5.1385,55.836],[-5.1431,55.8127],[-5.1411,55.8096],[-5.1402,55.8127],[-5.1353,55.8102],[-5.1381,55.8021],[-5.1357,55.8078],[-5.1268,55.8095],[-5.1227,55.8006],[-5.1289,55.7906],[-5.1204,55.7723],[-5.1169,55.7716],[-5.1028,55.7797],[-5.0946,55.7785],[-5.0924,55.7717],[-5.0766,55.7676],[-5.0745,55.7636],[-5.061,55.7585],[-5.0622,55.7477],[-5.0492,55.7368],[-5.0538,55.7333],[-5.0295,55.7217],[-5.0187,55.7277],[-5.0076,55.7275],[-5.0097,55.7308],[-5.0039,55.7301],[-5.0078,55.7413],[-5.0324,55.7544],[-5.0286,55.7603],[-5.0193,55.7635],[-5.0088,55.7636],[-5.0011,55.77],[-5.0133,55.788],[-5.0135,55.7984],[-5.0223,55.8094],[-5.0248,55.8435],[-5.0314,55.8454],[-5.0517,55.8378],[-5.0589,55.8392],[-5.0623,55.8423],[-5.062,55.8591],[-5.0731,55.8612],[-5.0826,55.8601],[-5.0923,55.8633],[-5.0919,55.8662],[-5.075,55.8742],[-5.0783,55.8814],[-5.087,55.882],[-5.0965,55.8877],[-5.1138,55.8924],[-5.1549,55.9157],[-5.1613,55.9221],[-5.1669,55.9202],[-5.1858,55.9268],[-5.1977,55.9132],[-5.2104,55.91],[-5.2217,55.9008],[-5.2137,55.8977],[-5.2116,55.8838],[-5.2048,55.8823],[-5.1923,55.8673],[-5.182,55.8635]]]},"properties":null,"id":54450},
{"type":"Feature","geometry":{"type":"Polygon","coordinates":[[[-4.9142,55.7448],[-4.9017,55.7529],[-4.8938,55.7654],[-4.9011,55.7721],[-4.8973,55.7816],[-4.8982,55.791],[-4.9022,55.7929],[-4.9082,55.7907],[-4.9163,55.7916],[-4.9296,55.7845],[-4.9312,55.7773],[-4.9434,55.7655],[-4.9508,55.7523],[-4.9476,55.7432],[-4.9439,55.7426],[-4.9373,55.7499],[-4.9157,55.7545],[-4.9142,55.7448]]]},"properties":null,"id":54451},
{"type":"Feature","geometry":{"type":"Polygon","coordinates":[[[-7.2839,57.984],[-7.2872,57.9861],[-7.2858,57.9847],[-7.2938,57.9845],[-7.2881,57.9806],[-7.2839,57.984]]]},"properties":null,"id":54752},
{"type":"Feature","geometry":{"type":"Polygon","coordinates":[[[-3.0455,59.102],[-3.0508,59.1113],[-3.0697,59.1137],[-3.0733,59.1235],[-3.0843,59.124],[-3.0861,59.1199],[-3.0952,59.1182],[-3.116,59.1241],[-3.1316,59.1323],[-3.147,59.1333],[-3.1601,59.1413],[-3.1775,59.1435],[-3.197,59.155],[-3.2105,59.1534],[-3.2229,59.1549],[-3.2279,59.1518],[-3.2379,59.1533],[-3.2443,59.1492],[-3.2692,59.1455],[-3.2771,59.141],[-3.2912,59.1403],[-3.2932,59.1378],[-3.2931,59.1405],[-3.3091,59.1399],[-3.3143,59.1388],[-3.3117,59.1352],[-3.3251,59.136],[-3.3239,59.1342],[-3.3178,59.1321],[-3.3197,59.1231],[-3.3429,59.1152],[-3.3582,59.1037],[-3.3468,59.0983],[-3.353,59.0834],[-3.3467,59.077],[-3.3493,59.0619],[-3.3344,59.0546],[-3.34,59.0494],[-3.3521,59.051],[-3.3578,59.0468],[-3.35,59.0343],[-3.3533,59.0296],[-3.3578,59.0313],[-3.3611,59.0299],[-3.3577,59.0217],[-3.3629,59.0217],[-3.364,59.0185],[-3.3585,59.0168],[-3.366,59.0149],[-3.3572,59.0094],[-3.362,59.0087],[-3.36,59.006],[-3.368,58.9985],[-3.3616,58.993],[-3.3611,58.9794],[-3.352,58.9732],[-3.3554,58.9645],[-3.3448,58.9641],[-3.3331,58.9601],[-3.3306,58.9547],[-3.3076,58.9499],[-3.2937,58.9524],[-3.2989,58.9536],[-3.3011,58.9576],[-3.2967,58.9639],[-3.2955,58.9637],[-3.2953,58.9625],[-3.2933,58.9641],[-3.2935,58.9681],[-3.2894,58.9671],[-3.2917,58.9616],[-3.2795,58.9608],[-3.2745,58.9642],[-3.2636,58.9625],[-3.2668,58.9673],[-3.2621,58.9747],[-3.2542,58.9774],[-3.2519,58.9824],[-3.2479,58.9819],[-3.2465,58.9796],[-3.2505,58.9785],[-3.247,58.9755],[-3.2527,58.9763],[-3.2298,58.9657],[-3.2339,58.9611],[-3.2352,58.9432],[-3.2287,58.9322],[-3.2026,58.9122],[-3.1931,58.9144],[-3.1876,58.9186],[-3.1817,58.9165],[-3.1809,58.9121],[-3.1756,58.9137],[-3.1739,58.9179],[-3.1644,58.9165],[-3.1569,58.9206],[-3.1374,58.9162],[-3.1302,58.917],[-3.1196,58.9204],[-3.1198,58.923],[-3.1283,58.9241],[-3.1281,58.9264],[-3.1133,58.9313],[-3.0979,58.9323],[-3.0859,58.9281],[-3.0784,58.9298],[-3.0791,58.9364],[-3.0908,58.943],[-3.0864,58.9424],[-3.0857,58.9403],[-3.079,58.9422],[-3.066,58.936],[-3.0311,58.9392],[-3.0068,58.9461],[-2.9835,58.9626],[-2.9696,58.9604],[-2.97,58.9564],[-2.9738,58.9569],[-2.97,58.9555],[-2.9729,58.9401],[-2.9546,58.9238],[-2.9493,58.9148],[-2.9327,58.9026],[-2.9352,58.895],[-2.9313,58.8907],[-2.9251,58.892],[-2.9168,58.8897],[-2.9197,58.894],[-2.9119,58.8959],[-2.9104,58.8946],[-2.9102,58.8963],[-2.8973,58.8953],[-2.8958,58.8904],[-2.9062,58.8799],[-2.9241,58.8773],[-2.9234,58.8741],[-2.9159,58.8724],[-2.9134,58.8692],[-2.915,58.8554],[-2.9185,58.8546],[-2.9388,58.8608],[-2.9634,58.8516],[-2.9701,58.8555],[-2.9598,58.8604],[-2.9827,58.857],[-2.9893,58.8527],[-2.9827,58.8487],[-2.9702,58.854],[-2.9573,58.8471],[-2.9333,58.8424],[-2.9141,58.8431],[-2.9072,58.8456],[-2.9026,58.8432],[-2.9106,58.8379],[-2.9475,58.8331],[-2.958,58.826],[-2.9624,58.8269],[-2.9608,58.8353],[-2.964,58.8363],[-2.9871,58.8321],[-2.991,58.8279],[-3.0132,58.8331],[-3.0329,58.8237],[-3.0367,58.8193],[-3.0343,58.816],[-3.0268,58.8171],[-3.0038,58.8268],[-2.9977,58.8239],[-2.9968,58.8184],[-2.9833,58.812],[-2.9811,58.8161],[-2.9742,58.818],[-2.9826,58.806],[-2.9968,58.8006],[-3.0023,58.8008],[-2.9985,58.806],[-3.0102,58.8132],[-3.0157,58.812],[-3.022,58.8052],[-3.0129,58.7968],[-3.0045,58.7973],[-2.9941,58.787],[-2.9791,58.7862],[-2.9827,58.7834],[-2.979,58.7775],[-2.9798,58.7611],[-2.9894,58.7603],[-2.9925,58.754],[-2.9877,58.7531],[-2.9852,58.7478],[-2.9765,58.7454],[-2.9764,58.7388],[-2.9696,58.742],[-2.9655,58.7413],[-2.9643,58.7325],[-2.9588,58.7296],[-2.9404,58.7342],[-2.9268,58.7331],[-2.9223,58.7356],[-2.9166,58.7353],[-2.9162,58.739],[-2.9236,58.7393],[-2.9171,58.7414],[-2.9092,58.7547],[-2.916,58.7583],[-2.9262,58.7596],[-2.9397,58.7672],[-2.9268,58.7736],[-2.9262,58.7793],[-2.921,58.7831],[-2.9216,58.7905],[-2.9299,58.792],[-2.9307,58.7941],[-2.9233,58.8009],[-2.915,58.8011],[-2.9092,58.8061],[-2.9107,58.8103],[-2.8963,58.819],[-2.8889,58.8205],[-2.8849,58.8169],[-2.8779,58.819],[-2.8788,58.8217],[-2.8889,58.8231],[-2.8892,58.8337],[-2.9021,58.8371],[-2.9013,58.8416],[-2.8775,58.8449],[-2.8579,58.8531],[-2.8807,58.8523],[-2.8882,58.8548],[-2.8914,58.8607],[-2.8848,58.8737],[-2.904,58.8725],[-2.9085,58.8689],[-2.913,58.8691],[-2.9154,58.8725],[-2.9035,58.8815],[-2.8837,58.8897],[-2.8953,58.8905],[-2.897,58.8955],[-2.8841,58.9002],[-2.8654,58.8931],[-2.8554,58.8919],[-2.8463,58.8887],[-2.8392,58.8815],[-2.8325,58.8809],[-2.8383,58.8752],[-2.8366,58.8729],[-2.8277,58.8732],[-2.818,58.8814],[-2.8216,58.8869],[-2.812,58.8927],[-2.8019,58.8949],[-2.801,58.9018],[-2.7858,58.9147],[-2.7787,58.9163],[-2.7607,58.9139],[-2.7519,58.9228],[-2.7466,58.9239],[-2.7221,58.9196],[-2.7109,58.9208],[-2.7086,58.9231],[-2.714,58.9298],[-2.7118,58.9342],[-2.7169,58.937],[-2.7167,58.9454],[-2.7058,58.9488],[-2.7094,58.9558],[-2.7034,58.9646],[-2.7077,58.9637],[-2.7127,58.9667],[-2.708,58.9729],[-2.7153,58.973],[-2.7296,58.9653],[-2.7463,58.9645],[-2.7751,58.9553],[-2.7785,58.951],[-2.7922,58.9515],[-2.8053,58.9478],[-2.8074,58.9449],[-2.8029,58.9461],[-2.786,58.9403],[-2.7919,58.9269],[-2.7832,58.9287],[-2.7786,58.9271],[-2.7826,58.9168],[-2.7886,58.9157],[-2.7989,58.9178],[-2.8001,58.9219],[-2.8061,58.9232],[-2.8011,58.9288],[-2.8187,58.9287],[-2.8262,58.9258],[-2.8257,58.9217],[-2.8418,58.9258],[-2.8339,58.9265],[-2.8309,58.9249],[-2.8248,58.9344],[-2.8313,58.9381],[-2.8285,58.9468],[-2.8443,58.9517],[-2.8483,58.9583],[-2.8423,58.96],[-2.843,58.9557],[-2.8419,58.9562],[-2.8368,58.9615],[-2.8348,58.9626],[-2.8312,58.9611],[-2.8199,58.967],[-2.8049,58.9689],[-2.792,58.9654],[-2.7913,58.98],[-2.7966,58.9826],[-2.7998,58.9926],[-2.8069,58.9902],[-2.8111,58.9848],[-2.8256,58.9808],[-2.8428,58.9809],[-2.8555,58.9862],[-2.8657,58.9741],[-2.8773,58.9717],[-2.8713,58.9723],[-2.8675,58.9731],[-2.8703,58.9695],[-2.873,58.9694],[-2.8714,58.9708],[-2.8776,58.9713],[-2.8813,58.9698],[-2.8806,58.9621],[-2.888,58.9603],[-2.8926,58.963],[-2.9131,58.9622],[-2.9189,58.9652],[-2.914,58.9739],[-2.9206,58.9784],[-2.919,58.983],[-2.8997,58.9856],[-2.888,58.9911],[-2.8906,58.9955],[-2.8958,58.9903],[-2.9086,58.9898],[-2.9156,58.9932],[-2.9076,58.9988],[-2.9116,59.006],[-2.9046,59.0082],[-2.8979,59.007],[-2.9016,59.0097],[-2.9158,59.0107],[-2.9217,59.0067],[-2.9279,59.0061],[-2.9314,59.0083],[-2.9266,59.0134],[-2.9324,59.0144],[-2.9439,59.0067],[-2.9478,58.9903],[-2.9587,58.9883],[-2.9545,58.9873],[-2.957,58.9857],[-2.9613,58.9874],[-2.9586,58.9887],[-2.9619,58.9883],[-2.9604,58.9847],[-2.9694,58.9863],[-2.9696,58.9951],[-2.9785,58.9975],[-2.9775,59],[-2.9915,59.0008],[-3.0012,59.0053],[-3.0013,59.0091],[-3.0069,59.0101],[-3.0407,59.0089],[-3.0405,59.0051],[-3.0547,58.9962],[-3.0535,58.9935],[-3.0629,58.9978],[-3.0738,58.9964],[-3.0878,58.9984],[-3.0906,59.0018],[-3.1011,59.0019],[-3.1093,59.0057],[-3.1114,59.0043],[-3.1131,59.0106],[-3.1171,59.0087],[-3.1241,59.0105],[-3.1162,59.0126],[-3.1109,59.0098],[-3.1014,59.0099],[-3.0981,59.0159],[-3.0884,59.0181],[-3.0807,59.0239],[-3.0611,59.0236],[-3.0658,59.0298],[-3.0532,59.036],[-3.0643,59.0459],[-3.0625,59.048],[-3.0665,59.0481],[-3.0651,59.0496],[-3.0597,59.0478],[-3.0619,59.0453],[-3.0561,59.0487],[-3.0387,59.0482],[-3.0213,59.038],[-3.0117,59.0389],[-3.0153,59.0469],[-3.0119,59.0515],[-3.0024,59.0544],[-3.0071,59.0587],[-3.0011,59.0646],[-3.0068,59.0697],[-3.0041,59.0721],[-3.0124,59.0804],[-3.0272,59.081],[-3.0342,59.0865],[-3.0433,59.0887],[-3.0469,59.0954],[-3.0617,59.0961],[-3.0614,59.0997],[-3.0455,59.102]]]},"properties":null,"id":54871},
{"type":"Feature","geometry":{"type":"Polygon","coordinates":[[[-3.3132,58.9394],[-3.3054,58.9242],[-3.2825,58.9198],[-3.2669,58.9238],[-3.2658,58.9299],[-3.2746,58.9364],[-3.2827,58.9323],[-3.3051,58.9406],[-3.3132,58.9394]]]},"properties":null,"id":54927},
{"type":"Feature","geometry":{"type":"Polygon","coordinates":[[[-3.3172,58.9076],[-3.3181,58.9114],[-3.3116,58.9164],[-3.3256,58.9178],[-3.328,58.9224],[-3.3246,58.9261],[-3.3289,58.9289],[-3.3417,58.9291],[-3.3542,58.9323],[-3.3766,58.9254],[-3.3784,58.9226],[-3.3878,58.9218],[-3.3967,58.9241],[-3.4165,58.9111],[-3.4231,58.9011],[-3.4237,58.8907],[-3.4273,58.8867],[-3.4326,58.8873],[-3.4283,58.884],[-3.4355,58.8786],[-3.4346,58.8714],[-3.4212,58.8723],[-3.4037,58.8692],[-3.3911,58.8709],[-3.3795,58.8679],[-3.3756,58.8635],[-3.3789,58.8564],[-3.37,58.8372],[-3.3422,58.8244],[-3.3416,58.8217],[-3.3284,58.8174],[-3.3345,58.8124],[-3.3265,58.81],[-3.3283,58.8079],[-3.3225,58.8053],[-3.3221,58.7964],[-3.3145,58.7945],[-3.3181,58.7933],[-3.311,58.7919],[-3.3064,58.7862],[-3.2978,58.7833],[-3.2936,58.7765],[-3.2778,58.78],[-3.2744,58.7782],[-3.2705,58.7804],[-3.2499,58.7816],[-3.2399,58.776],[-3.242,58.775],[-3.23,58.7718],[-3.2202,58.7761],[-3.2348,58.7815],[-3.2314,58.7852],[-3.2195,58.7842],[-3.2127,58.7804],[-3.1997,58.7786],[-3.2019,58.7775],[-3.1882,58.7771],[-3.1351,58.7851],[-3.1299,58.7879],[-3.1318,58.7898],[-3.1539,58.7868],[-3.1386,58.8021],[-3.1523,58.8064],[-3.1648,58.801],[-3.1811,58.8024],[-3.1966,58.7984],[-3.2069,58.8015],[-3.2246,58.786],[-3.2323,58.7852],[-3.236,58.7833],[-3.2593,58.7869],[-3.2565,58.7903],[-3.2518,58.7905],[-3.2495,58.7989],[-3.2415,58.8027],[-3.2255,58.8023],[-3.2109,58.807],[-3.2035,58.8047],[-3.2015,58.8108],[-3.1694,58.8204],[-3.1785,58.8258],[-3.2053,58.8267],[-3.1905,58.8336],[-3.1909,58.8359],[-3.1962,58.8386],[-3.2109,58.8367],[-3.2168,58.8403],[-3.2165,58.8405],[-3.2145,58.8404],[-3.1997,58.8466],[-3.1978,58.852],[-3.2019,58.856],[-3.2133,58.8577],[-3.217,58.8621],[-3.2211,58.8609],[-3.2209,58.8616],[-3.2192,58.8623],[-3.2123,58.8639],[-3.216,58.8686],[-3.2312,58.8701],[-3.2215,58.8738],[-3.2116,58.8743],[-3.2124,58.8779],[-3.233,58.8876],[-3.2408,58.8872],[-3.2686,58.9],[-3.2856,58.9052],[-3.3172,58.9076]]]},"properties":null,"id":54928},
{"type":"Feature","geometry":{"type":"Polygon","coordinates":[[[-3.1601,58.8335],[-3.1514,58.8366],[-3.1505,58.8422],[-3.1651,58.85],[-3.1608,58.8546],[-3.17,58.8566],[-3.1813,58.8452],[-3.1709,58.8337],[-3.1601,58.8335]]]},"properties":null,"id":54929},
{"type":"Feature","geometry":{"type":"Polygon","coordinates":[[[-3.1248,58.8417],[-3.1297,58.8361],[-3.1423,58.8336],[-3.1478,58.8294],[-3.1389,58.8168],[-3.128,58.8132],[-3.1178,58.8164],[-3.1071,58.8144],[-3.101,58.8203],[-3.0897,58.8151],[-3.0802,58.8141],[-3.0783,58.8168],[-3.0839,58.8252],[-3.0771,58.8316],[-3.0797,58.8327],[-3.1019,58.8287],[-3.1107,58.8313],[-3.1136,58.8369],[-3.1081,58.8385],[-3.0995,58.8353],[-3.0819,58.8435],[-3.0677,58.8436],[-3.0646,58.8451],[-3.0667,58.8485],[-3.0745,58.8491],[-3.1248,58.8417]]]},"properties":null,"id":54930},
{"type":"Feature","geometry":{"type":"Polygon","coordinates":[[[-3.1788,58.8873],[-3.1764,58.8786],[-3.169,58.8719],[-3.1569,58.876],[-3.1574,58.8781],[-3.1788,58.8873]]]},"properties":null,"id":54931},
{"type":"Feature","geometry":{"type":"Polygon","coordinates":[[[-2.5435,59.1237],[-2.5526,59.1199],[-2.5645,59.1203],[-2.5813,59.1175],[-2.5839,59.1144],[-2.5924,59.1147],[-2.6066,59.1245],[-2.6077,59.1287],[-2.602,59.1333],[-2.6052,59.137],[-2.5762,59.1384],[-2.5727,59.1423],[-2.5835,59.1434],[-2.5924,59.1402],[-2.5991,59.1436],[-2.5975,59.1416],[-2.601,59.1409],[-2.6143,59.1446],[-2.6249,59.1433],[-2.6257,59.1499],[-2.6357,59.1557],[-2.6285,59.156],[-2.6207,59.1532],[-2.6245,59.1515],[-2.6214,59.1511],[-2.6173,59.1509],[-2.6163,59.1534],[-2.6297,59.1622],[-2.6444,59.1565],[-2.6481,59.1538],[-2.6544,59.1517],[-2.6733,59.1541],[-2.6752,59.151],[-2.6648,59.1497],[-2.6496,59.1405],[-2.6436,59.1329],[-2.6228,59.125],[-2.6205,59.1184],[-2.6295,59.1102],[-2.6506,59.1125],[-2.6702,59.1087],[-2.6715,59.0975],[-2.6798,59.0955],[-2.6814,59.0893],[-2.6887,59.0866],[-2.6878,59.0768],[-2.6796,59.0743],[-2.6697,59.0772],[-2.6504,59.0762],[-2.6509,59.0813],[-2.6441,59.0878],[-2.6577,59.1003],[-2.6495,59.1047],[-2.6321,59.1077],[-2.6047,59.0967],[-2.6006,59.0878],[-2.6048,59.0844],[-2.6036,59.0798],[-2.6092,59.0763],[-2.6056,59.0719],[-2.5999,59.0713],[-2.5893,59.0773],[-2.5762,59.0758],[-2.5668,59.0841],[-2.5483,59.0828],[-2.5425,59.076],[-2.5371,59.0759],[-2.5364,59.0785],[-2.5395,59.0778],[-2.5427,59.0804],[-2.5352,59.0893],[-2.5271,59.0929],[-2.5349,59.0932],[-2.5504,59.1003],[-2.5471,59.1028],[-2.5522,59.1062],[-2.5528,59.1116],[-2.5451,59.1141],[-2.5441,59.1186],[-2.5372,59.122],[-2.5435,59.1237]]]},"properties":null,"id":54953},
{"type":"Feature","geometry":{"type":"Polygon","coordinates":[[[-2.665,59.128],[-2.6625,59.1353],[-2.6661,59.1404],[-2.6691,59.1337],[-2.6811,59.1348],[-2.677,59.1294],[-2.665,59.128]]]},"properties":null,"id":54954},
{"type":"Feature","geometry":{"type":"Polygon","coordinates":[[[-2.6517,59.162],[-2.6475,59.1651],[-2.6474,59.1705],[-2.6557,59.1647],[-2.6517,59.162]]]},"properties":null,"id":54955},
{"type":"Feature","geometry":{"type":"Polygon","coordinates":[[[-5.8709,57.2466],[-5.881,57.2385],[-5.8985,57.2393],[-5.9047,57.2421],[-5.9142,57.2414],[-5.9047,57.2529],[-5.9221,57.2628],[-5.9363,57.2638],[-5.9366,57.2589],[-5.9688,57.269],[-5.975,57.2701],[-5.9789,57.2674],[-5.9861,57.271],[-5.9939,57.2704],[-6.0216,57.2878],[-6.0368,57.2824],[-6.0435,57.2753],[-6.0488,57.278],[-6.0702,57.2669],[-6.0764,57.2662],[-6.0767,57.2701],[-6.0831,57.2677],[-6.0816,57.2703],[-6.0856,57.271],[-6.0786,57.2766],[-6.0417,57.2933],[-6.0425,57.2961],[-6.051,57.2978],[-6.0481,57.31],[-6.057,57.3137],[-6.0702,57.3145],[-6.0846,57.3098],[-6.1047,57.3149],[-6.1175,57.3137],[-6.1392,57.3064],[-6.1473,57.3],[-6.166,57.2948],[-6.1684,57.2954],[-6.1655,57.296],[-6.1688,57.296],[-6.168,57.2981],[-6.1607,57.2997],[-6.1319,57.3163],[-6.1105,57.3203],[-6.1051,57.3185],[-6.1001,57.3237],[-6.1082,57.3293],[-6.1071,57.3353],[-6.0951,57.3395],[-6.1042,57.3457],[-6.1043,57.3384],[-6.1102,57.3381],[-6.117,57.3418],[-6.1256,57.3537],[-6.1461,57.371],[-6.1441,57.373],[-6.1347,57.3731],[-6.1242,57.3878],[-6.1255,57.3954],[-6.1391,57.4056],[-6.1595,57.4071],[-6.169,57.4026],[-6.1757,57.4023],[-6.1826,57.4075],[-6.1864,57.3979],[-6.2003,57.3912],[-6.2015,57.394],[-6.1968,57.4031],[-6.2003,57.4086],[-6.1978,57.4119],[-6.1908,57.409],[-6.1873,57.4163],[-6.1734,57.4129],[-6.1673,57.4191],[-6.1508,57.4243],[-6.1457,57.4301],[-6.1364,57.4727],[-6.1424,57.4942],[-6.1485,57.5],[-6.1423,57.5105],[-6.1426,57.5382],[-6.1388,57.546],[-6.1443,57.5553],[-6.1431,57.5621],[-6.1488,57.5656],[-6.1372,57.5878],[-6.1416,57.5856],[-6.1506,57.5865],[-6.1569,57.5977],[-6.1703,57.6076],[-6.1759,57.6201],[-6.1913,57.6333],[-6.1961,57.6317],[-6.2066,57.6372],[-6.2156,57.6341],[-6.2354,57.6374],[-6.2365,57.6509],[-6.2466,57.6617],[-6.2511,57.6735],[-6.2612,57.681],[-6.2762,57.6827],[-6.289,57.6916],[-6.3032,57.6916],[-6.2972,57.6944],[-6.2958,57.6989],[-6.2916,57.6987],[-6.2971,57.7076],[-6.3031,57.7053],[-6.3124,57.7071],[-6.3216,57.7033],[-6.322,57.7005],[-6.3302,57.6995],[-6.3383,57.7003],[-6.3502,57.7076],[-6.357,57.7068],[-6.3561,57.7043],[-6.3477,57.7025],[-6.3566,57.6981],[-6.3483,57.6947],[-6.343,57.6875],[-6.3429,57.6844],[-6.3498,57.6842],[-6.3449,57.6807],[-6.3474,57.677],[-6.354,57.671],[-6.3769,57.6612],[-6.4099,57.6603],[-6.4053,57.6503],[-6.4212,57.6482],[-6.4276,57.6423],[-6.3943,57.6128],[-6.3993,57.6079],[-6.3945,57.6003],[-6.3988,57.5962],[-6.3918,57.5916],[-6.3946,57.5849],[-6.3763,57.5863],[-6.3719,57.5842],[-6.3714,57.5857],[-6.3755,57.5878],[-6.3729,57.5894],[-6.3594,57.589],[-6.3727,57.5722],[-6.3802,57.5704],[-6.3806,57.5642],[-6.3843,57.5634],[-6.3939,57.5697],[-6.3986,57.5624],[-6.3953,57.5536],[-6.3827,57.5468],[-6.3839,57.543],[-6.3884,57.5457],[-6.3889,57.5428],[-6.3791,57.5388],[-6.3729,57.5319],[-6.3671,57.5314],[-6.3762,57.5301],[-6.3697,57.5259],[-6.3656,57.5155],[-6.3063,57.4831],[-6.3123,57.4817],[-6.3203,57.4868],[-6.3255,57.486],[-6.3256,57.4799],[-6.3183,57.4729],[-6.3215,57.4643],[-6.3125,57.4549],[-6.3258,57.4584],[-6.3273,57.4741],[-6.3339,57.4804],[-6.3352,57.4901],[-6.3411,57.492],[-6.3407,57.4801],[-6.3434,57.482],[-6.3449,57.4807],[-6.3499,57.4967],[-6.3699,57.5049],[-6.3745,57.5009],[-6.3837,57.5215],[-6.3993,57.5292],[-6.4069,57.5231],[-6.3993,57.5148],[-6.3996,57.509],[-6.4184,57.5058],[-6.4212,57.4987],[-6.436,57.4914],[-6.4311,57.4718],[-6.4342,57.4715],[-6.4405,57.4813],[-6.4512,57.4812],[-6.4254,57.5142],[-6.4281,57.5196],[-6.4378,57.517],[-6.4405,57.5119],[-6.4523,57.5065],[-6.4556,57.5006],[-6.4644,57.4993],[-6.4606,57.504],[-6.4843,57.5222],[-6.4953,57.5248],[-6.5042,57.5341],[-6.5265,57.5406],[-6.5398,57.5479],[-6.5497,57.5442],[-6.5657,57.5483],[-6.5686,57.5723],[-6.5881,57.5937],[-6.6006,57.596],[-6.6133,57.6057],[-6.628,57.6059],[-6.6348,57.6085],[-6.6373,57.6008],[-6.6321,57.5953],[-6.6333,57.5815],[-6.6407,57.5704],[-6.6419,57.5586],[-6.6467,57.5548],[-6.6545,57.5544],[-6.6556,57.5462],[-6.6499,57.5429],[-6.6471,57.5467],[-6.6514,57.5502],[-6.6414,57.552],[-6.6133,57.5374],[-6.6037,57.5359],[-6.5872,57.5241],[-6.5871,57.5189],[-6.573,57.5154],[-6.5602,57.5071],[-6.5668,57.5023],[-6.5631,57.4961],[-6.5679,57.4951],[-6.5666,57.493],[-6.5736,57.494],[-6.5989,57.5099],[-6.6103,57.5075],[-6.6186,57.5016],[-6.6379,57.503],[-6.6364,57.4958],[-6.6259,57.4848],[-6.6233,57.4731],[-6.6133,57.4669],[-6.6154,57.461],[-6.6252,57.4623],[-6.6241,57.4593],[-6.6177,57.458],[-6.6201,57.4567],[-6.6139,57.4572],[-6.6164,57.4564],[-6.6131,57.4549],[-6.6108,57.4576],[-6.607,57.4558],[-6.606,57.4572],[-6.6147,57.4605],[-6.6041,57.4581],[-6.604,57.4607],[-6.5937,57.4537],[-6.5898,57.448],[-6.5901,57.4475],[-6.5927,57.4485],[-6.5915,57.4415],[-6.5748,57.4313],[-6.5819,57.4319],[-6.5816,57.4216],[-6.585,57.4217],[-6.5864,57.4253],[-6.5909,57.4258],[-6.5903,57.4373],[-6.5989,57.445],[-6.6103,57.4472],[-6.6115,57.4394],[-6.6164,57.4393],[-6.6165,57.436],[-6.6238,57.4347],[-6.6486,57.4499],[-6.6543,57.4561],[-6.6522,57.4585],[-6.6607,57.4614],[-6.6666,57.4594],[-6.6669,57.4708],[-6.678,57.4749],[-6.677,57.4791],[-6.6858,57.4834],[-6.6875,57.4903],[-6.6928,57.4895],[-6.6995,57.4965],[-6.7048,57.4969],[-6.705,57.506],[-6.7165,57.5138],[-6.7296,57.5101],[-6.7473,57.5001],[-6.7493,57.4836],[-6.7432,57.4651],[-6.7272,57.457],[-6.72,57.4498],[-6.7422,57.4516],[-6.7467,57.4566],[-6.7635,57.4591],[-6.7808,57.4576],[-6.7855,57.4522],[-6.7801,57.45],[-6.778,57.443],[-6.7862,57.4399],[-6.7876,57.4328],[-6.783,57.4276],[-6.7898,57.4214],[-6.7829,57.4206],[-6.7814,57.4261],[-6.7673,57.429],[-6.761,57.4224],[-6.7514,57.4221],[-6.7426,57.4173],[-6.7288,57.3954],[-6.7389,57.3893],[-6.7177,57.3715],[-6.7082,57.3696],[-6.7005,57.3718],[-6.6979,57.3677],[-6.6861,57.3651],[-6.674,57.357],[-6.6531,57.358],[-6.6487,57.354],[-6.6349,57.3529],[-6.6315,57.35],[-6.6236,57.3506],[-6.5943,57.3369],[-6.5813,57.3367],[-6.5813,57.3328],[-6.5754,57.3343],[-6.5764,57.3322],[-6.5711,57.3326],[-6.5703,57.3364],[-6.5656,57.3361],[-6.5633,57.3385],[-6.568,57.3595],[-6.5619,57.363],[-6.57,57.378],[-6.567,57.3852],[-6.574,57.3882],[-6.5608,57.3914],[-6.5522,57.3854],[-6.5423,57.3971],[-6.5361,57.3957],[-6.5419,57.3907],[-6.534,57.3932],[-6.5323,57.4041],[-6.5374,57.4017],[-6.5365,57.399],[-6.5423,57.3982],[-6.5369,57.4092],[-6.5397,57.4124],[-6.5236,57.4012],[-6.5263,57.3985],[-6.5198,57.398],[-6.5165,57.3932],[-6.5262,57.3832],[-6.5249,57.381],[-6.5175,57.3814],[-6.526,57.3743],[-6.5247,57.3692],[-6.5197,57.3748],[-6.5119,57.3769],[-6.507,57.3841],[-6.5008,57.3844],[-6.4943,57.4021],[-6.4885,57.4035],[-6.4875,57.3977],[-6.4819,57.3958],[-6.4884,57.3882],[-6.4858,57.3806],[-6.4687,57.3776],[-6.4797,57.3715],[-6.4812,57.3672],[-6.4707,57.3615],[-6.4675,57.3634],[-6.4545,57.3599],[-6.4572,57.3498],[-6.4629,57.3476],[-6.4588,57.3473],[-6.4616,57.3416],[-6.4578,57.3392],[-6.4557,57.3443],[-6.4466,57.3482],[-6.4365,57.3452],[-6.4286,57.3496],[-6.4146,57.3491],[-6.4052,57.3594],[-6.3857,57.3638],[-6.3868,57.3619],[-6.3966,57.3583],[-6.3961,57.3599],[-6.4064,57.3529],[-6.4075,57.3455],[-6.3955,57.3434],[-6.4028,57.34],[-6.386,57.3377],[-6.3705,57.3277],[-6.357,57.3232],[-6.3592,57.3202],[-6.3426,57.306],[-6.3322,57.3028],[-6.3119,57.3013],[-6.3111,57.2992],[-6.3146,57.3003],[-6.3131,57.2984],[-6.3183,57.2965],[-6.349,57.3003],[-6.3566,57.3031],[-6.3713,57.3185],[-6.3864,57.3266],[-6.4067,57.3315],[-6.4153,57.3369],[-6.4212,57.3337],[-6.4308,57.34],[-6.4335,57.3363],[-6.4298,57.3351],[-6.4269,57.3229],[-6.4321,57.3225],[-6.4392,57.3267],[-6.4468,57.3207],[-6.4562,57.3224],[-6.4631,57.3161],[-6.4828,57.311],[-6.4822,57.2978],[-6.4791,57.2964],[-6.4818,57.2914],[-6.4764,57.288],[-6.465,57.2882],[-6.458,57.2859],[-6.4571,57.2826],[-6.4617,57.2811],[-6.4512,57.2623],[-6.427,57.2499],[-6.4261,57.2415],[-6.4051,57.2323],[-6.3954,57.2318],[-6.3849,57.2359],[-6.3637,57.2348],[-6.3574,57.2364],[-6.3512,57.2421],[-6.3512,57.25],[-6.3427,57.2514],[-6.3493,57.2301],[-6.3554,57.2277],[-6.382,57.2271],[-6.3877,57.218],[-6.3756,57.2066],[-6.3782,57.2061],[-6.3639,57.1976],[-6.3628,57.1926],[-6.3474,57.1859],[-6.3283,57.1873],[-6.2955,57.2005],[-6.2845,57.1995],[-6.2843,57.1907],[-6.2926,57.1802],[-6.2998,57.1778],[-6.3016,57.1739],[-6.3144,57.1713],[-6.3142,57.1645],[-6.323,57.1635],[-6.3224,57.1601],[-6.3004,57.1611],[-6.2625,57.1692],[-6.236,57.1713],[-6.2116,57.1774],[-6.1865,57.1732],[-6.1712,57.1747],[-6.1655,57.1783],[-6.1666,57.1866],[-6.1623,57.1888],[-6.169,57.1954],[-6.1652,57.199],[-6.1582,57.1941],[-6.1495,57.1952],[-6.1445,57.1869],[-6.1399,57.1882],[-6.1309,57.1843],[-6.1247,57.1867],[-6.1236,57.1935],[-6.1233,57.1917],[-6.1112,57.1896],[-6.1113,57.1781],[-6.1032,57.17],[-6.1087,57.1554],[-6.1071,57.1458],[-6.1135,57.1376],[-6.1078,57.1342],[-6.1,57.1356],[-6.0975,57.1311],[-6.0842,57.1263],[-6.0686,57.14],[-6.0652,57.151],[-6.0558,57.1571],[-6.0482,57.1683],[-6.0487,57.1795],[-6.0367,57.1786],[-6.0291,57.1832],[-6.0235,57.1977],[-6.0275,57.2088],[-6.0369,57.2149],[-6.04,57.2244],[-6.037,57.2275],[-6.0293,57.2242],[-6.0305,57.2215],[-6.022,57.2155],[-6.02,57.2058],[-6.017,57.2041],[-6.0114,57.206],[-6.0029,57.1995],[-6.004,57.1962],[-5.993,57.1856],[-5.9961,57.1735],[-5.9926,57.1688],[-5.9726,57.1679],[-5.9354,57.176],[-5.9216,57.1712],[-5.9017,57.1713],[-5.8975,57.1796],[-5.8779,57.1761],[-5.8627,57.1822],[-5.8583,57.1808],[-5.8379,57.19],[-5.8433,57.1832],[-5.8531,57.1807],[-5.8552,57.1768],[-5.8664,57.1714],[-5.8994,57.1654],[-5.9151,57.1657],[-5.9284,57.1552],[-5.9319,57.1586],[-5.9418,57.1505],[-5.9406,57.1466],[-5.9587,57.1446],[-5.9597,57.141],[-5.9631,57.1427],[-5.9684,57.1411],[-5.9764,57.1366],[-5.9684,57.135],[-5.9753,57.1304],[-5.9819,57.1317],[-5.9977,57.1241],[-6.0051,57.1148],[-6.0029,57.113],[-6.0004,57.1146],[-5.9905,57.1136],[-5.9911,57.1103],[-5.985,57.1073],[-5.9878,57.1047],[-6,57.104],[-5.9987,57.1005],[-6.0081,57.0903],[-6.0095,57.0807],[-6.0027,57.0727],[-6.0143,57.0699],[-6.0252,57.0703],[-6.0326,57.0621],[-6.0315,57.0587],[-6.0383,57.057],[-6.034,57.0505],[-6.0377,57.0476],[-6.0288,57.0401],[-6.0317,57.037],[-6.0254,57.0372],[-6.0229,57.0327],[-6.0167,57.0313],[-6.0203,57.0301],[-6.0171,57.0283],[-6.0232,57.0284],[-6.0176,57.0178],[-6.0108,57.0251],[-6.002,57.0201],[-5.9727,57.0321],[-5.9606,57.0276],[-5.9553,57.0353],[-5.9377,57.0389],[-5.9343,57.042],[-5.9311,57.0409],[-5.9308,57.0436],[-5.923,57.0435],[-5.9145,57.0537],[-5.9105,57.0538],[-5.9051,57.0592],[-5.8994,57.0581],[-5.9039,57.0604],[-5.9019,57.0636],[-5.8937,57.0612],[-5.8987,57.0654],[-5.887,57.0772],[-5.8883,57.0815],[-5.8708,57.0865],[-5.8601,57.102],[-5.8553,57.1032],[-5.8533,57.1116],[-5.8476,57.1122],[-5.8468,57.1117],[-5.8479,57.1099],[-5.8369,57.1082],[-5.8297,57.1095],[-5.8279,57.1076],[-5.816,57.1141],[-5.8137,57.1195],[-5.805,57.1206],[-5.8054,57.1272],[-5.8009,57.1268],[-5.7984,57.1293],[-5.7987,57.1323],[-5.807,57.1311],[-5.806,57.137],[-5.7873,57.1385],[-5.792,57.143],[-5.8012,57.142],[-5.7998,57.1467],[-5.8034,57.1441],[-5.8058,57.1457],[-5.7974,57.1526],[-5.8001,57.1566],[-5.796,57.1602],[-5.8067,57.1753],[-5.8016,57.1767],[-5.7801,57.166],[-5.7724,57.1697],[-5.7611,57.1704],[-5.7484,57.1775],[-5.7173,57.1838],[-5.6979,57.1928],[-5.6934,57.1979],[-5.6691,57.2091],[-5.6693,57.216],[-5.6625,57.2259],[-5.6672,57.2354],[-5.6476,57.2552],[-5.6615,57.2641],[-5.6671,57.2649],[-5.732,57.2608],[-5.711,57.2712],[-5.7163,57.2691],[-5.7207,57.273],[-5.7407,57.2693],[-5.7411,57.2726],[-5.7399,57.2703],[-5.7237,57.274],[-5.7521,57.2731],[-5.7542,57.2749],[-5.7604,57.2715],[-5.7767,57.271],[-5.7924,57.2659],[-5.7919,57.2635],[-5.8108,57.2562],[-5.8231,57.2572],[-5.8636,57.2417],[-5.8587,57.2468],[-5.8482,57.2488],[-5.8515,57.25],[-5.8454,57.2514],[-5.8467,57.2552],[-5.8517,57.2541],[-5.8559,57.2488],[-5.8709,57.2466]]]},"properties":null,"id":55028},
{"type":"Feature","geometry":{"type":"Polygon","coordinates":[[[-5.9202,57.2994],[-5.9303,57.3106],[-5.9614,57.3215],[-5.9687,57.3195],[-5.9785,57.324],[-5.9907,57.3231],[-6.001,57.3254],[-6.0061,57.3232],[-6.0051,57.3198],[-6.0169,57.3197],[-6.0229,57.3045],[-6.0065,57.2909],[-6.0073,57.2886],[-5.9964,57.2863],[-5.9809,57.274],[-5.9448,57.2748],[-5.935,57.2784],[-5.9332,57.2824],[-5.9291,57.2809],[-5.9306,57.2835],[-5.9253,57.2843],[-5.9277,57.2903],[-5.9202,57.2994]]]},"properties":null,"id":55036},
{"type":"Feature","geometry":{"type":"Polygon","coordinates":[[[-5.8912,57.3056],[-5.8834,57.3098],[-5.8941,57.3156],[-5.8965,57.3122],[-5.8912,57.3056]]]},"properties":null,"id":55037},
{"type":"Feature","geometry":{"type":"Polygon","coordinates":[[[-5.8645,57.2685],[-5.8492,57.2717],[-5.8477,57.2748],[-5.8552,57.2827],[-5.87,57.2777],[-5.8645,57.2685]]]},"properties":null,"id":55038},
{"type":"Feature","geometry":{"type":"Polygon","coordinates":[[[-3.1103,54.9465],[-3.1127,54.9439],[-3.1087,54.9404],[-3.0927,54.9449],[-3.0732,54.9455],[-3.0909,54.9483],[-3.0986,54.945],[-3.0912,54.9474],[-3.0914,54.947],[-3.0919,54.9465],[-3.0929,54.9459],[-3.0948,54.9452],[-3.0983,54.9449],[-3.102,54.9459],[-3.1014,54.9443],[-3.1029,54.9451],[-3.1034,54.9457],[-3.1027,54.9426],[-3.1039,54.942],[-3.1058,54.9437],[-3.1064,54.9415],[-3.1068,54.9417],[-3.1069,54.9419],[-3.1065,54.9433],[-3.105,54.9455],[-3.1071,54.9439],[-3.1078,54.9461],[-3.1086,54.9421],[-3.1103,54.9465]]]},"properties":null,"id":55161},
{"type":"Feature","geometry":{"type":"Polygon","coordinates":[[[-4.4503,53.4129],[-4.4549,53.4163],[-4.4677,53.4147],[-4.4756,53.4184],[-4.4717,53.4217],[-4.4781,53.4222],[-4.4804,53.4184],[-4.4859,53.4191],[-4.4887,53.4121],[-4.4977,53.4138],[-4.5083,53.4091],[-4.5141,53.4121],[-4.5101,53.4168],[-4.5283,53.4111],[-4.5299,53.406],[-4.5475,53.4065],[-4.5546,53.4038],[-4.5627,53.4073],[-4.5742,53.4037],[-4.5755,53.3995],[-4.57,53.398],[-4.5722,53.3916],[-4.5652,53.3903],[-4.5674,53.3843],[-4.5629,53.382],[-4.5633,53.3778],[-4.5551,53.3738],[-4.5613,53.3589],[-4.5693,53.3536],[-4.5658,53.3515],[-4.5701,53.3467],[-4.567,53.3441],[-4.5718,53.3401],[-4.5697,53.3371],[-4.5746,53.3332],[-4.5813,53.3343],[-4.5828,53.3257],[-4.5722,53.3243],[-4.5703,53.3185],[-4.562,53.3164],[-4.5666,53.3011],[-4.5627,53.2993],[-4.5581,53.3046],[-4.5579,53.3025],[-4.5504,53.303],[-4.5451,53.3077],[-4.5388,53.3076],[-4.5373,53.312],[-4.5307,53.3091],[-4.5322,53.3084],[-4.5366,53.3097],[-4.5393,53.3069],[-4.5427,53.3068],[-4.5466,53.3005],[-4.5566,53.2981],[-4.5597,53.3008],[-4.5608,53.2959],[-4.575,53.2879],[-4.5835,53.2904],[-4.5762,53.286],[-4.5833,53.2835],[-4.5827,53.2812],[-4.5885,53.2813],[-4.5866,53.2784],[-4.5824,53.2806],[-4.584,53.2777],[-4.5789,53.2743],[-4.5751,53.2755],[-4.5696,53.2724],[-4.5647,53.2758],[-4.5664,53.2685],[-4.5588,53.264],[-4.5544,53.2675],[-4.5507,53.2644],[-4.5546,53.2655],[-4.5602,53.2592],[-4.5485,53.2545],[-4.5554,53.2496],[-4.5365,53.2374],[-4.5246,53.2347],[-4.5211,53.2316],[-4.5237,53.2244],[-4.5155,53.2228],[-4.504,53.2158],[-4.5011,53.2114],[-4.5048,53.2066],[-4.4985,53.2065],[-4.5062,53.1966],[-4.5047,53.1875],[-4.4883,53.1866],[-4.4896,53.179],[-4.4864,53.1773],[-4.4808,53.1808],[-4.4669,53.1822],[-4.4674,53.1852],[-4.462,53.192],[-4.462,53.1907],[-4.4668,53.1842],[-4.4581,53.179],[-4.4561,53.1708],[-4.4502,53.1679],[-4.4538,53.1635],[-4.4507,53.1648],[-4.4409,53.1597],[-4.4434,53.1551],[-4.4284,53.1604],[-4.4268,53.1653],[-4.4142,53.171],[-4.4111,53.1785],[-4.4019,53.1814],[-4.3948,53.1888],[-4.3708,53.198],[-4.3566,53.2018],[-4.3469,53.2026],[-4.3473,53.2024],[-4.356,53.2017],[-4.3623,53.1993],[-4.3704,53.198],[-4.3755,53.195],[-4.3848,53.1917],[-4.3805,53.1826],[-4.3815,53.1803],[-4.3851,53.1812],[-4.39,53.1703],[-4.3917,53.1708],[-4.3917,53.1713],[-4.39,53.1728],[-4.3902,53.1737],[-4.3999,53.1745],[-4.399,53.1699],[-4.4091,53.1655],[-4.4151,53.1669],[-4.4183,53.1605],[-4.4075,53.1437],[-4.3992,53.1451],[-4.3853,53.1428],[-4.3597,53.1318],[-4.3286,53.1264],[-4.3291,53.1295],[-4.3425,53.1343],[-4.3358,53.1453],[-4.3409,53.1486],[-4.3393,53.1532],[-4.3343,53.1548],[-4.3398,53.1483],[-4.3239,53.1484],[-4.323,53.1444],[-4.3032,53.1472],[-4.2824,53.1558],[-4.2738,53.1651],[-4.2445,53.1793],[-4.2187,53.1855],[-4.214,53.1934],[-4.2147,53.2039],[-4.208,53.2118],[-4.2024,53.2155],[-4.1861,53.2173],[-4.1781,53.2237],[-4.1705,53.2252],[-4.1694,53.224],[-4.1714,53.2221],[-4.1634,53.2213],[-4.1566,53.227],[-4.1579,53.2277],[-4.1601,53.2266],[-4.1592,53.2339],[-4.1545,53.2329],[-4.1242,53.2474],[-4.1007,53.2547],[-4.1027,53.2568],[-4.098,53.2611],[-4.0871,53.2634],[-4.0862,53.2748],[-4.0758,53.2811],[-4.0719,53.2895],[-4.0656,53.2946],[-4.0588,53.2954],[-4.0559,53.3032],[-4.0459,53.305],[-4.0402,53.3106],[-4.0569,53.3149],[-4.0711,53.3122],[-4.0984,53.3178],[-4.1197,53.3192],[-4.135,53.3147],[-4.1433,53.3053],[-4.172,53.3031],[-4.1992,53.2968],[-4.2041,53.2922],[-4.2013,53.2954],[-4.2145,53.2988],[-4.2043,53.3138],[-4.2191,53.319],[-4.2247,53.3379],[-4.2303,53.3367],[-4.2338,53.3406],[-4.2285,53.3439],[-4.2355,53.3479],[-4.236,53.3526],[-4.2301,53.3577],[-4.2378,53.3571],[-4.2504,53.3612],[-4.2567,53.3591],[-4.2648,53.3608],[-4.264,53.3672],[-4.2723,53.3747],[-4.28,53.3761],[-4.2763,53.371],[-4.2874,53.3651],[-4.2907,53.3675],[-4.2957,53.3646],[-4.2951,53.366],[-4.2943,53.3665],[-4.2902,53.368],[-4.2825,53.3758],[-4.2777,53.3779],[-4.2694,53.3905],[-4.2702,53.3955],[-4.2757,53.3986],[-4.274,53.4023],[-4.2847,53.407],[-4.2874,53.4171],[-4.2914,53.4175],[-4.293,53.4111],[-4.2973,53.4142],[-4.3037,53.4131],[-4.3253,53.4183],[-4.3344,53.4133],[-4.3333,53.4161],[-4.3316,53.4167],[-4.3388,53.4196],[-4.3564,53.4142],[-4.3657,53.4178],[-4.3682,53.424],[-4.3957,53.426],[-4.4026,53.4209],[-4.4069,53.4229],[-4.4052,53.4273],[-4.4199,53.4261],[-4.4258,53.4301],[-4.4279,53.4275],[-4.4361,53.4281],[-4.451,53.4229],[-4.4455,53.4212],[-4.4527,53.418],[-4.4473,53.4156],[-4.4503,53.4129]]]},"properties":null,"id":55298},
{"type":"Feature","geometry":{"type":"Polygon","coordinates":[[[-4.0319,53.3155],[-4.0275,53.3165],[-4.0205,53.3217],[-4.0299,53.3191],[-4.0319,53.3155]]]},"properties":null,"id":55310},
{"type":"Feature","geometry":{"type":"Polygon","coordinates":[[[-7.1542,57.495],[-7.1435,57.5009],[-7.1576,57.5017],[-7.1583,57.5034],[-7.1634,57.4988],[-7.1542,57.495]]]},"properties":null,"id":55350},
{"type":"Feature","geometry":{"type":"Polygon","coordinates":[[[-7.1436,57.5086],[-7.1495,57.509],[-7.1539,57.5069],[-7.1453,57.5055],[-7.1436,57.5086]]]},"properties":null,"id":55352},
{"type":"Feature","geometry":{"type":"Polygon","coordinates":[[[-6.4573,57.3373],[-6.4638,57.3392],[-6.4701,57.3316],[-6.4633,57.3356],[-6.4573,57.3373]]]},"properties":null,"id":55354},
{"type":"Feature","geometry":{"type":"Polygon","coordinates":[[[-7.2307,57.4378],[-7.2203,57.4373],[-7.2213,57.4381],[-7.2266,57.4379],[-7.2307,57.4378]]]},"properties":null,"id":55392},
{"type":"Feature","geometry":{"type":"Polygon","coordinates":[[[-1.3083,60.6376],[-1.3174,60.6305],[-1.3207,60.6315],[-1.3271,60.6225],[-1.3309,60.6217],[-1.332,60.6256],[-1.3388,60.6249],[-1.3397,60.6271],[-1.3406,60.6243],[-1.3435,60.6278],[-1.35,60.6204],[-1.3508,60.6138],[-1.3406,60.6119],[-1.3328,60.5996],[-1.3386,60.5992],[-1.3393,60.5999],[-1.3377,60.6044],[-1.3432,60.6067],[-1.3486,60.6049],[-1.3497,60.61],[-1.3542,60.608],[-1.3584,60.6102],[-1.3625,60.6057],[-1.3647,60.6095],[-1.3752,60.6058],[-1.3798,60.6096],[-1.385,60.6075],[-1.3901,60.6126],[-1.4035,60.6112],[-1.4055,60.6157],[-1.4212,60.6147],[-1.4222,60.613],[-1.4188,60.6131],[-1.4225,60.6119],[-1.419,60.6113],[-1.4348,60.6032],[-1.4192,60.6038],[-1.4192,60.602],[-1.4369,60.5965],[-1.4453,60.5881],[-1.4435,60.5843],[-1.4389,60.5849],[-1.4339,60.5821],[-1.4345,60.5738],[-1.45,60.5719],[-1.4593,60.5641],[-1.4753,60.5591],[-1.4703,60.5572],[-1.474,60.5522],[-1.4957,60.5467],[-1.4929,60.5437],[-1.4973,60.5417],[-1.4975,60.5367],[-1.4925,60.533],[-1.4822,60.5306],[-1.4674,60.5174],[-1.4554,60.5113],[-1.4451,60.5094],[-1.429,60.5132],[-1.4103,60.5118],[-1.3974,60.5154],[-1.394,60.512],[-1.4137,60.5081],[-1.4273,60.508],[-1.4446,60.5038],[-1.4569,60.5091],[-1.4676,60.5102],[-1.4905,60.5227],[-1.5183,60.5317],[-1.5191,60.5365],[-1.5225,60.5372],[-1.5194,60.5477],[-1.5246,60.5531],[-1.5335,60.5563],[-1.5423,60.55],[-1.5459,60.5514],[-1.5556,60.5484],[-1.5542,60.546],[-1.5598,60.5452],[-1.5619,60.5413],[-1.5604,60.5368],[-1.5664,60.5378],[-1.5693,60.5269],[-1.5647,60.524],[-1.5685,60.5182],[-1.5656,60.5153],[-1.5786,60.5091],[-1.5752,60.5067],[-1.5631,60.5063],[-1.5617,60.5043],[-1.5738,60.5001],[-1.5832,60.5086],[-1.5885,60.5046],[-1.5923,60.5074],[-1.596,60.5058],[-1.6014,60.509],[-1.6107,60.5088],[-1.6252,60.4913],[-1.6199,60.4908],[-1.628,60.4901],[-1.633,60.4872],[-1.6304,60.4815],[-1.6182,60.4807],[-1.6182,60.4781],[-1.6123,60.4771],[-1.6162,60.4741],[-1.6133,60.4733],[-1.6115,60.475],[-1.6059,60.4745],[-1.6061,60.479],[-1.6007,60.4798],[-1.5922,60.477],[-1.5851,60.4817],[-1.5808,60.4797],[-1.5753,60.4804],[-1.5712,60.4764],[-1.5722,60.4791],[-1.5691,60.4787],[-1.5679,60.4824],[-1.5543,60.4907],[-1.5484,60.4898],[-1.5375,60.4793],[-1.5302,60.4819],[-1.519,60.4784],[-1.5023,60.4846],[-1.4963,60.4841],[-1.496,60.4838],[-1.4961,60.483],[-1.4971,60.4823],[-1.4965,60.482],[-1.4973,60.4818],[-1.4963,60.4815],[-1.4978,60.4807],[-1.496,60.4802],[-1.4977,60.4803],[-1.4938,60.4763],[-1.5082,60.4737],[-1.5059,60.4696],[-1.5152,60.4663],[-1.5109,60.4657],[-1.5116,60.4621],[-1.5037,60.4595],[-1.5027,60.4546],[-1.4966,60.4528],[-1.4943,60.4574],[-1.4883,60.4585],[-1.4897,60.4627],[-1.4833,60.4648],[-1.4808,60.4698],[-1.489,60.4733],[-1.4886,60.4755],[-1.477,60.478],[-1.463,60.49],[-1.4537,60.4899],[-1.4653,60.4761],[-1.4655,60.4676],[-1.4525,60.4673],[-1.4379,60.4735],[-1.4304,60.471],[-1.4407,60.4709],[-1.4431,60.4649],[-1.4647,60.4646],[-1.4699,60.4604],[-1.4657,60.4592],[-1.4654,60.452],[-1.4619,60.4533],[-1.4622,60.4499],[-1.4504,60.4515],[-1.446,60.449],[-1.4353,60.4513],[-1.4222,60.4509],[-1.4295,60.4506],[-1.4371,60.4462],[-1.4443,60.4482],[-1.4496,60.4443],[-1.4491,60.4364],[-1.4521,60.4339],[-1.4561,60.4347],[-1.4579,60.43],[-1.4547,60.4239],[-1.4482,60.4234],[-1.4545,60.4191],[-1.4527,60.4157],[-1.4464,60.414],[-1.4408,60.4159],[-1.4305,60.4133],[-1.4277,60.4159],[-1.4197,60.415],[-1.3987,60.4189],[-1.3903,60.4084],[-1.4008,60.4139],[-1.409,60.414],[-1.4157,60.4045],[-1.4008,60.3973],[-1.3918,60.401],[-1.3854,60.3977],[-1.3947,60.3953],[-1.3975,60.3968],[-1.4049,60.3945],[-1.4096,60.3957],[-1.4122,60.389],[-1.405,60.3837],[-1.3776,60.3768],[-1.3662,60.392],[-1.3533,60.3945],[-1.3511,60.3848],[-1.3446,60.3847],[-1.3437,60.3826],[-1.3497,60.3819],[-1.3525,60.3734],[-1.3601,60.373],[-1.3643,60.3693],[-1.3431,60.3652],[-1.3261,60.3687],[-1.3018,60.3698],[-1.2878,60.3635],[-1.2849,60.3567],[-1.2707,60.3559],[-1.2622,60.3515],[-1.2716,60.3498],[-1.3003,60.3607],[-1.3284,60.3574],[-1.3399,60.3597],[-1.3404,60.3568],[-1.334,60.3529],[-1.3383,60.3425],[-1.3313,60.3372],[-1.3401,60.3347],[-1.3452,60.3374],[-1.3478,60.3444],[-1.3556,60.3452],[-1.3701,60.337],[-1.3666,60.3279],[-1.3705,60.3222],[-1.3761,60.3226],[-1.3686,60.32],[-1.3695,60.3112],[-1.3646,60.3046],[-1.3595,60.303],[-1.345,60.3048],[-1.3389,60.3028],[-1.3538,60.3031],[-1.3664,60.2995],[-1.3672,60.2884],[-1.3753,60.285],[-1.3768,60.2852],[-1.3737,60.2871],[-1.3803,60.2874],[-1.3799,60.2996],[-1.3898,60.3053],[-1.385,60.3074],[-1.3877,60.3137],[-1.4122,60.3203],[-1.4194,60.3153],[-1.427,60.3291],[-1.4304,60.3256],[-1.4347,60.3258],[-1.437,60.3214],[-1.4434,60.3225],[-1.4425,60.3205],[-1.4499,60.3229],[-1.4458,60.3189],[-1.4498,60.32],[-1.4473,60.3184],[-1.4556,60.3174],[-1.4649,60.3112],[-1.4501,60.3081],[-1.4462,60.3102],[-1.438,60.3091],[-1.4392,60.3082],[-1.4502,60.3078],[-1.4518,60.3061],[-1.4662,60.3059],[-1.4635,60.3016],[-1.4441,60.3003],[-1.4449,60.2972],[-1.4547,60.2951],[-1.4518,60.2989],[-1.4668,60.2991],[-1.4746,60.3076],[-1.4793,60.3059],[-1.4876,60.3072],[-1.4889,60.3047],[-1.4815,60.303],[-1.4786,60.2933],[-1.4813,60.2909],[-1.4776,60.2909],[-1.4781,60.2888],[-1.4733,60.2879],[-1.4622,60.2926],[-1.4592,60.2888],[-1.4697,60.288],[-1.469,60.2839],[-1.4715,60.2852],[-1.4771,60.2831],[-1.478,60.2767],[-1.4762,60.2817],[-1.4768,60.2796],[-1.4729,60.2805],[-1.4715,60.2779],[-1.4783,60.2743],[-1.4814,60.2747],[-1.4818,60.2833],[-1.4773,60.2858],[-1.4847,60.2861],[-1.4825,60.2888],[-1.4966,60.3174],[-1.5019,60.3171],[-1.5055,60.3194],[-1.5302,60.3126],[-1.5363,60.308],[-1.5445,60.3099],[-1.5507,60.3061],[-1.5508,60.3025],[-1.5544,60.3019],[-1.5488,60.301],[-1.5497,60.299],[-1.5368,60.2992],[-1.5364,60.2926],[-1.5458,60.2971],[-1.5501,60.2955],[-1.5599,60.2976],[-1.5692,60.2947],[-1.5702,60.2996],[-1.5776,60.3023],[-1.5818,60.2994],[-1.5757,60.2977],[-1.5773,60.2947],[-1.5692,60.2932],[-1.5727,60.2875],[-1.5862,60.2965],[-1.5904,60.2948],[-1.5946,60.2969],[-1.5956,60.3007],[-1.5923,60.3004],[-1.5965,60.3038],[-1.5992,60.3024],[-1.5972,60.3057],[-1.6106,60.3095],[-1.6142,60.3054],[-1.6195,60.3066],[-1.6283,60.3046],[-1.6428,60.3079],[-1.6487,60.3034],[-1.6625,60.3039],[-1.6657,60.3057],[-1.669,60.3017],[-1.6857,60.301],[-1.6927,60.2986],[-1.7029,60.2892],[-1.6993,60.2874],[-1.702,60.285],[-1.6837,60.2809],[-1.6796,60.2775],[-1.6881,60.2753],[-1.6859,60.2731],[-1.6895,60.2729],[-1.6839,60.2704],[-1.6883,60.2689],[-1.6858,60.2671],[-1.6897,60.2641],[-1.6966,60.2654],[-1.6899,60.2622],[-1.7041,60.2542],[-1.6864,60.2539],[-1.6865,60.2509],[-1.6936,60.2505],[-1.6981,60.2466],[-1.6906,60.2474],[-1.6898,60.2338],[-1.6846,60.2362],[-1.6788,60.2356],[-1.6773,60.2332],[-1.656,60.2265],[-1.6372,60.2293],[-1.6401,60.2248],[-1.651,60.2224],[-1.651,60.2193],[-1.6359,60.2127],[-1.626,60.2124],[-1.6234,60.2062],[-1.6045,60.2113],[-1.598,60.2102],[-1.5964,60.2141],[-1.6121,60.2201],[-1.5881,60.219],[-1.5876,60.2212],[-1.5935,60.2235],[-1.5751,60.2191],[-1.5638,60.2289],[-1.5629,60.2219],[-1.5572,60.2207],[-1.5522,60.2225],[-1.5509,60.2208],[-1.558,60.2202],[-1.5545,60.2161],[-1.5586,60.215],[-1.5589,60.2071],[-1.5643,60.2037],[-1.5572,60.1989],[-1.5553,60.2025],[-1.5497,60.2011],[-1.5531,60.2031],[-1.5464,60.2107],[-1.5404,60.2103],[-1.5375,60.2156],[-1.5218,60.2187],[-1.5224,60.224],[-1.5175,60.2262],[-1.52,60.2277],[-1.5149,60.2291],[-1.5204,60.229],[-1.5301,60.2338],[-1.5277,60.2415],[-1.5341,60.2467],[-1.5251,60.2429],[-1.5114,60.2419],[-1.522,60.2377],[-1.5157,60.2325],[-1.4929,60.2307],[-1.5055,60.2287],[-1.5067,60.2152],[-1.4704,60.2206],[-1.4749,60.2168],[-1.4984,60.2131],[-1.5043,60.2086],[-1.4992,60.2064],[-1.4823,60.2081],[-1.4842,60.2042],[-1.4946,60.2045],[-1.5158,60.2089],[-1.5305,60.2076],[-1.5341,60.204],[-1.5436,60.2042],[-1.5393,60.2007],[-1.5405,60.1983],[-1.548,60.1973],[-1.544,60.1935],[-1.5489,60.1913],[-1.5438,60.1873],[-1.5471,60.1865],[-1.5406,60.1809],[-1.5323,60.1783],[-1.5337,60.1815],[-1.5295,60.1826],[-1.5274,60.1796],[-1.5241,60.1815],[-1.5219,60.1794],[-1.5118,60.1829],[-1.5103,60.1647],[-1.5067,60.1627],[-1.5037,60.1653],[-1.504,60.1628],[-1.4965,60.1629],[-1.4931,60.1675],[-1.4875,60.1647],[-1.4893,60.1592],[-1.4861,60.1589],[-1.4869,60.1623],[-1.4712,60.1607],[-1.4711,60.1562],[-1.4683,60.1568],[-1.462,60.1518],[-1.4629,60.1462],[-1.4551,60.1482],[-1.4492,60.1616],[-1.4533,60.1763],[-1.4454,60.1751],[-1.4364,60.1853],[-1.4382,60.1886],[-1.4308,60.184],[-1.4385,60.1793],[-1.4358,60.1781],[-1.4389,60.1721],[-1.4338,60.1727],[-1.4351,60.1696],[-1.4279,60.1669],[-1.4232,60.1686],[-1.4221,60.1646],[-1.418,60.1655],[-1.4111,60.1753],[-1.4014,60.1791],[-1.4013,60.1849],[-1.4049,60.184],[-1.4079,60.1862],[-1.3985,60.2173],[-1.3942,60.2165],[-1.3944,60.1999],[-1.3791,60.2031],[-1.3759,60.2089],[-1.3682,60.2096],[-1.3671,60.199],[-1.3735,60.1899],[-1.3695,60.1913],[-1.3673,60.1898],[-1.3606,60.1936],[-1.3635,60.1981],[-1.3608,60.2139],[-1.3732,60.2209],[-1.3762,60.2365],[-1.3879,60.2348],[-1.3993,60.2417],[-1.4062,60.2426],[-1.4152,60.2521],[-1.4351,60.255],[-1.4178,60.2567],[-1.4111,60.2552],[-1.4035,60.2512],[-1.4015,60.2458],[-1.394,60.2441],[-1.3857,60.2453],[-1.3834,60.2489],[-1.3785,60.2494],[-1.3696,60.2458],[-1.3561,60.245],[-1.3523,60.2376],[-1.356,60.2364],[-1.3673,60.2398],[-1.369,60.2347],[-1.3601,60.2285],[-1.362,60.2175],[-1.3481,60.2163],[-1.3476,60.2006],[-1.3163,60.2235],[-1.3138,60.2314],[-1.3049,60.2355],[-1.2923,60.2538],[-1.2943,60.2401],[-1.3068,60.2295],[-1.3026,60.227],[-1.301,60.2179],[-1.3065,60.2165],[-1.3109,60.2012],[-1.3167,60.1965],[-1.3154,60.1915],[-1.3238,60.1798],[-1.3284,60.1642],[-1.3194,60.1704],[-1.3206,60.1747],[-1.2982,60.2111],[-1.2949,60.2061],[-1.2892,60.2105],[-1.2875,60.2175],[-1.2812,60.2162],[-1.2672,60.2377],[-1.2692,60.2257],[-1.2815,60.2107],[-1.2921,60.2032],[-1.2965,60.2058],[-1.3028,60.2007],[-1.3181,60.1722],[-1.3188,60.1603],[-1.316,60.159],[-1.3021,60.1821],[-1.2958,60.1846],[-1.2971,60.1935],[-1.2938,60.1922],[-1.2929,60.1959],[-1.2922,60.1961],[-1.2925,60.194],[-1.2863,60.1965],[-1.2833,60.1951],[-1.2904,60.1867],[-1.2862,60.1859],[-1.2863,60.1832],[-1.2957,60.1695],[-1.3024,60.149],[-1.2911,60.1496],[-1.2905,60.1474],[-1.3058,60.1332],[-1.3044,60.1328],[-1.3021,60.1346],[-1.2976,60.1316],[-1.2875,60.1321],[-1.2845,60.1362],[-1.2788,60.1374],[-1.2753,60.1365],[-1.2766,60.1335],[-1.2707,60.134],[-1.2671,60.1422],[-1.278,60.1014],[-1.2724,60.0979],[-1.2817,60.0967],[-1.2947,60.0694],[-1.303,60.0606],[-1.3086,60.0321],[-1.3213,60.019],[-1.3225,60.0148],[-1.3178,60.0122],[-1.3253,60.0058],[-1.3303,60.0056],[-1.332,60.0094],[-1.3372,60.002],[-1.3418,60.0028],[-1.347,59.9992],[-1.3409,59.9902],[-1.3459,59.9892],[-1.3397,59.9899],[-1.3348,59.9827],[-1.3377,59.9814],[-1.3289,59.9774],[-1.3305,59.9718],[-1.3405,59.9711],[-1.3397,59.974],[-1.3555,59.981],[-1.3554,59.975],[-1.3505,59.9741],[-1.3549,59.9737],[-1.354,59.9715],[-1.3591,59.9731],[-1.3572,59.9697],[-1.3613,59.9694],[-1.3427,59.9669],[-1.3411,59.9696],[-1.3315,59.9689],[-1.3297,59.9654],[-1.3384,59.954],[-1.3309,59.9535],[-1.3286,59.9492],[-1.331,59.9459],[-1.3366,59.9454],[-1.3409,59.9462],[-1.3428,59.95],[-1.3452,59.9427],[-1.3631,59.9448],[-1.3658,59.9348],[-1.3728,59.9337],[-1.3635,59.9309],[-1.3688,59.9258],[-1.3749,59.9261],[-1.3641,59.9201],[-1.3745,59.916],[-1.3804,59.9172],[-1.3824,59.9138],[-1.392,59.9153],[-1.3899,59.9051],[-1.379,59.8945],[-1.3846,59.8899],[-1.3822,59.8907],[-1.3793,59.8875],[-1.3725,59.8916],[-1.3666,59.8904],[-1.3586,59.8929],[-1.3568,59.8872],[-1.35,59.8834],[-1.3443,59.897],[-1.3349,59.899],[-1.3188,59.8971],[-1.3177,59.8903],[-1.313,59.89],[-1.3142,59.886],[-1.3063,59.8816],[-1.3167,59.8695],[-1.3099,59.8632],[-1.3133,59.8555],[-1.3105,59.8569],[-1.3103,59.859],[-1.3069,59.8584],[-1.3067,59.868],[-1.3018,59.8693],[-1.3013,59.8751],[-1.2971,59.8756],[-1.2898,59.8727],[-1.2929,59.8693],[-1.277,59.8575],[-1.278,59.8523],[-1.2722,59.8537],[-1.2699,59.8585],[-1.2746,59.8731],[-1.2688,59.8757],[-1.2733,59.8766],[-1.2839,59.8727],[-1.2863,59.8752],[-1.2797,59.8779],[-1.284,59.8805],[-1.28,59.8827],[-1.2978,59.8823],[-1.3001,59.884],[-1.2937,59.8868],[-1.285,59.8836],[-1.2719,59.8857],[-1.2696,59.8888],[-1.2777,59.8942],[-1.2706,59.8988],[-1.2739,59.9018],[-1.2693,59.908],[-1.2835,59.9143],[-1.292,59.9221],[-1.2904,59.9235],[-1.2761,59.9193],[-1.2715,59.9205],[-1.2675,59.9282],[-1.2704,59.933],[-1.2649,59.9327],[-1.2632,59.9356],[-1.2592,59.9345],[-1.2573,59.936],[-1.2641,59.9508],[-1.2527,59.9546],[-1.2572,59.9604],[-1.2539,59.9611],[-1.2629,59.9652],[-1.2579,59.9675],[-1.2616,59.97],[-1.2565,59.9713],[-1.254,59.9764],[-1.2585,59.9773],[-1.2628,59.975],[-1.2698,59.9782],[-1.2687,59.9845],[-1.2775,59.9901],[-1.2737,59.9921],[-1.2603,59.9887],[-1.2573,59.9955],[-1.2523,59.9965],[-1.2516,59.9929],[-1.2424,59.9921],[-1.2441,59.989],[-1.2397,59.9861],[-1.2426,59.9834],[-1.2341,59.9811],[-1.2285,59.9947],[-1.2211,59.9951],[-1.2178,59.986],[-1.212,59.984],[-1.2139,59.9753],[-1.2069,59.972],[-1.203,59.9727],[-1.209,59.989],[-1.1989,59.9895],[-1.1982,59.9912],[-1.2096,59.9964],[-1.216,60.0066],[-1.2232,60.0075],[-1.2223,60.0147],[-1.228,60.0172],[-1.2333,60.0332],[-1.2146,60.0339],[-1.2155,60.0428],[-1.21,60.0434],[-1.209,60.0465],[-1.2075,60.0455],[-1.2076,60.0419],[-1.2129,60.0408],[-1.2078,60.0352],[-1.2005,60.0384],[-1.1791,60.0374],[-1.1714,60.0335],[-1.1752,60.038],[-1.1714,60.0406],[-1.175,60.0422],[-1.1849,60.0411],[-1.1889,60.0443],[-1.1959,60.0441],[-1.2037,60.0478],[-1.1973,60.0549],[-1.2006,60.0595],[-1.2077,60.0602],[-1.2084,60.0642],[-1.2129,60.0653],[-1.2075,60.0731],[-1.2148,60.072],[-1.2172,60.0737],[-1.2115,60.0771],[-1.2135,60.0827],[-1.2074,60.0852],[-1.2072,60.0899],[-1.2254,60.1002],[-1.2097,60.1026],[-1.2047,60.1075],[-1.1989,60.1069],[-1.1939,60.1173],[-1.2051,60.1231],[-1.2037,60.1304],[-1.1902,60.1283],[-1.1752,60.1194],[-1.1712,60.1247],[-1.1755,60.1295],[-1.1724,60.1412],[-1.1646,60.1407],[-1.1601,60.1295],[-1.1554,60.1286],[-1.1519,60.1331],[-1.16,60.1413],[-1.1599,60.1486],[-1.1493,60.1507],[-1.1374,60.144],[-1.1318,60.1488],[-1.1347,60.1519],[-1.1422,60.1536],[-1.1451,60.1593],[-1.1555,60.1588],[-1.1574,60.1674],[-1.1574,60.1654],[-1.1633,60.1658],[-1.1601,60.1699],[-1.1637,60.1685],[-1.1641,60.1708],[-1.1558,60.1713],[-1.1538,60.1735],[-1.1521,60.1868],[-1.143,60.191],[-1.1588,60.1891],[-1.1589,60.1981],[-1.1517,60.2016],[-1.1536,60.2041],[-1.1701,60.1943],[-1.1772,60.1934],[-1.1817,60.1887],[-1.1941,60.183],[-1.1988,60.1831],[-1.1963,60.1814],[-1.218,60.1713],[-1.2163,60.1761],[-1.21,60.1775],[-1.1872,60.1961],[-1.1876,60.204],[-1.1702,60.2084],[-1.17,60.2109],[-1.1791,60.2096],[-1.181,60.212],[-1.1764,60.2162],[-1.1711,60.2159],[-1.1685,60.2183],[-1.1723,60.2188],[-1.1671,60.2232],[-1.1765,60.2231],[-1.1953,60.2122],[-1.1977,60.2079],[-1.2023,60.2055],[-1.2055,60.2063],[-1.206,60.2033],[-1.2232,60.1984],[-1.2232,60.1986],[-1.2226,60.1988],[-1.2215,60.199],[-1.2198,60.2011],[-1.218,60.2011],[-1.2147,60.2056],[-1.2063,60.2085],[-1.1938,60.2214],[-1.1973,60.2273],[-1.185,60.2322],[-1.1944,60.2358],[-1.2099,60.2283],[-1.2315,60.23],[-1.2292,60.233],[-1.2244,60.2326],[-1.223,60.2368],[-1.2097,60.2375],[-1.1931,60.2458],[-1.1961,60.2534],[-1.2055,60.2538],[-1.2033,60.2632],[-1.2103,60.266],[-1.1997,60.2697],[-1.1924,60.2656],[-1.1916,60.262],[-1.199,60.2592],[-1.1939,60.2555],[-1.1897,60.257],[-1.1919,60.2616],[-1.1812,60.2585],[-1.1649,60.2601],[-1.1691,60.2554],[-1.178,60.2525],[-1.1793,60.242],[-1.1702,60.2383],[-1.1673,60.2427],[-1.1507,60.2435],[-1.1481,60.2469],[-1.1395,60.2494],[-1.1389,60.2508],[-1.1515,60.246],[-1.1544,60.2467],[-1.1451,60.2521],[-1.1441,60.2594],[-1.1304,60.2597],[-1.1228,60.2635],[-1.1162,60.2597],[-1.1018,60.2589],[-1.0963,60.2632],[-1.0994,60.2643],[-1.0966,60.27],[-1.1104,60.266],[-1.1169,60.2713],[-1.1074,60.2758],[-1.1188,60.2759],[-1.1204,60.2731],[-1.1162,60.2728],[-1.1232,60.2709],[-1.1264,60.2708],[-1.1252,60.2731],[-1.1325,60.2715],[-1.1338,60.2736],[-1.1423,60.272],[-1.1461,60.2733],[-1.1456,60.2662],[-1.1487,60.2651],[-1.1466,60.269],[-1.1543,60.2728],[-1.1495,60.2718],[-1.1534,60.2735],[-1.1433,60.2802],[-1.1498,60.2775],[-1.1576,60.2781],[-1.1597,60.2808],[-1.1169,60.3027],[-1.1099,60.3037],[-1.1059,60.3011],[-1.0987,60.3035],[-1.0875,60.2995],[-1.0816,60.3049],[-1.0833,60.3064],[-1.0888,60.3056],[-1.093,60.3101],[-1.0903,60.3189],[-1.0869,60.3183],[-1.0797,60.3225],[-1.084,60.3254],[-1.0998,60.3214],[-1.1099,60.3223],[-1.1107,60.3275],[-1.1186,60.3276],[-1.124,60.3236],[-1.1337,60.3273],[-1.1366,60.3233],[-1.1328,60.3223],[-1.1339,60.3198],[-1.1379,60.3228],[-1.1423,60.3317],[-1.1466,60.3329],[-1.149,60.3283],[-1.1558,60.3378],[-1.1625,60.3344],[-1.1667,60.3234],[-1.1759,60.3306],[-1.1722,60.3389],[-1.1756,60.3471],[-1.1935,60.353],[-1.187,60.3524],[-1.1873,60.3511],[-1.1661,60.3532],[-1.1415,60.349],[-1.13,60.3505],[-1.1174,60.3456],[-1.1093,60.3471],[-1.0996,60.355],[-1.0865,60.3541],[-1.0787,60.3577],[-1.0758,60.3566],[-1.0758,60.3748],[-1.0817,60.375],[-1.0797,60.3806],[-1.0727,60.3852],[-1.0749,60.3884],[-1.0859,60.3862],[-1.098,60.3925],[-1.1059,60.3918],[-1.1081,60.3937],[-1.1286,60.3695],[-1.1314,60.3715],[-1.1335,60.3704],[-1.1292,60.3729],[-1.1322,60.3762],[-1.1273,60.3821],[-1.1367,60.3829],[-1.1397,60.3804],[-1.1412,60.3831],[-1.1214,60.4015],[-1.1125,60.4014],[-1.0856,60.4114],[-1.0853,60.4152],[-1.0711,60.4219],[-1.0706,60.4255],[-1.0561,60.4322],[-1.049,60.44],[-1.0545,60.4419],[-1.0512,60.4496],[-1.057,60.4469],[-1.0654,60.4471],[-1.0694,60.4425],[-1.0714,60.4456],[-1.0793,60.4379],[-1.0895,60.4366],[-1.0907,60.4311],[-1.0995,60.4266],[-1.0971,60.418],[-1.1077,60.418],[-1.1098,60.4152],[-1.1148,60.4175],[-1.1089,60.4246],[-1.1185,60.4295],[-1.1214,60.4198],[-1.1369,60.4118],[-1.1336,60.4069],[-1.1264,60.4084],[-1.1217,60.4044],[-1.1396,60.4001],[-1.1438,60.404],[-1.1521,60.4032],[-1.156,60.3968],[-1.1498,60.3945],[-1.1606,60.3894],[-1.1629,60.3788],[-1.1675,60.3835],[-1.1662,60.3976],[-1.1706,60.3993],[-1.1662,60.401],[-1.171,60.4031],[-1.1695,60.4144],[-1.2166,60.401],[-1.2239,60.4029],[-1.1906,60.4136],[-1.1938,60.42],[-1.2479,60.4043],[-1.2573,60.3993],[-1.255,60.4051],[-1.2302,60.4143],[-1.2056,60.4272],[-1.1865,60.4344],[-1.1838,60.4332],[-1.1811,60.4361],[-1.1662,60.4371],[-1.1646,60.4387],[-1.175,60.4466],[-1.2027,60.4447],[-1.1765,60.4536],[-1.1769,60.4589],[-1.1891,60.4643],[-1.2077,60.4577],[-1.2094,60.4662],[-1.201,60.4715],[-1.2059,60.4833],[-1.229,60.4953],[-1.2435,60.4919],[-1.2465,60.4851],[-1.2612,60.4766],[-1.2703,60.4771],[-1.2725,60.4856],[-1.2802,60.4879],[-1.2811,60.4854],[-1.2873,60.4843],[-1.2883,60.4746],[-1.3029,60.4701],[-1.2994,60.4611],[-1.2882,60.4571],[-1.2767,60.458],[-1.2715,60.4526],[-1.2601,60.4488],[-1.2602,60.4432],[-1.2676,60.4417],[-1.275,60.4461],[-1.2716,60.447],[-1.2774,60.4483],[-1.2817,60.4371],[-1.285,60.4369],[-1.2851,60.4415],[-1.2948,60.4439],[-1.316,60.4375],[-1.33,60.4371],[-1.3439,60.4266],[-1.3466,60.4132],[-1.3425,60.41],[-1.3282,60.4107],[-1.345,60.4075],[-1.3526,60.4003],[-1.3684,60.3983],[-1.3755,60.3938],[-1.3838,60.3975],[-1.3834,60.4041],[-1.3777,60.4033],[-1.3697,60.4055],[-1.3742,60.4081],[-1.3708,60.4143],[-1.3631,60.4114],[-1.3559,60.4133],[-1.3628,60.4203],[-1.3636,60.4293],[-1.363,60.4296],[-1.3577,60.4309],[-1.3563,60.4387],[-1.3447,60.4419],[-1.3383,60.4519],[-1.3496,60.4561],[-1.3393,60.4553],[-1.3345,60.4481],[-1.3235,60.4484],[-1.32,60.4518],[-1.3255,60.4588],[-1.3332,60.4618],[-1.3247,60.4711],[-1.3311,60.4784],[-1.3277,60.4803],[-1.3168,60.4793],[-1.3115,60.4822],[-1.3178,60.4903],[-1.3103,60.4955],[-1.3159,60.4979],[-1.3273,60.4951],[-1.3354,60.4853],[-1.3321,60.4783],[-1.3572,60.4791],[-1.3373,60.4889],[-1.3344,60.502],[-1.3399,60.5015],[-1.3429,60.5036],[-1.3343,60.5069],[-1.3266,60.5067],[-1.3242,60.5099],[-1.3375,60.5195],[-1.3496,60.5192],[-1.357,60.5159],[-1.3612,60.517],[-1.3529,60.5209],[-1.3504,60.5189],[-1.3519,60.5218],[-1.3482,60.5231],[-1.3289,60.523],[-1.3237,60.5254],[-1.3299,60.5289],[-1.3395,60.5299],[-1.3663,60.5266],[-1.358,60.5298],[-1.3531,60.5416],[-1.3417,60.5367],[-1.332,60.5402],[-1.3216,60.5366],[-1.3154,60.5412],[-1.3168,60.5487],[-1.3116,60.5506],[-1.3169,60.5499],[-1.3171,60.5543],[-1.3115,60.5714],[-1.3155,60.5714],[-1.3184,60.5745],[-1.3239,60.5736],[-1.3236,60.5786],[-1.3306,60.5782],[-1.3355,60.5828],[-1.3238,60.5868],[-1.319,60.5833],[-1.3035,60.5954],[-1.3051,60.601],[-1.3093,60.6009],[-1.3036,60.6048],[-1.3055,60.6188],[-1.3004,60.6207],[-1.3035,60.6246],[-1.3044,60.6228],[-1.3094,60.6252],[-1.314,60.6244],[-1.3162,60.6295],[-1.3102,60.6295],[-1.3083,60.6376]]]},"properties":null,"id":55394},
{"type":"Feature","geometry":{"type":"Polygon","coordinates":[[[-7.0751,57.6637],[-7.0676,57.6605],[-7.0747,57.6621],[-7.0714,57.6596],[-7.0767,57.6575],[-7.0731,57.6563],[-7.0686,57.6562],[-7.0649,57.6611],[-7.0751,57.6637]]]},"properties":null,"id":55403},
{"type":"Feature","geometry":{"type":"Polygon","coordinates":[[[-6.303,56.4959],[-6.3079,56.4984],[-6.311,56.4967],[-6.305,56.4931],[-6.303,56.4959]]]},"properties":null,"id":55411},
{"type":"Feature","geometry":{"type":"Polygon","coordinates":[[[-7.059,57.6541],[-7.0543,57.651],[-7.0448,57.6509],[-7.0467,57.661],[-7.0551,57.6622],[-7.0523,57.6591],[-7.0562,57.6572],[-7.0577,57.659],[-7.059,57.6541]]]},"properties":null,"id":55423},
{"type":"Feature","geometry":{"type":"Polygon","coordinates":[[[-7.1242,57.6726],[-7.1239,57.6708],[-7.1143,57.6697],[-7.1151,57.6727],[-7.1191,57.6708],[-7.1242,57.6726]]]},"properties":null,"id":55428},
{"type":"Feature","geometry":{"type":"Polygon","coordinates":[[[-7.1208,57.647],[-7.1214,57.6494],[-7.1288,57.6494],[-7.129,57.6475],[-7.1275,57.6467],[-7.1208,57.647]]]},"properties":null,"id":55439},
{"type":"Feature","geometry":{"type":"Polygon","coordinates":[[[-7.1448,57.6566],[-7.1431,57.6512],[-7.1343,57.6529],[-7.1394,57.6549],[-7.1298,57.6578],[-7.1351,57.6602],[-7.131,57.6598],[-7.1326,57.6621],[-7.1319,57.6622],[-7.1292,57.6609],[-7.1278,57.6629],[-7.134,57.6634],[-7.1448,57.6566]]]},"properties":null,"id":55440},
{"type":"Feature","geometry":{"type":"Polygon","coordinates":[[[-7.1318,57.671],[-7.1398,57.6747],[-7.1431,57.6746],[-7.1385,57.672],[-7.1318,57.671]]]},"properties":null,"id":55442},
{"type":"Feature","geometry":{"type":"Polygon","coordinates":[[[-7.1441,57.6817],[-7.1425,57.6831],[-7.1453,57.688],[-7.1487,57.6859],[-7.1441,57.6817]]]},"properties":null,"id":55444},
{"type":"Feature","geometry":{"type":"Polygon","coordinates":[[[-7.1663,57.6909],[-7.1705,57.6943],[-7.1789,57.695],[-7.1761,57.6926],[-7.1663,57.6909]]]},"properties":null,"id":55445},
{"type":"Feature","geometry":{"type":"Polygon","coordinates":[[[-4.3478,58.5617],[-4.353,58.5613],[-4.3498,58.5629],[-4.3607,58.5601],[-4.3525,58.5576],[-4.3478,58.5617]]]},"properties":null,"id":55533},
{"type":"Feature","geometry":{"type":"Polygon","coordinates":[[[-7.1603,57.592],[-7.158,57.5891],[-7.1556,57.5891],[-7.1544,57.5914],[-7.1603,57.592]]]},"properties":null,"id":55555},
{"type":"Feature","geometry":{"type":"Polygon","coordinates":[[[-7.12,57.6075],[-7.1175,57.61],[-7.1233,57.6108],[-7.1189,57.6123],[-7.1262,57.6181],[-7.1288,57.6158],[-7.1246,57.613],[-7.1297,57.6106],[-7.12,57.6075]]]},"properties":null,"id":55556},
{"type":"Feature","geometry":{"type":"Polygon","coordinates":[[[-7.177,57.6284],[-7.164,57.6228],[-7.1577,57.6247],[-7.1623,57.6276],[-7.1598,57.6291],[-7.1684,57.6297],[-7.1687,57.6272],[-7.1699,57.6295],[-7.177,57.6284]]]},"properties":null,"id":55559},
{"type":"Feature","geometry":{"type":"Polygon","coordinates":[[[-7.1784,57.6211],[-7.1818,57.6231],[-7.1894,57.6212],[-7.1831,57.6196],[-7.1784,57.6211]]]},"properties":null,"id":55560},
{"type":"Feature","geometry":{"type":"Polygon","coordinates":[[[-5.9422,56.6688],[-5.9511,56.6598],[-5.9488,56.6573],[-5.931,56.6581],[-5.9299,56.6621],[-5.9262,56.6572],[-5.9223,56.6589],[-5.9164,56.6572],[-5.922,56.6604],[-5.9179,56.661],[-5.9148,56.6597],[-5.9156,56.6572],[-5.9055,56.6589],[-5.9154,56.6631],[-5.9218,56.6624],[-5.9282,56.6696],[-5.9304,56.6654],[-5.9349,56.6683],[-5.9346,56.6637],[-5.9408,56.6591],[-5.9374,56.6644],[-5.9422,56.6688]]]},"properties":null,"id":55615},
{"type":"Feature","geometry":{"type":"Polygon","coordinates":[[[-6.5657,56.5946],[-6.5605,56.597],[-6.5586,56.5932],[-6.5501,56.5948],[-6.5466,56.6022],[-6.5417,56.6023],[-6.5437,56.6057],[-6.5409,56.6034],[-6.5372,56.6068],[-6.533,56.6052],[-6.5327,56.6107],[-6.5233,56.6132],[-6.5256,56.6282],[-6.5341,56.6394],[-6.525,56.6327],[-6.5186,56.6234],[-6.5088,56.6171],[-6.4992,56.6213],[-6.5005,56.6267],[-6.4935,56.627],[-6.4873,56.635],[-6.4883,56.6394],[-6.4847,56.6388],[-6.4761,56.6496],[-6.4678,56.6535],[-6.4678,56.6591],[-6.4558,56.6701],[-6.4565,56.6759],[-6.4527,56.6748],[-6.456,56.6813],[-6.4521,56.68],[-6.451,56.6816],[-6.4538,56.688],[-6.4705,56.6917],[-6.4734,56.6869],[-6.4782,56.6891],[-6.4866,56.6869],[-6.4948,56.6905],[-6.4923,56.6865],[-6.4979,56.6862],[-6.4944,56.6846],[-6.4921,56.6849],[-6.4928,56.6819],[-6.4978,56.6854],[-6.5039,56.6857],[-6.5007,56.6829],[-6.4994,56.6828],[-6.5087,56.6822],[-6.5066,56.6787],[-6.5086,56.6782],[-6.5102,56.6802],[-6.5129,56.679],[-6.5161,56.6813],[-6.5168,56.6753],[-6.5319,56.6762],[-6.5341,56.6743],[-6.5292,56.6723],[-6.5466,56.6663],[-6.5474,56.66],[-6.5566,56.6614],[-6.5575,56.6589],[-6.5657,56.6586],[-6.5711,56.6492],[-6.5849,56.6502],[-6.5827,56.6462],[-6.5942,56.6452],[-6.5997,56.6381],[-6.6125,56.6376],[-6.6175,56.6317],[-6.6159,56.6236],[-6.6225,56.6194],[-6.6372,56.618],[-6.6348,56.6157],[-6.6393,56.6147],[-6.6443,56.6019],[-6.6585,56.6006],[-6.6554,56.5935],[-6.6713,56.5907],[-6.6788,56.5954],[-6.6953,56.5821],[-6.7036,56.5825],[-6.71,56.5798],[-6.7102,56.5752],[-6.7018,56.5748],[-6.6952,56.5633],[-6.6886,56.563],[-6.6861,56.566],[-6.682,56.565],[-6.6842,56.5695],[-6.6797,56.5716],[-6.6818,56.5783],[-6.6784,56.5815],[-6.6622,56.5845],[-6.6495,56.5835],[-6.6439,56.5783],[-6.6472,56.5735],[-6.6394,56.5729],[-6.6351,56.5788],[-6.6308,56.5784],[-6.63,56.5891],[-6.6221,56.5927],[-6.6178,56.5855],[-6.6205,56.5788],[-6.6125,56.581],[-6.611,56.5753],[-6.6093,56.5781],[-6.6109,56.5799],[-6.6047,56.5824],[-6.601,56.5891],[-6.5998,56.5868],[-6.6008,56.5848],[-6.5995,56.5829],[-6.5917,56.587],[-6.5887,56.5857],[-6.5803,56.5919],[-6.5828,56.5884],[-6.5797,56.5894],[-6.5784,56.5858],[-6.573,56.5877],[-6.5669,56.5865],[-6.5657,56.5946]]]},"properties":null,"id":55622},
{"type":"Feature","geometry":{"type":"Polygon","coordinates":[[[-6.4437,56.6946],[-6.4421,56.698],[-6.4465,56.699],[-6.4493,56.6952],[-6.4437,56.6946]]]},"properties":null,"id":55624},
{"type":"Feature","geometry":{"type":"Polygon","coordinates":[[[-9.8464,53.1426],[-9.8363,53.1434],[-9.8357,53.1487],[-9.8446,53.1471],[-9.8464,53.1426]]]},"properties":null,"id":56618},
{"type":"Feature","geometry":{"type":"Polygon","coordinates":[[[-7.0694,57.7385],[-7.0748,57.7405],[-7.0771,57.7393],[-7.0803,57.7417],[-7.0764,57.742],[-7.0863,57.7497],[-7.0968,57.7452],[-7.0933,57.7395],[-7.0833,57.735],[-7.0766,57.7364],[-7.0623,57.7329],[-7.0612,57.7346],[-7.0739,57.7396],[-7.0694,57.7385]]]},"properties":null,"id":56668},
{"type":"Feature","geometry":{"type":"Polygon","coordinates":[[[-3.9773,52.5423],[-3.9706,52.5445],[-3.9767,52.543],[-3.9751,52.5443],[-3.9821,52.5468],[-3.9845,52.5442],[-3.9795,52.5453],[-3.9773,52.5423]]]},"properties":null,"id":56703},
{"type":"Feature","geometry":{"type":"Polygon","coordinates":[[[-2.5762,59.0302],[-2.572,59.0252],[-2.5587,59.0298],[-2.5599,59.0341],[-2.5674,59.0344],[-2.575,59.0385],[-2.5762,59.0302]]]},"properties":null,"id":56725},
{"type":"Feature","geometry":{"type":"Polygon","coordinates":[[[-7.6834,57.6997],[-7.6896,57.7003],[-7.6915,57.6996],[-7.6866,57.6975],[-7.6834,57.6997]]]},"properties":null,"id":56748},
{"type":"Feature","geometry":{"type":"Polygon","coordinates":[[[-2.6925,58.9014],[-2.7018,58.9026],[-2.7032,58.8998],[-2.6982,58.899],[-2.6925,58.9014]]]},"properties":null,"id":56795},
{"type":"Feature","geometry":{"type":"Polygon","coordinates":[[[-7.2356,57.4508],[-7.2269,57.4488],[-7.2223,57.4502],[-7.2247,57.4515],[-7.2356,57.4508]]]},"properties":null,"id":58187},
{"type":"Feature","geometry":{"type":"Polygon","coordinates":[[[-2.5414,49.5],[-2.5044,49.5],[-2.5048,49.5057],[-2.5155,49.5052],[-2.5186,49.5091],[-2.5204,49.5038],[-2.5265,49.5018],[-2.534,49.5043],[-2.5311,49.5079],[-2.5428,49.5078],[-2.5483,49.5052],[-2.5408,49.503],[-2.5414,49.5]]]},"properties":null,"id":60815},
{"type":"Feature","geometry":{"type":"Polygon","coordinates":[[[-3.8199,56.1093],[-3.8227,56.1021],[-3.8131,56.1035],[-3.8103,56.1087],[-3.8199,56.1093]]]},"properties":null,"id":66539},
{"type":"Feature","geometry":{"type":"Polygon","coordinates":[[[-3.8293,56.1092],[-3.8273,56.1111],[-3.8306,56.114],[-3.8329,56.1099],[-3.8318,56.1091],[-3.8293,56.1092]]]},"properties":null,"id":66820},
{"type":"Feature","geometry":{"type":"Polygon","coordinates":[[[-6.4952,57.0596],[-6.4887,57.0554],[-6.4912,57.0592],[-6.4864,57.0628],[-6.4873,57.0674],[-6.5093,57.0715],[-6.5291,57.0671],[-6.5353,57.0696],[-6.5483,57.0673],[-6.556,57.0697],[-6.5588,57.0688],[-6.5546,57.067],[-6.5601,57.0627],[-6.5957,57.0602],[-6.612,57.051],[-6.6087,57.0459],[-6.5953,57.0418],[-6.581,57.0458],[-6.5683,57.0454],[-6.5596,57.0516],[-6.553,57.0522],[-6.5499,57.0581],[-6.5261,57.0546],[-6.5151,57.0571],[-6.511,57.0538],[-6.5086,57.0567],[-6.4952,57.0596]]]},"properties":null,"id":68002},
{"type":"Feature","geometry":{"type":"Polygon","coordinates":[[[-6.4973,57.0556],[-6.5045,57.0509],[-6.5084,57.0545],[-6.5151,57.0507],[-6.5142,57.0458],[-6.5111,57.0443],[-6.5034,57.0479],[-6.4919,57.0449],[-6.4905,57.0489],[-6.4853,57.049],[-6.4839,57.0444],[-6.4731,57.0458],[-6.4674,57.0432],[-6.4667,57.0487],[-6.4741,57.0504],[-6.4774,57.0482],[-6.4973,57.0556]]]},"properties":null,"id":68003},
{"type":"Feature","geometry":{"type":"Polygon","coordinates":[[[-4.6909,58.5082],[-4.687,58.5087],[-4.6822,58.513],[-4.6892,58.51],[-4.6909,58.5082]]]},"properties":null,"id":68008}
]}